senior_citizen,partner,dependents,tenure,phone_service,multiple_lines,online_security,online_backup,device_protection,tech_support,streaming_tv,streaming_movies,paperless_billing,monthly_charges,total_charges,gender_female,internet_service_dsl,internet_service_fiber_optic,internet_service_no,contract_month-to-month,contract_one_year,contract_two_year,payment_method_bank_transfer_(automatic),payment_method_credit_card_(automatic),payment_method_electronic_check,payment_method_mailed_check,service_count,charge_per_service,has_streaming,has_long_contract,is_auto_payment,fiber_month_to_month,echeck_month_to_month,fiber_no_protection,charge_to_tenure,total_to_monthly_ratio,tenure_bin
0,1,1,65,1,1.0,1.0,1.0,1.0,1.0,0.0,0.0,0,94.55,6078.75,0,0,1,0,0,0,1,0,1,0,0,5.0,15.758333333333333,0,1,1,0,0,0.0,1.4325757575757576,63.61852433281005,3
0,0,0,26,0,0.0,0.0,0.0,1.0,1.0,0.0,0.0,0,35.75,1022.5,0,1,0,0,1,0,0,0,0,1,0,2.0,11.916666666666666,0,0,0,0,1,0.0,1.3240740740740742,27.82312925170068,1
0,1,0,68,1,1.0,0.0,1.0,1.0,1.0,0.0,0.0,0,90.2,6297.65,1,0,1,0,0,0,1,0,1,0,0,4.0,18.04,0,1,1,0,0,0.0,1.3072463768115943,69.0531798245614,3
0,0,0,3,1,0.0,0.0,1.0,0.0,0.0,0.0,1.0,0,84.3,235.05,0,0,1,0,1,0,0,0,0,1,0,2.0,28.099999999999998,1,0,0,1,1,1.0,21.075,2.7555685814771396,0
0,1,0,49,0,0.0,1.0,0.0,0.0,0.0,1.0,0.0,0,40.65,2070.75,1,1,0,0,1,0,0,1,0,0,0,2.0,13.549999999999999,1,0,1,0,0,0.0,0.813,49.71788715486195,2
1,1,0,64,1,0.0,1.0,1.0,1.0,0.0,0.0,1.0,0,97.0,6430.9,1,0,1,0,0,1,0,1,0,0,0,4.0,19.4,1,1,1,0,0,0.0,1.4923076923076923,65.62142857142857,3
0,0,0,7,1,0.0,0.0,0.0,1.0,1.0,1.0,0.0,0,64.3,445.95,0,1,0,0,1,0,0,1,0,0,0,3.0,16.075,1,0,1,0,0,0.0,8.0375,6.829249617151608,0
0,0,0,22,1,0.0,0.0,1.0,0.0,0.0,1.0,1.0,1,93.2,2157.3,0,0,1,0,1,0,0,0,0,0,1,3.0,23.3,1,0,0,1,0,1.0,4.052173913043478,22.90127388535032,1
0,1,1,31,1,0.0,0.0,0.0,1.0,1.0,0.0,0.0,0,54.35,1647.0,0,1,0,0,1,0,0,0,0,0,1,2.0,18.116666666666667,0,0,0,0,0,0.0,1.6984375,29.756097560975608,1
0,0,0,6,0,0.0,0.0,0.0,1.0,0.0,1.0,1.0,1,47.95,305.1,1,1,0,0,1,0,0,0,0,1,0,3.0,11.9875,1,0,0,0,1,0.0,6.8500000000000005,6.232890704800817,0
0,0,1,1,1,0.0,0.0,0.0,0.0,0.0,0.0,0.0,1,19.2,19.2,0,0,0,1,1,0,0,0,0,0,1,0.0,19.2,0,0,0,0,0,0.0,9.6,0.9504950495049505,0
0,0,0,6,1,1.0,1.0,0.0,0.0,0.0,0.0,0.0,1,79.05,434.5,1,0,1,0,1,0,0,0,0,1,0,2.0,26.349999999999998,0,0,0,1,1,0.0,11.292857142857143,5.427857589006871,0
0,0,0,12,1,1.0,1.0,0.0,0.0,0.0,0.0,0.0,1,79.8,1001.2,1,0,1,0,1,0,0,0,0,1,0,2.0,26.599999999999998,0,0,0,1,1,0.0,6.138461538461538,12.391089108910892,0
0,1,0,61,1,1.0,0.0,0.0,1.0,1.0,1.0,1.0,1,106.35,6751.35,1,0,1,0,1,0,0,0,0,1,0,5.0,17.724999999999998,1,0,0,1,1,0.0,1.7153225806451613,62.89101071262227,3
0,0,0,43,1,0.0,0.0,0.0,0.0,0.0,0.0,0.0,1,19.65,779.25,1,0,0,1,0,0,1,1,0,0,0,0.0,19.65,0,1,1,0,0,0.0,0.44659090909090904,37.7360774818402,2
1,0,0,30,0,0.0,0.0,0.0,1.0,0.0,1.0,0.0,1,40.3,1172.95,1,1,0,0,1,0,0,0,0,1,0,2.0,13.433333333333332,1,0,0,0,1,0.0,1.2999999999999998,28.40072639225182,1
0,0,0,22,1,0.0,0.0,1.0,0.0,1.0,0.0,0.0,1,55.15,1193.05,0,1,0,0,0,1,0,0,1,0,0,2.0,18.383333333333333,0,1,1,0,0,0.0,2.3978260869565218,21.24755120213713,1
0,1,1,52,1,1.0,0.0,0.0,0.0,0.0,0.0,0.0,0,23.05,1255.1,1,0,0,1,0,0,1,0,0,0,1,1.0,11.525,0,1,0,0,0,0.0,0.4349056603773585,52.18711018711018,2
0,0,0,1,1,0.0,0.0,0.0,0.0,0.0,0.0,1.0,1,56.25,56.25,1,1,0,0,1,0,0,0,0,1,0,1.0,28.125,1,0,0,0,1,0.0,28.125,0.982532751091703,0
0,0,0,57,1,1.0,0.0,1.0,0.0,1.0,0.0,1.0,0,94.7,5468.95,1,0,1,0,0,1,0,0,0,1,0,4.0,18.94,1,1,0,0,0,0.0,1.6327586206896552,57.14681295715778,2
0,1,0,72,0,0.0,0.0,1.0,1.0,0.0,1.0,1.0,1,54.2,3937.45,1,1,0,0,0,0,1,0,0,1,0,4.0,10.84,1,1,0,0,0,0.0,0.7424657534246576,71.33061594202898,3
0,0,0,42,1,0.0,0.0,1.0,1.0,1.0,1.0,1.0,1,103.8,4327.5,1,0,1,0,1,0,0,1,0,0,0,5.0,17.3,1,0,1,1,0,0.0,2.413953488372093,41.29293893129771,2
0,1,1,15,1,0.0,0.0,0.0,0.0,0.0,0.0,0.0,0,19.8,272.95,1,0,0,1,1,0,0,0,0,0,1,0.0,19.8,0,0,0,0,0,0.0,1.2375,13.122596153846153,1
0,1,1,64,1,0.0,1.0,1.0,0.0,0.0,0.0,0.0,0,81.05,5135.35,0,0,1,0,1,0,0,0,0,1,0,2.0,27.016666666666666,0,0,0,1,1,0.0,1.2469230769230768,62.588056063375994,3
1,1,1,47,1,0.0,0.0,1.0,0.0,0.0,1.0,0.0,1,84.95,4018.05,0,0,1,0,0,1,0,1,0,0,0,2.0,28.316666666666666,1,1,1,0,0,1.0,1.7697916666666667,46.74869109947644,2
0,1,1,2,0,0.0,0.0,0.0,0.0,1.0,0.0,0.0,0,29.05,44.75,1,1,0,0,1,0,0,1,0,0,0,1.0,14.525,0,0,1,0,0,0.0,9.683333333333334,1.4891846921797005,0
0,0,0,1,1,0.0,0.0,0.0,0.0,0.0,0.0,0.0,0,20.2,20.2,0,0,0,1,1,0,0,0,0,0,1,0.0,20.2,0,0,0,0,0,0.0,10.1,0.9528301886792453,0
0,0,0,1,1,0.0,1.0,0.0,0.0,0.0,0.0,0.0,1,50.7,50.7,0,1,0,0,1,0,0,0,0,0,1,1.0,25.35,0,0,0,0,0,0.0,25.35,0.9806576402321083,0
0,1,1,72,1,1.0,1.0,1.0,1.0,1.0,1.0,1.0,1,113.1,8248.5,1,0,1,0,0,0,1,1,0,0,0,7.0,14.1375,1,1,1,0,0,0.0,1.5493150684931507,72.29184925503944,3
0,1,1,32,1,1.0,1.0,0.0,0.0,0.0,1.0,0.0,0,89.6,2901.8,1,0,1,0,1,0,0,0,0,1,0,3.0,22.4,1,0,0,1,1,0.0,2.715151515151515,32.02869757174393,1
1,1,0,1,1,1.0,0.0,0.0,0.0,0.0,0.0,0.0,1,74.45,74.45,1,0,1,0,1,0,0,0,0,1,0,1.0,37.225,0,0,0,1,1,1.0,37.225,0.9867461895294898,0
0,1,0,71,0,0.0,1.0,1.0,1.0,1.0,0.0,0.0,1,47.6,3377.8,1,1,0,0,0,0,1,1,0,0,0,4.0,9.52,0,1,1,0,0,0.0,0.6611111111111111,69.50205761316873,3
0,1,1,15,1,0.0,1.0,0.0,0.0,0.0,0.0,0.0,0,75.1,1151.55,0,0,1,0,1,0,0,0,0,0,1,1.0,37.55,0,0,0,1,0,0.0,4.69375,15.132063074901446,1
0,1,0,47,1,1.0,0.0,0.0,0.0,0.0,1.0,1.0,1,95.2,4563.0,0,0,1,0,0,1,0,0,1,0,0,3.0,23.8,1,1,1,0,0,1.0,1.9833333333333334,47.43243243243243,2
0,1,1,34,1,1.0,0.0,1.0,0.0,0.0,1.0,1.0,1,97.7,3410.0,0,0,1,0,1,0,0,1,0,0,0,4.0,19.54,1,0,1,1,0,1.0,2.7914285714285714,34.549138804457954,1
0,1,1,50,1,1.0,0.0,1.0,1.0,0.0,1.0,1.0,1,103.85,5017.9,0,0,1,0,1,0,0,1,0,0,0,5.0,17.308333333333334,1,0,1,1,0,1.0,2.0362745098039214,47.85789222699094,2
0,0,0,10,1,0.0,0.0,0.0,0.0,0.0,0.0,0.0,0,20.0,198.7,0,0,0,1,1,0,0,0,1,0,0,0.0,20.0,0,0,1,0,0,0.0,1.8181818181818181,9.461904761904762,0
1,0,0,8,1,0.0,0.0,0.0,1.0,0.0,1.0,1.0,1,92.1,729.95,1,0,1,0,1,0,0,0,0,1,0,3.0,23.025,1,0,0,1,1,1.0,10.233333333333333,7.840494092373793,0
0,1,1,23,1,0.0,0.0,0.0,0.0,0.0,0.0,0.0,0,19.65,436.9,0,0,0,1,0,1,0,0,0,0,1,0.0,19.65,0,1,0,0,0,0.0,0.81875,21.15738498789346,1
0,0,0,7,1,0.0,0.0,0.0,1.0,0.0,0.0,0.0,1,74.9,490.55,0,0,1,0,1,0,0,0,0,1,0,1.0,37.45,0,0,0,1,1,1.0,9.3625,6.463109354413702,0
0,1,0,23,1,1.0,0.0,1.0,1.0,0.0,0.0,0.0,0,84.25,1968.1,0,0,1,0,1,0,0,0,0,1,0,3.0,21.0625,0,0,0,1,1,1.0,3.5104166666666665,23.086217008797654,1
0,1,1,72,1,1.0,1.0,1.0,1.0,1.0,1.0,1.0,0,90.95,6652.45,1,1,0,0,0,0,1,0,1,0,0,7.0,11.36875,1,1,1,0,0,0.0,1.2458904109589042,72.34855899945622,3
0,0,0,30,1,0.0,0.0,0.0,0.0,1.0,1.0,0.0,0,85.15,2555.9,1,0,1,0,1,0,0,0,0,1,0,2.0,28.383333333333336,1,0,0,1,1,0.0,2.7467741935483874,29.6680208937899,1
1,1,0,31,0,0.0,1.0,1.0,1.0,0.0,0.0,1.0,1,50.4,1580.1,1,1,0,0,0,1,0,0,1,0,0,4.0,10.08,1,1,1,0,0,0.0,1.575,30.74124513618677,1
0,0,0,3,1,1.0,0.0,1.0,1.0,0.0,1.0,1.0,0,107.95,313.6,0,0,1,0,1,0,0,0,0,0,1,5.0,17.991666666666667,1,0,0,1,0,1.0,26.9875,2.878384580082607,0
1,0,0,24,1,0.0,0.0,0.0,0.0,0.0,0.0,0.0,1,20.3,459.95,1,0,0,1,1,0,0,0,0,0,1,0.0,20.3,0,0,0,0,0,0.0,0.812,21.593896713615024,1
0,0,0,62,1,0.0,1.0,1.0,0.0,0.0,1.0,1.0,1,74.3,4698.05,0,1,0,0,0,1,0,0,1,0,0,4.0,14.86,1,1,1,0,0,0.0,1.1793650793650794,62.39110225763613,3
0,1,1,37,0,0.0,1.0,1.0,1.0,0.0,0.0,0.0,0,40.2,1448.8,0,1,0,0,1,0,0,1,0,0,0,3.0,10.05,0,0,1,0,0,0.0,1.0578947368421054,35.165048543689316,2
0,0,0,62,1,0.0,0.0,0.0,0.0,0.0,0.0,0.0,1,19.2,1123.65,1,0,0,1,0,0,1,0,1,0,0,0.0,19.2,0,1,1,0,0,0.0,0.30476190476190473,55.626237623762385,3
0,0,0,11,1,0.0,1.0,0.0,0.0,0.0,0.0,0.0,1,73.5,791.75,0,0,1,0,1,0,0,0,0,1,0,1.0,36.75,0,0,0,1,1,0.0,6.125,10.62751677852349,0
0,0,0,10,0,0.0,0.0,1.0,0.0,1.0,0.0,0.0,0,36.25,374.0,1,1,0,0,1,0,0,0,0,1,0,2.0,12.083333333333334,0,0,0,0,1,0.0,3.2954545454545454,10.04026845637584,0
0,0,0,37,1,1.0,0.0,1.0,1.0,0.0,1.0,1.0,1,101.9,3545.35,1,0,1,0,1,0,0,1,0,0,0,5.0,16.983333333333334,1,0,1,1,0,1.0,2.681578947368421,34.45432458697765,2
1,0,0,72,1,1.0,0.0,0.0,0.0,0.0,0.0,0.0,1,25.1,1789.9,0,0,0,1,0,0,1,0,1,0,0,1.0,12.55,0,1,1,0,0,0.0,0.3438356164383562,68.57854406130268,3
0,0,0,19,1,1.0,1.0,0.0,1.0,0.0,0.0,0.0,1,84.75,1651.95,0,0,1,0,1,0,0,0,0,1,0,3.0,21.1875,0,0,0,1,1,0.0,4.2375,19.26472303206997,1
0,0,0,1,1,0.0,0.0,0.0,0.0,0.0,0.0,0.0,1,19.6,19.6,1,0,0,1,1,0,0,0,0,0,1,0.0,19.6,0,0,0,0,0,0.0,9.8,0.9514563106796117,0
0,1,0,23,1,1.0,0.0,0.0,0.0,1.0,1.0,1.0,1,73.65,1642.75,1,1,0,0,1,0,0,0,1,0,0,4.0,14.73,1,0,1,0,0,0.0,3.06875,22.0060281312793,1
1,1,0,43,1,1.0,1.0,0.0,1.0,1.0,1.0,1.0,1,109.55,4830.25,1,0,1,0,0,1,0,0,0,0,1,6.0,15.65,1,1,0,0,0,0.0,2.4897727272727272,43.69289914066034,2
0,0,0,46,1,1.0,0.0,1.0,1.0,0.0,1.0,0.0,1,94.9,4422.95,0,0,1,0,0,1,0,0,1,0,0,4.0,18.98,1,1,1,0,0,1.0,2.019148936170213,46.12043795620438,2
0,0,1,9,1,0.0,0.0,0.0,0.0,0.0,0.0,0.0,0,20.4,184.1,0,0,0,1,1,0,0,0,0,0,1,0.0,20.4,0,0,0,0,0,0.0,2.04,8.602803738317757,0
0,1,1,24,1,0.0,0.0,0.0,0.0,0.0,0.0,0.0,1,19.7,494.05,1,0,0,1,0,0,1,0,0,0,1,0.0,19.7,0,1,0,0,0,0.0,0.7879999999999999,23.867149758454108,1
1,0,0,8,1,1.0,0.0,0.0,0.0,1.0,1.0,1.0,1,100.15,908.55,1,0,1,0,1,0,0,0,1,0,0,4.0,20.03,1,0,1,1,0,0.0,11.127777777777778,8.982204646564508,0
0,1,1,10,1,1.0,0.0,0.0,0.0,0.0,0.0,1.0,0,85.95,858.6,1,0,1,0,1,0,0,0,0,1,0,2.0,28.650000000000002,1,0,0,1,1,1.0,7.8136363636363635,9.874640598044854,0
0,1,1,71,1,0.0,1.0,0.0,1.0,1.0,0.0,1.0,1,70.85,4973.4,0,1,0,0,0,0,1,0,1,0,0,4.0,14.169999999999998,1,1,1,0,0,0.0,0.9840277777777777,69.21920668058455,3
0,1,1,5,0,0.0,0.0,1.0,0.0,0.0,0.0,0.0,1,30.5,167.2,1,1,0,0,1,0,0,0,0,1,0,1.0,15.25,0,0,0,0,1,0.0,5.083333333333333,5.307936507936508,0
1,1,0,41,1,1.0,1.0,0.0,1.0,0.0,0.0,0.0,1,83.75,3273.55,0,0,1,0,1,0,0,1,0,0,0,3.0,20.9375,0,0,1,1,0,0.0,1.994047619047619,38.6259587020649,2
0,1,1,58,1,1.0,1.0,1.0,1.0,1.0,0.0,0.0,0,71.6,4230.25,0,1,0,0,0,0,1,0,1,0,0,5.0,11.933333333333332,0,1,1,0,0,0.0,1.2135593220338983,58.26790633608816,2
0,0,0,3,1,0.0,0.0,0.0,1.0,0.0,1.0,1.0,1,69.95,220.45,1,1,0,0,0,1,0,0,0,1,0,3.0,17.4875,1,1,0,0,0,0.0,17.4875,3.107117688513037,0
0,1,1,67,1,0.0,0.0,0.0,0.0,0.0,0.0,0.0,1,19.4,1284.2,0,0,0,1,0,0,1,0,1,0,0,0.0,19.4,0,1,1,0,0,0.0,0.2852941176470588,62.95098039215687,3
0,0,0,13,0,0.0,1.0,0.0,0.0,0.0,0.0,0.0,1,30.85,394.1,1,1,0,0,1,0,0,1,0,0,0,1.0,15.425,0,0,1,0,0,0.0,2.2035714285714287,12.373626373626374,1
0,1,1,1,1,0.0,0.0,0.0,0.0,0.0,0.0,0.0,1,20.2,20.2,0,0,0,1,0,1,0,0,0,1,0,0.0,20.2,0,1,0,0,0,0.0,10.1,0.9528301886792453,0
0,1,1,71,1,0.0,1.0,1.0,1.0,1.0,1.0,0.0,0,100.2,7209.0,0,0,1,0,0,0,1,0,1,0,0,5.0,16.7,1,1,1,0,0,0.0,1.3916666666666666,71.23517786561264,3
0,0,0,8,1,0.0,0.0,0.0,0.0,0.0,0.0,1.0,1,54.75,438.05,0,1,0,0,1,0,0,0,1,0,0,1.0,27.375,1,0,1,0,0,0.0,6.083333333333333,7.857399103139014,0
0,0,0,28,1,0.0,0.0,1.0,0.0,1.0,1.0,0.0,1,91.25,2483.65,0,0,1,0,0,1,0,1,0,0,0,3.0,22.8125,1,1,1,0,0,0.0,3.146551724137931,26.923035230352305,1
0,1,0,71,1,1.0,0.0,0.0,0.0,0.0,0.0,0.0,0,23.85,1672.1,1,0,0,1,0,0,1,0,0,0,1,1.0,11.925,0,1,0,0,0,0.0,0.33125000000000004,67.28772635814889,3
0,0,0,67,1,1.0,1.0,1.0,1.0,1.0,1.0,1.0,1,118.35,7804.15,0,0,1,0,0,1,0,1,0,0,0,7.0,14.79375,1,1,1,0,0,0.0,1.740441176470588,65.38877251780478,3
0,1,1,63,1,1.0,1.0,1.0,1.0,1.0,1.0,1.0,1,89.4,5597.65,0,1,0,0,0,0,1,0,1,0,0,7.0,11.175,1,1,1,0,0,0.0,1.396875,61.92090707964601,3
0,0,0,5,1,0.0,0.0,0.0,0.0,0.0,1.0,0.0,1,80.6,415.55,0,0,1,0,1,0,0,0,0,1,0,1.0,40.3,1,0,0,1,1,1.0,13.433333333333332,5.092524509803922,0
0,0,0,37,1,1.0,1.0,1.0,1.0,1.0,1.0,0.0,1,78.9,2976.95,1,1,0,0,1,0,0,0,1,0,0,6.0,11.271428571428572,1,0,1,0,0,0.0,2.0763157894736843,37.25844806007509,2
0,1,0,53,1,1.0,0.0,1.0,1.0,1.0,1.0,1.0,1,111.8,5809.75,1,0,1,0,0,1,0,1,0,0,0,6.0,15.971428571428572,1,1,1,0,0,0.0,2.0703703703703704,51.50487588652482,2
0,0,1,12,1,0.0,0.0,0.0,0.0,0.0,0.0,0.0,1,44.55,480.6,1,1,0,0,1,0,0,0,0,1,0,0.0,44.55,0,0,0,0,1,0.0,3.4269230769230767,10.551042810098794,0
0,0,0,70,1,0.0,0.0,0.0,0.0,0.0,0.0,0.0,0,19.7,1341.5,1,0,0,1,0,1,0,1,0,0,0,0.0,19.7,0,1,1,0,0,0.0,0.27746478873239433,64.80676328502416,3
0,0,0,3,1,1.0,0.0,0.0,0.0,0.0,0.0,0.0,1,74.4,229.55,0,0,1,0,1,0,0,0,0,1,0,1.0,37.2,0,0,0,1,1,1.0,18.6,3.0444297082228116,0
0,1,0,14,1,1.0,0.0,1.0,1.0,0.0,0.0,0.0,1,82.65,1185.0,0,0,1,0,1,0,0,0,0,1,0,3.0,20.6625,0,0,0,1,1,1.0,5.510000000000001,14.166168559473999,1
0,0,0,61,0,0.0,1.0,1.0,1.0,1.0,0.0,0.0,0,43.7,2696.55,1,1,0,0,0,1,0,0,1,0,0,4.0,8.74,0,1,1,0,0,0.0,0.7048387096774194,60.3255033557047,3
0,0,0,4,1,0.0,0.0,0.0,0.0,0.0,1.0,1.0,1,88.45,370.65,0,0,1,0,1,0,0,0,0,1,0,2.0,29.483333333333334,1,0,0,1,1,1.0,17.69,4.143655673560648,0
0,0,0,1,1,0.0,0.0,0.0,0.0,0.0,1.0,1.0,0,90.6,90.6,1,0,1,0,1,0,0,0,0,1,0,2.0,30.2,1,0,0,1,1,1.0,45.3,0.9890829694323144,0
1,0,0,10,0,0.0,0.0,0.0,0.0,1.0,0.0,0.0,1,29.65,291.4,1,1,0,0,1,0,0,0,0,1,0,1.0,14.825,0,0,0,0,1,0.0,2.6954545454545453,9.507340946166394,0
0,0,1,23,1,0.0,0.0,1.0,0.0,1.0,0.0,0.0,1,55.3,1284.2,0,1,0,0,1,0,0,1,0,0,0,2.0,18.433333333333334,0,0,1,0,0,0.0,2.3041666666666667,22.809946714031973,1
0,0,1,27,1,0.0,0.0,0.0,0.0,0.0,0.0,0.0,0,20.6,581.85,0,0,0,1,0,0,1,0,0,0,1,0.0,20.6,0,1,0,0,0,0.0,0.7357142857142858,26.9375,1
1,1,0,72,1,1.0,1.0,1.0,1.0,1.0,0.0,1.0,0,78.45,5682.25,1,1,0,0,0,0,1,1,0,0,0,6.0,11.207142857142857,1,1,1,0,0,0.0,1.0746575342465754,71.51982378854625,3
0,1,1,66,0,0.0,0.0,0.0,0.0,1.0,1.0,1.0,0,50.55,3364.55,0,1,0,0,0,0,1,1,0,0,0,3.0,12.6375,1,1,1,0,0,0.0,0.7544776119402985,65.26770126091175,3
0,1,1,35,1,1.0,0.0,1.0,1.0,1.0,1.0,1.0,1,109.95,3782.4,0,0,1,0,1,0,0,0,0,1,0,6.0,15.707142857142857,1,0,0,1,1,0.0,3.0541666666666667,34.091031996394776,1
0,0,0,1,1,0.0,0.0,0.0,0.0,0.0,0.0,0.0,1,45.3,45.3,1,1,0,0,1,0,0,0,0,0,1,0.0,45.3,0,0,0,0,0,0.0,22.65,0.978401727861771,0
1,0,0,12,1,1.0,0.0,0.0,0.0,0.0,0.0,0.0,1,73.3,828.05,0,0,1,0,1,0,0,0,1,0,0,1.0,36.65,0,0,1,1,0,1.0,5.638461538461538,11.144683714670256,0
0,0,0,26,0,0.0,1.0,1.0,0.0,0.0,0.0,1.0,1,44.65,1156.55,0,1,0,0,1,0,0,1,0,0,0,3.0,11.1625,1,0,1,0,0,0.0,1.6537037037037037,25.335158817086526,1
0,0,0,18,0,0.0,0.0,0.0,1.0,1.0,0.0,0.0,1,35.2,607.3,1,1,0,0,1,0,0,0,0,1,0,2.0,11.733333333333334,0,0,0,0,1,0.0,1.8526315789473686,16.77624309392265,1
0,1,0,3,0,0.0,0.0,1.0,0.0,0.0,0.0,0.0,0,29.8,94.4,0,1,0,0,1,0,0,0,1,0,0,1.0,14.9,0,0,1,0,0,0.0,7.45,3.064935064935065,0
0,0,0,67,1,0.0,0.0,0.0,0.0,0.0,0.0,0.0,0,20.55,1343.4,1,0,0,1,0,1,0,0,0,1,0,0.0,20.55,0,1,0,0,0,0.0,0.3022058823529412,62.338747099767986,3
0,1,1,12,1,0.0,0.0,0.0,0.0,0.0,0.0,0.0,0,20.3,224.5,1,0,0,1,0,0,1,1,0,0,0,0.0,20.3,0,1,1,0,0,0.0,1.5615384615384615,10.539906103286384,0
1,1,0,32,1,1.0,0.0,0.0,0.0,0.0,1.0,0.0,1,85.95,2628.6,1,0,1,0,1,0,0,0,1,0,0,2.0,28.650000000000002,1,0,1,1,0,1.0,2.6045454545454545,30.231167337550314,1
1,0,0,9,1,1.0,0.0,0.0,0.0,0.0,0.0,1.0,1,85.05,746.5,0,0,1,0,1,0,0,0,0,1,0,2.0,28.349999999999998,1,0,0,1,1,1.0,8.504999999999999,8.675188843695526,0
1,1,1,52,1,1.0,0.0,1.0,1.0,0.0,1.0,1.0,1,80.85,4079.55,0,1,0,0,0,1,0,0,0,1,0,5.0,13.475,1,1,0,0,0,0.0,1.5254716981132075,49.8417837507636,2
0,0,0,17,1,0.0,0.0,0.0,0.0,0.0,0.0,0.0,0,20.05,337.9,1,0,0,1,0,1,0,0,1,0,0,0.0,20.05,0,1,1,0,0,0.0,1.113888888888889,16.052256532066508,1
1,0,0,70,0,0.0,0.0,0.0,0.0,0.0,1.0,1.0,1,45.25,3264.45,0,1,0,0,0,1,0,0,0,1,0,2.0,15.083333333333334,1,1,0,0,0,0.0,0.6373239436619719,70.5827027027027,3
0,0,1,14,1,1.0,1.0,0.0,0.0,1.0,0.0,0.0,1,86.0,1164.05,1,0,1,0,1,0,0,0,0,0,1,3.0,21.5,0,0,0,1,0,0.0,5.733333333333333,13.379885057471263,1
0,1,1,18,1,0.0,1.0,1.0,0.0,1.0,0.0,0.0,1,61.5,1087.45,1,1,0,0,0,1,0,0,0,0,1,3.0,15.375,0,1,0,0,0,0.0,3.236842105263158,17.3992,1
0,0,0,46,0,0.0,1.0,0.0,1.0,1.0,1.0,1.0,1,60.75,2893.4,0,1,0,0,0,0,1,1,0,0,0,5.0,10.125,1,1,1,0,0,0.0,1.2925531914893618,46.85668016194332,2
1,1,0,13,1,0.0,0.0,1.0,1.0,0.0,1.0,1.0,1,98.0,1237.85,0,0,1,0,1,0,0,0,0,1,0,4.0,19.6,1,0,0,1,1,1.0,7.0,12.503535353535353,1
0,0,0,19,1,0.0,0.0,0.0,0.0,0.0,1.0,0.0,1,78.7,1495.1,0,0,1,0,1,0,0,1,0,0,0,1.0,39.35,1,0,1,1,0,1.0,3.935,18.75909661229611,1
0,0,0,3,1,0.0,1.0,1.0,0.0,1.0,0.0,1.0,0,71.1,213.35,1,1,0,0,0,0,1,0,0,0,1,4.0,14.219999999999999,1,1,0,0,0,0.0,17.775,2.959084604715673,0
0,1,1,62,1,0.0,0.0,0.0,0.0,0.0,0.0,0.0,0,20.65,1218.45,0,0,0,1,0,0,1,0,1,0,0,0.0,20.65,0,1,1,0,0,0.0,0.3277777777777778,56.27944572748269,3
1,0,0,38,1,0.0,0.0,0.0,0.0,0.0,0.0,0.0,0,20.2,735.9,1,0,0,1,0,0,1,0,0,0,1,0.0,20.2,0,1,0,0,0,0.0,0.5179487179487179,34.7122641509434,2
0,0,0,7,1,0.0,0.0,0.0,0.0,0.0,0.0,0.0,0,19.25,112.3,0,0,0,1,1,0,0,0,0,1,0,0.0,19.25,0,0,0,0,1,0.0,2.40625,5.545679012345679,0
0,0,0,46,1,0.0,0.0,0.0,0.0,0.0,0.0,1.0,0,55.65,2688.85,1,1,0,0,0,1,0,0,1,0,0,1.0,27.825,1,1,1,0,0,0.0,1.1840425531914893,47.464254192409534,2
0,0,1,12,1,1.0,1.0,0.0,0.0,0.0,0.0,0.0,1,78.3,909.25,1,0,1,0,1,0,0,0,0,1,0,2.0,26.099999999999998,0,0,0,1,1,0.0,6.023076923076923,11.46595208070618,0
0,1,0,10,1,0.0,0.0,0.0,0.0,0.0,0.0,0.0,0,19.6,189.45,0,0,0,1,0,1,0,1,0,0,0,0.0,19.6,0,1,1,0,0,0.0,1.781818181818182,9.196601941747572,0
0,0,0,9,1,0.0,0.0,0.0,1.0,0.0,0.0,0.0,1,73.8,704.3,0,0,1,0,1,0,0,0,0,1,0,1.0,36.9,0,0,0,1,1,1.0,7.38,9.415775401069519,0
0,0,0,24,1,0.0,1.0,0.0,0.0,0.0,0.0,0.0,1,51.15,1275.7,0,1,0,0,1,0,0,0,0,1,0,1.0,25.575,0,0,0,0,1,0.0,2.046,24.462128475551296,1
0,1,0,4,1,1.0,0.0,1.0,0.0,0.0,1.0,0.0,1,91.65,365.4,1,0,1,0,1,0,0,0,0,1,0,3.0,22.9125,1,0,0,1,1,1.0,18.330000000000002,3.9438747976254716,0
0,0,0,46,1,1.0,1.0,1.0,0.0,0.0,0.0,0.0,0,84.25,3847.6,1,0,1,0,1,0,0,0,0,0,1,3.0,21.0625,0,0,0,1,0,0.0,1.7925531914893618,45.13313782991202,2
1,0,0,67,1,0.0,1.0,1.0,0.0,1.0,1.0,0.0,1,92.45,6140.85,1,0,1,0,0,0,1,1,0,0,0,4.0,18.490000000000002,1,1,1,0,0,0.0,1.3595588235294118,65.71268057784911,3
0,1,1,14,1,1.0,0.0,1.0,0.0,1.0,1.0,1.0,0,80.45,1137.05,1,1,0,0,1,0,0,0,1,0,0,5.0,13.408333333333333,1,0,1,0,0,0.0,5.363333333333333,13.960098219766728,1
0,1,1,44,1,0.0,0.0,0.0,0.0,0.0,0.0,0.0,0,19.6,780.25,1,0,0,1,1,0,0,0,0,0,1,0.0,19.6,0,0,0,0,0,0.0,0.4355555555555556,37.87621359223301,2
0,0,0,9,1,0.0,0.0,0.0,0.0,0.0,0.0,0.0,0,19.05,157.65,1,0,0,1,1,0,0,0,0,0,1,0.0,19.05,0,0,0,0,0,0.0,1.905,7.86284289276808,0
0,0,0,1,1,0.0,0.0,0.0,0.0,0.0,0.0,1.0,1,81.95,81.95,1,0,1,0,1,0,0,0,0,1,0,1.0,40.975,1,0,0,1,1,1.0,40.975,0.9879445449065702,0
0,1,0,57,1,1.0,0.0,1.0,1.0,1.0,1.0,1.0,1,109.4,6252.7,1,0,1,0,0,1,0,1,0,0,0,6.0,15.62857142857143,1,1,1,0,0,0.0,1.8862068965517242,56.636775362318836,2
0,0,0,1,1,0.0,0.0,0.0,0.0,0.0,0.0,0.0,1,20.1,20.1,0,0,0,1,1,0,0,0,0,0,1,0.0,20.1,0,0,0,0,0,0.0,10.05,0.95260663507109,0
1,1,0,69,1,1.0,0.0,1.0,1.0,1.0,1.0,1.0,1,109.95,7634.25,0,0,1,0,0,0,1,0,0,1,0,6.0,15.707142857142857,1,1,0,0,0,0.0,1.5707142857142857,68.80802163136548,3
0,1,1,65,1,1.0,1.0,0.0,1.0,1.0,1.0,1.0,0,109.3,7337.55,1,0,1,0,0,0,1,0,0,1,0,6.0,15.614285714285714,1,1,0,0,0,0.0,1.656060606060606,66.52357207615594,3
0,1,0,52,1,1.0,1.0,0.0,1.0,1.0,0.0,0.0,1,91.6,4627.8,0,0,1,0,0,0,1,0,1,0,0,4.0,18.32,0,1,1,0,0,0.0,1.7283018867924527,49.976241900647956,2
0,0,0,4,1,0.0,0.0,0.0,0.0,0.0,0.0,0.0,1,20.15,68.45,1,0,0,1,1,0,0,0,1,0,0,0.0,20.15,0,0,1,0,0,0.0,4.029999999999999,3.236406619385343,0
0,0,0,1,1,0.0,0.0,0.0,0.0,0.0,0.0,0.0,0,18.85,18.85,1,0,0,1,1,0,0,0,0,1,0,0.0,18.85,0,0,0,0,1,0.0,9.425,0.9496221662468514,0
0,0,0,1,1,0.0,0.0,0.0,0.0,0.0,0.0,0.0,0,45.75,45.75,0,1,0,0,1,0,0,0,0,1,0,0.0,45.75,0,0,0,0,1,0.0,22.875,0.9786096256684492,0
0,1,0,72,1,1.0,1.0,1.0,1.0,0.0,0.0,1.0,1,99.15,7422.1,0,0,1,0,0,0,1,0,0,1,0,5.0,16.525000000000002,1,1,0,0,0,0.0,1.358219178082192,74.10983524712931,3
0,0,0,53,0,0.0,1.0,1.0,1.0,1.0,1.0,0.0,1,53.6,2879.2,1,1,0,0,0,1,0,0,0,1,0,5.0,8.933333333333334,1,1,0,0,0,0.0,0.9925925925925926,52.73260073260073,2
0,0,1,72,0,0.0,1.0,1.0,1.0,1.0,1.0,1.0,0,67.2,4671.7,0,1,0,0,0,0,1,0,1,0,0,6.0,9.6,1,1,1,0,0,0.0,0.9205479452054794,68.5,3
0,0,0,2,1,0.0,0.0,0.0,0.0,0.0,0.0,0.0,0,69.65,145.15,1,0,1,0,1,0,0,0,0,1,0,0.0,69.65,0,0,0,1,1,1.0,23.21666666666667,2.05449398443029,0
1,0,0,72,1,1.0,1.0,1.0,1.0,1.0,1.0,1.0,0,113.8,7845.8,0,0,1,0,0,0,1,1,0,0,0,7.0,14.225,1,1,1,0,0,0.0,1.558904109589041,68.3432055749129,3
0,1,1,1,1,0.0,0.0,0.0,0.0,0.0,0.0,0.0,1,45.85,45.85,0,1,0,0,1,0,0,0,0,0,1,0.0,45.85,0,0,0,0,0,0.0,22.925,0.9786552828175027,0
0,1,1,67,1,1.0,0.0,0.0,0.0,0.0,0.0,0.0,1,24.9,1680.25,1,0,0,1,0,0,1,0,0,0,1,1.0,12.45,0,1,0,0,0,0.0,0.36617647058823527,64.87451737451738,3
0,0,0,18,1,0.0,0.0,0.0,0.0,0.0,0.0,0.0,0,20.1,407.05,1,0,0,1,0,1,0,0,0,0,1,0.0,20.1,0,1,0,0,0,0.0,1.0578947368421054,19.291469194312796,1
1,0,0,2,1,0.0,0.0,0.0,0.0,0.0,0.0,0.0,1,70.35,139.05,1,0,1,0,1,0,0,0,0,1,0,0.0,70.35,0,0,0,1,1,1.0,23.45,1.9488437281009112,0
0,0,0,12,1,1.0,0.0,0.0,0.0,1.0,1.0,1.0,0,74.05,872.65,1,1,0,0,0,1,0,0,0,0,1,4.0,14.809999999999999,1,1,0,0,0,0.0,5.696153846153846,11.627581612258494,0
0,0,0,42,1,0.0,0.0,0.0,1.0,1.0,0.0,1.0,0,66.5,2762.75,1,1,0,0,0,0,1,0,1,0,0,3.0,16.625,1,1,1,0,0,0.0,1.5465116279069768,40.92962962962963,2
0,0,1,31,1,1.0,0.0,1.0,0.0,1.0,1.0,1.0,1,79.45,2587.7,0,1,0,0,0,1,0,0,0,0,1,5.0,13.241666666666667,1,1,0,0,0,0.0,2.4828125,32.16532007458048,1
0,1,0,69,1,0.0,1.0,1.0,0.0,0.0,0.0,0.0,1,53.65,3804.4,0,1,0,0,0,1,0,0,1,0,0,2.0,17.883333333333333,0,1,1,0,0,0.0,0.7664285714285715,69.6139066788655,3
0,1,1,67,1,0.0,1.0,1.0,1.0,0.0,0.0,0.0,0,84.8,5598.3,1,0,1,0,0,1,0,1,0,0,0,3.0,21.2,0,1,1,0,0,0.0,1.2470588235294118,65.24825174825175,3
0,1,1,51,1,0.0,0.0,0.0,0.0,0.0,0.0,0.0,0,19.55,1086.75,0,0,0,1,0,0,1,0,1,0,0,0.0,19.55,0,1,1,0,0,0.0,0.37596153846153846,52.88321167883211,2
0,0,0,65,1,1.0,0.0,0.0,0.0,0.0,0.0,0.0,0,24.8,1600.95,0,0,0,1,0,1,0,0,1,0,0,1.0,12.4,0,1,1,0,0,0.0,0.3757575757575758,62.05232558139535,3
0,0,0,25,1,0.0,0.0,0.0,0.0,0.0,0.0,0.0,0,20.6,541.5,0,0,0,1,1,0,0,0,0,0,1,0.0,20.6,0,0,0,0,0,0.0,0.7923076923076924,25.069444444444443,1
0,1,0,58,1,1.0,0.0,0.0,1.0,1.0,1.0,1.0,1,102.1,5885.4,1,0,1,0,1,0,0,0,1,0,0,5.0,17.016666666666666,1,0,1,1,0,0.0,1.730508474576271,57.084384093113485,2
1,1,0,52,1,0.0,1.0,0.0,1.0,1.0,1.0,1.0,1,104.45,5481.25,0,0,1,0,0,1,0,1,0,0,0,5.0,17.408333333333335,1,1,1,0,0,0.0,1.9707547169811321,51.979611190137504,2
1,0,0,37,0,0.0,0.0,1.0,1.0,0.0,0.0,0.0,0,36.65,1315.0,0,1,0,0,1,0,0,0,0,1,0,2.0,12.216666666666667,0,0,0,0,1,0.0,0.9644736842105263,34.9269588313413,2
0,0,0,4,1,1.0,0.0,0.0,0.0,0.0,0.0,0.0,0,23.9,97.5,1,0,0,1,0,1,0,0,0,1,0,1.0,11.95,0,1,0,0,0,0.0,4.779999999999999,3.91566265060241,0
1,0,0,63,1,1.0,0.0,0.0,1.0,0.0,0.0,1.0,1,89.6,5538.8,1,0,1,0,1,0,0,1,0,0,0,3.0,22.4,1,0,1,1,0,1.0,1.4,61.1346578366446,3
0,1,0,53,1,0.0,0.0,1.0,0.0,0.0,1.0,1.0,1,94.25,4867.95,0,0,1,0,0,1,0,1,0,0,0,3.0,23.5625,1,1,1,0,0,1.0,1.7453703703703705,51.10708661417323,2
0,1,1,32,1,0.0,0.0,1.0,0.0,0.0,1.0,0.0,1,86.1,2723.75,1,0,1,0,1,0,0,0,0,1,0,2.0,28.7,1,0,0,1,1,1.0,2.609090909090909,31.271526980482207,1
0,0,0,30,1,0.0,0.0,0.0,0.0,1.0,1.0,1.0,1,94.4,2638.1,1,0,1,0,0,1,0,1,0,0,0,3.0,23.6,1,1,1,0,0,0.0,3.045161290322581,27.653039832285113,1
0,1,0,11,1,1.0,0.0,0.0,0.0,0.0,1.0,1.0,1,94.0,1078.9,1,0,1,0,1,0,0,0,0,1,0,3.0,23.5,1,0,0,1,1,1.0,7.833333333333333,11.356842105263159,0
0,1,1,69,0,0.0,1.0,1.0,1.0,1.0,0.0,0.0,0,46.25,3121.4,1,1,0,0,0,0,1,1,0,0,0,4.0,9.25,0,1,1,0,0,0.0,0.6607142857142857,66.06137566137566,3
0,1,1,61,0,0.0,0.0,1.0,1.0,1.0,1.0,0.0,0,51.35,3244.4,1,1,0,0,0,0,1,0,1,0,0,4.0,10.27,1,1,1,0,0,0.0,0.8282258064516129,61.97516714422159,3
0,0,0,9,1,1.0,0.0,0.0,1.0,0.0,1.0,1.0,0,98.3,923.5,1,0,1,0,1,0,0,0,1,0,0,4.0,19.66,1,0,1,1,0,1.0,9.83,9.300100704934541,0
0,1,0,18,1,0.0,0.0,0.0,0.0,1.0,0.0,0.0,1,50.3,908.75,1,1,0,0,1,0,0,0,0,0,1,1.0,25.15,0,0,0,0,0,0.0,2.6473684210526316,17.71442495126706,1
0,1,1,58,1,0.0,0.0,0.0,0.0,0.0,0.0,0.0,1,19.85,1158.85,1,0,0,1,0,0,1,0,0,0,1,0.0,19.85,0,1,0,0,0,0.0,0.3364406779661017,55.58033573141486,2
1,0,0,35,1,1.0,1.0,0.0,0.0,0.0,1.0,1.0,1,99.05,3554.6,1,0,1,0,1,0,0,0,0,1,0,4.0,19.81,1,0,0,1,1,0.0,2.7513888888888887,35.52823588205897,1
0,0,1,14,1,0.0,1.0,1.0,1.0,1.0,0.0,1.0,0,76.1,1054.8,0,1,0,0,0,0,1,1,0,0,0,5.0,12.683333333333332,1,1,1,0,0,0.0,5.073333333333333,13.680933852140079,1
0,1,1,58,1,0.0,0.0,0.0,0.0,0.0,0.0,0.0,0,20.5,1191.4,1,0,0,1,0,0,1,0,1,0,0,0.0,20.5,0,1,1,0,0,0.0,0.3474576271186441,55.413953488372094,2
0,0,0,9,1,0.0,1.0,1.0,0.0,0.0,1.0,1.0,1,74.65,703.55,1,1,0,0,1,0,0,0,0,1,0,4.0,14.930000000000001,1,0,0,0,1,0.0,7.465000000000001,9.300066093853271,0
1,1,0,51,1,1.0,1.0,0.0,0.0,0.0,0.0,0.0,1,77.5,3807.35,1,0,1,0,1,0,0,0,0,1,0,2.0,25.833333333333332,0,0,0,1,1,0.0,1.4903846153846154,48.501273885350315,2
0,1,0,30,1,0.0,0.0,0.0,0.0,0.0,0.0,0.0,0,19.05,637.55,0,0,0,1,0,0,1,0,0,0,1,0.0,19.05,0,1,0,0,0,0.0,0.614516129032258,31.79800498753117,1
0,0,0,4,1,1.0,0.0,0.0,0.0,0.0,0.0,0.0,0,51.75,201.1,0,1,0,0,1,0,0,0,1,0,0,1.0,25.875,0,0,1,0,0,0.0,10.35,3.8123222748815166,0
1,0,0,14,1,0.0,1.0,1.0,0.0,0.0,0.0,0.0,0,78.85,1043.8,1,0,1,0,1,0,0,0,0,1,0,2.0,26.28333333333333,0,0,0,1,1,0.0,5.256666666666666,13.072010018785223,1
1,1,0,23,1,0.0,1.0,0.0,0.0,0.0,1.0,1.0,1,95.1,2326.05,1,0,1,0,1,0,0,0,0,1,0,3.0,23.775,1,0,0,1,1,0.0,3.9625,24.20447450572321,1
0,0,0,17,1,0.0,0.0,0.0,0.0,0.0,0.0,0.0,1,70.8,1207.0,0,0,1,0,1,0,0,0,0,1,0,0.0,70.8,0,0,0,1,1,1.0,3.933333333333333,16.81058495821727,1
0,1,0,8,1,0.0,0.0,1.0,0.0,0.0,0.0,0.0,1,49.55,393.45,0,1,0,0,1,0,0,1,0,0,0,1.0,24.775,0,0,1,0,0,0.0,5.5055555555555555,7.783382789317508,0
0,1,0,61,1,1.0,1.0,0.0,1.0,1.0,0.0,1.0,0,75.35,4729.3,0,1,0,0,0,0,1,0,1,0,0,5.0,12.558333333333332,1,1,1,0,0,0.0,1.2153225806451613,61.942370661427645,3
0,1,1,72,1,1.0,1.0,1.0,1.0,1.0,0.0,1.0,0,107.45,7658.3,1,0,1,0,0,0,1,0,1,0,0,6.0,15.35,1,1,1,0,0,0.0,1.4719178082191782,70.6159520516367,3
0,0,0,1,1,0.0,0.0,0.0,0.0,1.0,0.0,0.0,0,49.0,49.0,0,1,0,0,1,0,0,0,1,0,0,1.0,24.5,0,0,1,0,0,0.0,24.5,0.98,0
0,1,1,20,1,0.0,0.0,0.0,0.0,0.0,0.0,0.0,0,20.0,417.65,1,0,0,1,1,0,0,0,0,1,0,0.0,20.0,0,0,0,0,1,0.0,0.9523809523809523,19.888095238095236,1
0,1,1,72,1,1.0,1.0,0.0,1.0,1.0,1.0,1.0,1,85.9,6110.75,1,1,0,0,0,0,1,0,1,0,0,6.0,12.271428571428572,1,1,1,0,0,0.0,1.1767123287671233,70.319332566168,3
0,0,0,71,1,1.0,0.0,1.0,0.0,0.0,0.0,0.0,1,79.05,5552.5,0,0,1,0,0,1,0,0,1,0,0,2.0,26.349999999999998,0,1,1,0,0,1.0,1.0979166666666667,69.3628981886321,3
0,1,1,72,1,1.0,1.0,1.0,1.0,1.0,1.0,1.0,0,117.5,8670.1,1,0,1,0,0,0,1,0,1,0,0,7.0,14.6875,1,1,1,0,0,0.0,1.6095890410958904,73.16540084388186,3
0,0,0,37,1,0.0,0.0,0.0,0.0,0.0,0.0,0.0,1,70.35,2552.9,0,0,1,0,1,0,0,0,0,0,1,0.0,70.35,0,0,0,1,0,1.0,1.851315789473684,35.779957953749125,2
0,1,1,70,1,0.0,1.0,1.0,1.0,0.0,1.0,1.0,1,80.15,5600.15,0,1,0,0,0,0,1,0,1,0,0,5.0,13.358333333333334,1,1,1,0,0,0.0,1.1288732394366199,69.0098582871226,3
0,1,1,51,1,1.0,0.0,0.0,1.0,0.0,0.0,1.0,1,90.15,4554.85,1,0,1,0,0,1,0,0,0,1,0,3.0,22.5375,1,1,0,0,0,1.0,1.7336538461538462,49.970927043335166,2
0,1,1,28,1,0.0,0.0,0.0,0.0,0.0,0.0,0.0,1,70.4,1992.2,1,0,1,0,0,1,0,1,0,0,0,0.0,70.4,0,1,1,0,0,1.0,2.427586206896552,27.901960784313722,1
0,1,0,1,1,0.0,0.0,0.0,0.0,0.0,0.0,0.0,1,68.95,68.95,1,0,1,0,1,0,0,0,0,1,0,0.0,68.95,0,0,0,1,1,1.0,34.475,0.9857040743388135,0
0,1,0,40,1,0.0,0.0,0.0,0.0,0.0,0.0,0.0,0,19.1,780.1,1,0,0,1,0,0,1,0,0,0,1,0.0,19.1,0,1,0,0,0,0.0,0.4658536585365854,38.81094527363184,2
0,0,0,8,1,0.0,0.0,0.0,0.0,1.0,0.0,0.0,0,49.4,408.25,1,1,0,0,1,0,0,0,0,1,0,1.0,24.7,0,0,0,0,1,0.0,5.488888888888889,8.100198412698413,0
1,0,0,13,1,0.0,0.0,0.0,1.0,0.0,0.0,0.0,1,74.3,940.35,1,0,1,0,1,0,0,0,0,1,0,1.0,37.15,0,0,0,1,1,1.0,5.307142857142857,12.488047808764941,1
0,0,0,1,0,0.0,0.0,0.0,1.0,1.0,0.0,0.0,0,35.9,35.9,1,1,0,0,1,0,0,0,0,0,1,2.0,11.966666666666667,0,0,0,0,0,0.0,17.95,0.9728997289972899,0
1,0,0,17,1,0.0,0.0,0.0,0.0,0.0,0.0,0.0,0,20.65,330.6,1,0,0,1,0,1,0,0,0,0,1,0.0,20.65,0,1,0,0,0,0.0,1.1472222222222221,15.270207852193998,1
0,1,0,16,1,0.0,0.0,1.0,0.0,0.0,1.0,1.0,1,94.65,1461.15,1,0,1,0,1,0,0,1,0,0,0,3.0,23.6625,1,0,1,1,0,1.0,5.56764705882353,15.276006272869838,1
0,0,0,1,1,0.0,1.0,0.0,0.0,0.0,0.0,0.0,1,50.75,50.75,0,1,0,0,1,0,0,0,0,0,1,1.0,25.375,0,0,0,0,0,0.0,25.375,0.9806763285024155,0
0,1,1,22,1,1.0,0.0,0.0,0.0,0.0,0.0,0.0,1,75.8,1615.1,1,0,1,0,1,0,0,1,0,0,0,1.0,37.9,0,0,1,1,0,1.0,3.2956521739130435,21.029947916666668,1
1,0,0,16,1,1.0,0.0,0.0,0.0,0.0,1.0,1.0,1,96.15,1529.2,1,0,1,0,1,0,0,0,0,1,0,3.0,24.0375,1,0,0,1,1,1.0,5.655882352941177,15.740607308286155,1
0,1,1,45,1,1.0,1.0,1.0,0.0,0.0,1.0,1.0,1,105.15,4730.9,1,0,1,0,1,0,0,0,0,1,0,5.0,17.525000000000002,1,0,0,1,1,0.0,2.2858695652173915,44.56806406029203,2
0,1,1,3,1,0.0,0.0,0.0,0.0,0.0,0.0,0.0,1,69.55,200.2,1,0,1,0,1,0,0,0,0,1,0,0.0,69.55,0,0,0,1,1,1.0,17.3875,2.8377037562012757,0
0,0,0,15,1,1.0,0.0,1.0,0.0,0.0,1.0,1.0,1,100.15,1415.0,1,0,1,0,1,0,0,0,0,1,0,4.0,20.03,1,0,0,1,1,1.0,6.259375,13.989125061789421,1
0,1,0,25,1,1.0,0.0,0.0,1.0,1.0,1.0,1.0,1,104.95,2566.5,1,0,1,0,1,0,0,1,0,0,0,5.0,17.491666666666667,1,0,1,1,0,0.0,4.036538461538462,24.223690420009437,1
1,0,0,1,1,0.0,0.0,1.0,0.0,0.0,0.0,1.0,1,86.0,86.0,1,0,1,0,1,0,0,0,0,1,0,2.0,28.666666666666668,1,0,0,1,1,1.0,43.0,0.9885057471264368,0
0,1,0,47,1,0.0,0.0,0.0,0.0,0.0,0.0,0.0,0,19.9,942.95,0,0,0,1,0,1,0,1,0,0,0,0.0,19.9,0,1,1,0,0,0.0,0.4145833333333333,45.11722488038278,2
1,1,0,5,1,1.0,0.0,0.0,1.0,0.0,0.0,0.0,1,79.9,343.95,0,0,1,0,1,0,0,1,0,0,0,2.0,26.633333333333336,0,0,1,1,0,1.0,13.316666666666668,4.2515451174289245,0
0,1,0,71,1,0.0,1.0,1.0,1.0,1.0,1.0,1.0,1,84.8,6046.1,1,1,0,0,0,1,0,1,0,0,0,6.0,12.114285714285714,1,1,1,0,0,0.0,1.1777777777777778,70.46736596736598,3
0,0,0,3,0,0.0,0.0,0.0,0.0,0.0,0.0,0.0,0,24.75,66.95,0,1,0,0,1,0,0,0,0,1,0,0.0,24.75,0,0,0,0,1,0.0,6.1875,2.6,0
0,1,1,1,1,0.0,0.0,0.0,0.0,0.0,0.0,0.0,1,69.8,69.8,1,0,1,0,1,0,0,0,0,1,0,0.0,69.8,0,0,0,1,1,1.0,34.9,0.9858757062146892,0
0,1,1,50,1,1.0,0.0,0.0,1.0,1.0,1.0,0.0,1,69.65,3442.15,0,1,0,0,0,1,0,0,0,1,0,4.0,13.930000000000001,1,1,0,0,0,0.0,1.365686274509804,48.72116065109695,2
0,0,0,4,1,0.0,0.0,0.0,0.0,0.0,0.0,0.0,1,20.2,55.7,0,0,0,1,1,0,0,0,0,1,0,0.0,20.2,0,0,0,0,1,0.0,4.04,2.627358490566038,0
1,0,0,43,1,0.0,1.0,1.0,0.0,1.0,1.0,1.0,1,108.15,4600.7,1,0,1,0,1,0,0,0,1,0,0,5.0,18.025000000000002,1,0,1,1,0,0.0,2.4579545454545455,42.15025194686211,2
0,0,0,6,1,0.0,0.0,0.0,0.0,0.0,0.0,0.0,0,19.7,129.55,1,0,0,1,1,0,0,0,1,0,0,0.0,19.7,0,0,1,0,0,0.0,2.814285714285714,6.258454106280194,0
0,0,0,38,1,1.0,0.0,1.0,0.0,1.0,0.0,1.0,0,68.15,2656.3,1,1,0,0,1,0,0,0,1,0,0,4.0,13.63,1,0,1,0,0,0.0,1.7474358974358977,38.413593637020966,2
1,1,0,35,1,1.0,0.0,0.0,1.0,0.0,0.0,0.0,1,81.6,2815.25,0,0,1,0,0,1,0,1,0,0,0,2.0,27.2,0,1,1,0,0,1.0,2.2666666666666666,34.082929782082324,1
0,1,0,45,1,1.0,0.0,1.0,0.0,0.0,0.0,0.0,0,81.4,3775.85,0,0,1,0,1,0,0,1,0,0,0,2.0,27.133333333333336,0,0,1,1,0,1.0,1.7695652173913046,45.82342233009708,2
0,0,0,10,1,1.0,0.0,0.0,0.0,0.0,0.0,0.0,0,25.7,251.6,0,0,0,1,0,0,1,1,0,0,0,1.0,12.85,0,1,1,0,0,0.0,2.3363636363636364,9.423220973782772,0
0,1,0,64,1,1.0,0.0,0.0,0.0,0.0,0.0,0.0,0,25.0,1584.8,1,0,0,1,0,0,1,0,1,0,0,1.0,12.5,0,1,1,0,0,0.0,0.38461538461538464,60.95384615384615,3
0,0,0,31,1,1.0,1.0,1.0,0.0,0.0,1.0,1.0,0,104.35,3205.6,1,0,1,0,1,0,0,0,0,1,0,5.0,17.391666666666666,1,0,0,1,1,0.0,3.2609375,30.4280968201234,1
0,0,0,1,1,0.0,0.0,0.0,0.0,0.0,0.0,0.0,0,20.9,20.9,1,0,0,1,1,0,0,0,0,0,1,0.0,20.9,0,0,0,0,0,0.0,10.45,0.954337899543379,0
0,1,0,72,1,1.0,0.0,1.0,1.0,1.0,1.0,1.0,1,109.25,8109.8,1,0,1,0,0,1,0,0,0,1,0,6.0,15.607142857142858,1,1,0,0,0,0.0,1.4965753424657535,73.55827664399094,3
0,0,0,1,1,0.0,0.0,0.0,0.0,0.0,0.0,0.0,1,45.65,45.65,0,1,0,0,1,0,0,0,0,1,0,0.0,45.65,0,0,0,0,1,0.0,22.825,0.9785637727759914,0
0,0,0,1,1,0.0,0.0,0.0,0.0,0.0,0.0,0.0,1,19.5,19.5,1,0,0,1,1,0,0,0,0,0,1,0.0,19.5,0,0,0,0,0,0.0,9.75,0.9512195121951219,0
1,1,0,47,1,1.0,1.0,0.0,0.0,0.0,0.0,0.0,0,80.35,3825.85,1,0,1,0,1,0,0,0,0,1,0,2.0,26.78333333333333,0,0,0,1,1,0.0,1.6739583333333332,47.02950215119853,2
1,0,0,71,1,1.0,0.0,1.0,1.0,0.0,1.0,1.0,1,105.9,7521.95,1,0,1,0,0,1,0,0,0,1,0,5.0,17.650000000000002,1,1,0,0,0,1.0,1.4708333333333334,70.3643592142189,3
0,0,1,30,1,0.0,0.0,1.0,1.0,0.0,1.0,0.0,0,64.5,1929.95,0,1,0,0,0,1,0,0,1,0,0,3.0,16.125,1,1,1,0,0,0.0,2.0806451612903225,29.464885496183207,1
0,1,0,71,1,0.0,1.0,1.0,1.0,1.0,1.0,1.0,1,86.1,6045.9,0,1,0,0,0,0,1,1,0,0,0,6.0,12.299999999999999,1,1,1,0,0,0.0,1.1958333333333333,69.41331802525832,3
0,0,0,3,1,0.0,0.0,0.0,0.0,0.0,0.0,0.0,1,69.85,199.85,1,0,1,0,1,0,0,0,0,1,0,0.0,69.85,0,0,0,1,1,1.0,17.4625,2.8207480592801697,0
0,1,0,22,1,0.0,0.0,1.0,1.0,0.0,0.0,0.0,1,54.7,1178.75,1,1,0,0,1,0,0,0,0,0,1,2.0,18.233333333333334,0,0,0,0,0,0.0,2.3782608695652177,21.162477558348293,1
1,0,0,67,1,1.0,1.0,1.0,0.0,1.0,0.0,0.0,1,64.55,4250.1,0,1,0,0,0,0,1,1,0,0,0,4.0,12.91,0,1,1,0,0,0.0,0.9492647058823529,64.837528604119,3
1,1,0,59,1,1.0,1.0,1.0,1.0,1.0,0.0,0.0,1,94.05,5483.9,1,0,1,0,0,1,0,0,0,1,0,5.0,15.674999999999999,0,1,0,0,0,0.0,1.5675,57.694897422409255,2
1,1,0,72,1,1.0,1.0,1.0,1.0,1.0,1.0,1.0,1,116.05,8404.9,0,0,1,0,0,0,1,1,0,0,0,7.0,14.50625,1,1,1,0,0,0.0,1.5897260273972602,71.80606578385306,3
0,1,1,12,1,1.0,0.0,0.0,0.0,0.0,0.0,0.0,1,24.0,269.65,0,0,0,1,0,0,1,1,0,0,0,1.0,12.0,0,1,1,0,0,0.0,1.8461538461538463,10.786,0
0,0,0,1,1,0.0,0.0,0.0,0.0,0.0,0.0,0.0,0,44.4,44.4,1,1,0,0,1,0,0,0,0,0,1,0.0,44.4,0,0,0,0,0,0.0,22.2,0.9779735682819384,0
0,1,1,64,1,1.0,1.0,1.0,1.0,0.0,0.0,0.0,1,91.8,5960.5,0,0,1,0,1,0,0,0,0,1,0,4.0,18.36,0,0,0,1,1,0.0,1.4123076923076923,64.22952586206897,3
0,0,0,17,1,0.0,0.0,0.0,0.0,1.0,0.0,0.0,0,51.5,900.5,0,1,0,0,1,0,0,0,0,0,1,1.0,25.75,0,0,0,0,0,0.0,2.861111111111111,17.152380952380952,1
0,1,1,14,1,1.0,1.0,1.0,0.0,0.0,0.0,1.0,0,69.2,944.65,0,1,0,0,1,0,0,0,0,0,1,4.0,13.84,1,0,0,0,0,0.0,4.613333333333333,13.456552706552706,1
0,1,0,44,1,0.0,0.0,1.0,1.0,1.0,1.0,0.0,1,70.95,3250.45,0,1,0,0,0,1,0,0,0,1,0,4.0,14.190000000000001,1,1,0,0,0,0.0,1.5766666666666667,45.176511466296034,2
0,1,0,58,0,0.0,0.0,0.0,0.0,0.0,1.0,1.0,1,45.0,2689.35,0,1,0,0,0,1,0,0,1,0,0,2.0,15.0,1,1,1,0,0,0.0,0.7627118644067796,58.464130434782604,2
0,0,0,30,1,1.0,1.0,1.0,0.0,0.0,0.0,1.0,1,94.3,2679.7,0,0,1,0,1,0,0,0,1,0,0,4.0,18.86,1,0,1,1,0,0.0,3.041935483870968,28.11857292759706,1
0,0,0,23,1,0.0,0.0,0.0,0.0,0.0,0.0,0.0,1,19.65,478.1,1,0,0,1,0,1,0,0,1,0,0,0.0,19.65,0,1,1,0,0,0.0,0.81875,23.15254237288136,1
1,0,0,16,1,1.0,0.0,0.0,0.0,0.0,0.0,0.0,1,74.45,1261.35,0,0,1,0,1,0,0,1,0,0,0,1.0,37.225,0,0,1,1,0,1.0,4.379411764705883,16.71769383697813,1
0,1,1,13,1,0.0,1.0,0.0,0.0,1.0,0.0,0.0,0,54.15,701.05,1,1,0,0,0,1,0,1,0,0,0,2.0,18.05,0,1,1,0,0,0.0,3.867857142857143,12.711695376246599,1
0,0,0,40,1,0.0,0.0,0.0,1.0,0.0,0.0,0.0,1,50.25,2023.55,1,1,0,0,0,1,0,0,0,0,1,1.0,25.125,0,1,0,0,0,0.0,1.225609756097561,39.48390243902439,2
0,1,1,33,1,1.0,0.0,0.0,1.0,1.0,1.0,1.0,1,79.15,2531.4,1,1,0,0,0,1,0,0,0,1,0,5.0,13.191666666666668,1,1,0,0,0,0.0,2.3279411764705884,31.583281347473488,1
0,0,0,42,1,0.0,0.0,1.0,0.0,0.0,0.0,0.0,1,49.55,2077.95,1,1,0,0,1,0,0,0,0,1,0,1.0,24.775,0,0,0,0,1,0.0,1.1523255813953488,41.10682492581602,2
0,0,0,10,1,1.0,0.0,0.0,0.0,0.0,0.0,0.0,1,75.75,777.3,1,0,1,0,1,0,0,0,0,0,1,1.0,37.875,0,0,0,1,0,1.0,6.886363636363637,10.127687296416937,0
0,1,1,66,1,1.0,0.0,1.0,1.0,0.0,1.0,1.0,1,102.45,6615.15,1,0,1,0,0,1,0,0,1,0,0,5.0,17.075,1,1,1,0,0,1.0,1.5291044776119402,63.94538424359593,3
0,1,0,26,1,0.0,0.0,0.0,0.0,1.0,0.0,1.0,0,85.9,2196.45,1,0,1,0,1,0,0,0,1,0,0,2.0,28.633333333333336,1,0,1,1,0,0.0,3.1814814814814816,25.275604142692746,1
0,1,1,72,1,1.0,1.0,1.0,1.0,1.0,1.0,1.0,1,115.5,8425.15,1,0,1,0,0,0,1,0,0,1,0,7.0,14.4375,1,1,0,0,0,0.0,1.582191780821918,72.31888412017167,3
0,0,0,71,1,0.0,0.0,0.0,0.0,0.0,0.0,0.0,1,19.9,1355.1,0,0,0,1,0,0,1,0,1,0,0,0.0,19.9,0,1,1,0,0,0.0,0.27638888888888885,64.83732057416267,3
0,1,1,5,0,0.0,0.0,1.0,0.0,1.0,0.0,0.0,0,34.25,163.55,1,1,0,0,1,0,0,0,0,1,0,2.0,11.416666666666666,0,0,0,0,1,0.0,5.708333333333333,4.639716312056738,0
0,0,0,25,0,0.0,1.0,1.0,1.0,0.0,1.0,1.0,0,61.05,1540.2,1,1,0,0,0,1,0,0,0,1,0,5.0,10.174999999999999,1,1,0,0,0,0.0,2.348076923076923,24.82191780821918,1
1,1,0,42,1,1.0,1.0,0.0,1.0,0.0,1.0,1.0,1,105.2,4599.15,1,0,1,0,0,1,0,1,0,0,0,5.0,17.533333333333335,1,1,1,0,0,0.0,2.4465116279069767,43.30649717514124,2
0,1,0,50,1,0.0,0.0,0.0,0.0,0.0,0.0,0.0,1,19.85,943.1,1,0,0,1,0,1,0,1,0,0,0,0.0,19.85,0,1,1,0,0,0.0,0.3892156862745098,45.2326139088729,2
0,1,1,71,1,0.0,1.0,1.0,1.0,1.0,1.0,1.0,0,87.25,6328.7,1,1,0,0,0,0,1,0,1,0,0,6.0,12.464285714285714,1,1,1,0,0,0.0,1.2118055555555556,71.71331444759207,3
0,1,1,55,1,0.0,0.0,1.0,0.0,1.0,0.0,0.0,0,79.4,4238.45,0,0,1,0,1,0,0,0,0,1,0,2.0,26.46666666666667,0,0,0,1,1,0.0,1.417857142857143,52.71703980099502,2
0,0,0,4,1,1.0,1.0,0.0,0.0,0.0,0.0,0.0,1,80.15,319.85,1,0,1,0,1,0,0,0,0,1,0,2.0,26.71666666666667,0,0,0,1,1,0.0,16.03,3.9414664202094887,0
1,1,0,61,1,1.0,0.0,1.0,0.0,0.0,0.0,1.0,0,64.05,3902.6,0,1,0,0,0,1,0,1,0,0,0,3.0,16.0125,1,1,1,0,0,0.0,1.0330645161290322,59.99385088393544,3
0,1,1,70,1,0.0,0.0,1.0,1.0,1.0,1.0,1.0,1,106.15,7475.1,0,0,1,0,0,1,0,0,0,1,0,5.0,17.691666666666666,1,1,0,0,0,0.0,1.4950704225352114,69.76294913672422,3
0,1,1,56,1,1.0,1.0,1.0,1.0,1.0,1.0,1.0,0,115.85,6567.9,0,0,1,0,0,0,1,0,0,0,1,7.0,14.48125,1,1,0,0,0,0.0,2.032456140350877,56.20795892169448,2
0,0,0,8,1,1.0,0.0,0.0,1.0,0.0,1.0,1.0,1,99.65,820.5,1,0,1,0,1,0,0,0,0,1,0,4.0,19.93,1,0,0,1,1,1.0,11.072222222222223,8.152011922503725,0
0,1,1,72,1,1.0,1.0,0.0,1.0,0.0,1.0,1.0,1,105.55,7542.25,0,0,1,0,0,0,1,1,0,0,0,5.0,17.591666666666665,1,1,1,0,0,0.0,1.4458904109589041,70.78601595495073,3
0,1,1,60,1,0.0,0.0,1.0,1.0,0.0,1.0,0.0,0,90.95,5453.4,0,0,1,0,0,1,0,0,0,1,0,3.0,22.7375,1,1,0,0,0,1.0,1.4909836065573772,59.30831973898857,2
0,1,0,28,1,0.0,1.0,0.0,0.0,1.0,0.0,0.0,0,54.35,1426.45,0,1,0,0,0,1,0,0,0,0,1,2.0,18.116666666666667,0,1,0,0,0,0.0,1.8741379310344828,25.77145438121048,1
0,1,1,16,1,1.0,1.0,1.0,0.0,1.0,1.0,1.0,0,84.9,1398.25,0,1,0,0,1,0,0,0,0,1,0,6.0,12.12857142857143,1,0,0,0,1,0.0,4.9941176470588236,16.277648428405122,1
0,0,0,21,1,1.0,1.0,0.0,1.0,0.0,1.0,1.0,0,103.85,2215.0,0,0,1,0,1,0,0,0,0,0,1,5.0,17.308333333333334,1,0,0,1,0,0.0,4.720454545454545,21.12541726275632,1
1,1,0,42,1,1.0,0.0,0.0,0.0,0.0,1.0,1.0,1,95.05,3944.5,1,0,1,0,1,0,0,0,0,1,0,3.0,23.7625,1,0,0,1,1,1.0,2.2104651162790696,41.06715252472671,2
0,1,0,3,1,0.0,0.0,0.0,0.0,0.0,0.0,0.0,1,19.6,55.25,1,0,0,1,1,0,0,0,0,0,1,0.0,19.6,0,0,0,0,0,0.0,4.9,2.6820388349514563,0
1,0,0,9,1,1.0,0.0,0.0,0.0,0.0,0.0,0.0,1,74.55,622.9,1,0,1,0,1,0,0,0,0,1,0,1.0,37.275,0,0,0,1,1,1.0,7.455,8.244870946393117,0
0,1,0,59,1,1.0,1.0,1.0,1.0,1.0,1.0,0.0,1,106.75,6252.9,0,0,1,0,1,0,0,0,0,1,0,6.0,15.25,1,0,0,1,1,0.0,1.7791666666666666,58.031554524361944,2
0,1,1,7,0,0.0,1.0,1.0,1.0,0.0,0.0,0.0,0,38.55,280.0,0,1,0,0,0,0,1,0,0,0,1,3.0,9.6375,0,1,0,0,0,0.0,4.81875,7.079646017699115,0
0,1,1,30,1,0.0,0.0,0.0,0.0,0.0,0.0,0.0,0,21.25,711.9,0,0,0,1,0,0,1,0,0,0,1,0.0,21.25,0,1,0,0,0,0.0,0.6854838709677419,31.99550561797753,1
0,0,0,53,1,0.0,1.0,1.0,1.0,1.0,0.0,1.0,0,99.5,5424.25,1,0,1,0,0,0,1,0,0,0,1,5.0,16.583333333333332,1,1,0,0,0,0.0,1.8425925925925926,53.972636815920396,2
0,0,0,69,1,1.0,1.0,1.0,1.0,1.0,0.0,1.0,1,78.6,5356.45,0,1,0,0,0,1,0,0,1,0,0,6.0,11.228571428571428,1,1,1,0,0,0.0,1.1228571428571428,67.29208542713567,3
0,1,1,57,1,0.0,0.0,0.0,0.0,0.0,0.0,0.0,0,19.5,1167.6,1,0,0,1,0,0,1,1,0,0,0,0.0,19.5,0,1,1,0,0,0.0,0.33620689655172414,56.95609756097561,2
0,1,0,62,1,1.0,0.0,0.0,0.0,0.0,0.0,0.0,0,23.65,1416.75,1,0,0,1,0,0,1,1,0,0,0,1.0,11.825,0,1,1,0,0,0.0,0.3753968253968254,57.47464503042597,3
0,1,1,66,1,0.0,1.0,1.0,1.0,1.0,1.0,0.0,1,75.1,5013.0,0,1,0,0,0,1,0,0,0,1,0,5.0,12.516666666666666,1,1,0,0,0,0.0,1.1208955223880597,65.87385019710908,3
0,1,1,34,1,1.0,0.0,0.0,1.0,0.0,0.0,1.0,1,90.05,3097.0,0,0,1,0,1,0,0,0,1,0,0,3.0,22.5125,1,0,1,1,0,1.0,2.572857142857143,34.01427786930258,1
0,0,1,1,1,0.0,1.0,0.0,0.0,0.0,0.0,0.0,0,51.2,51.2,1,1,0,0,1,0,0,0,0,0,1,1.0,25.6,0,0,0,0,0,0.0,25.6,0.9808429118773946,0
0,1,0,60,1,1.0,0.0,0.0,1.0,0.0,1.0,1.0,0,101.15,6067.4,0,0,1,0,0,0,1,0,1,0,0,4.0,20.23,1,1,1,0,0,1.0,1.6581967213114754,59.396965247185506,2
0,1,1,23,1,0.0,1.0,1.0,1.0,1.0,0.0,0.0,1,66.25,1533.8,1,1,0,0,0,1,0,0,0,0,1,4.0,13.25,0,1,0,0,0,0.0,2.7604166666666665,22.80743494423792,1
0,0,0,66,1,0.0,0.0,1.0,1.0,0.0,1.0,1.0,0,99.5,6710.5,0,0,1,0,1,0,0,0,0,1,0,4.0,19.9,1,0,0,1,1,1.0,1.4850746268656716,66.77114427860697,3
1,0,0,13,1,1.0,0.0,0.0,0.0,0.0,1.0,1.0,1,95.05,1290.0,1,0,1,0,1,0,0,0,0,1,0,3.0,23.7625,1,0,0,1,1,1.0,6.789285714285714,13.430504945340969,1
0,1,1,72,1,0.0,0.0,0.0,0.0,0.0,0.0,0.0,0,20.3,1401.15,0,0,0,1,0,0,1,1,0,0,0,0.0,20.3,0,1,1,0,0,0.0,0.27808219178082194,65.78169014084507,3
0,1,1,63,1,1.0,1.0,0.0,0.0,0.0,1.0,1.0,1,99.65,6311.2,1,0,1,0,0,1,0,0,1,0,0,4.0,19.93,1,1,1,0,0,0.0,1.55703125,62.7044212617983,3
0,1,1,72,0,0.0,1.0,1.0,1.0,1.0,1.0,1.0,1,64.8,4719.75,0,1,0,0,0,0,1,0,1,0,0,6.0,9.257142857142856,1,1,1,0,0,0.0,0.8876712328767122,71.72872340425532,3
0,1,1,62,1,1.0,1.0,1.0,1.0,1.0,1.0,1.0,0,115.55,7159.05,0,0,1,0,0,0,1,1,0,0,0,7.0,14.44375,1,1,1,0,0,0.0,1.834126984126984,61.424710424710426,3
1,1,0,16,1,0.0,0.0,0.0,1.0,1.0,0.0,1.0,1,91.55,1540.05,0,0,1,0,1,0,0,0,0,1,0,3.0,22.8875,1,0,0,1,1,0.0,5.385294117647058,16.640194489465156,1
0,1,0,71,1,1.0,1.0,0.0,1.0,0.0,1.0,1.0,1,104.1,7412.25,1,0,1,0,0,1,0,0,1,0,0,5.0,17.349999999999998,1,1,1,0,0,0.0,1.4458333333333333,70.52568981921979,3
0,0,0,4,1,0.0,0.0,0.0,0.0,0.0,1.0,0.0,1,79.0,303.15,1,0,1,0,1,0,0,0,0,1,0,1.0,39.5,1,0,0,1,1,1.0,15.8,3.7893749999999997,0
0,1,0,15,1,0.0,0.0,0.0,0.0,0.0,1.0,1.0,0,88.15,1390.6,1,0,1,0,1,0,0,0,0,1,0,2.0,29.383333333333336,1,0,0,1,1,1.0,5.509375,15.598429613011776,1
0,0,0,21,0,0.0,1.0,0.0,0.0,1.0,0.0,0.0,0,35.1,770.4,1,1,0,0,0,0,1,0,0,0,1,2.0,11.700000000000001,0,1,0,0,0,0.0,1.5954545454545455,21.340720221606645,1
0,1,1,20,0,0.0,1.0,0.0,1.0,1.0,0.0,0.0,1,39.4,825.4,0,1,0,0,0,0,1,0,1,0,0,3.0,9.85,0,1,1,0,0,0.0,1.8761904761904762,20.43069306930693,1
0,1,1,47,1,1.0,0.0,1.0,0.0,0.0,0.0,0.0,0,54.25,2538.2,0,1,0,0,1,0,0,0,0,1,0,2.0,18.083333333333332,0,0,0,0,1,0.0,1.1302083333333333,45.94027149321267,2
0,1,1,72,0,0.0,1.0,1.0,1.0,1.0,1.0,1.0,0,64.45,4528.0,1,1,0,0,0,0,1,1,0,0,0,6.0,9.207142857142857,1,1,1,0,0,0.0,0.8828767123287672,69.18258212375859,3
0,0,0,18,1,0.0,1.0,0.0,1.0,1.0,1.0,0.0,1,68.35,1299.8,0,1,0,0,1,0,0,0,0,1,0,4.0,13.669999999999998,1,0,0,0,1,0.0,3.5973684210526313,18.742609949531364,1
0,0,0,24,1,1.0,0.0,0.0,0.0,0.0,0.0,0.0,0,24.6,605.25,1,0,0,1,0,1,0,1,0,0,0,1.0,12.3,0,1,1,0,0,0.0,0.9840000000000001,23.642578125,1
0,1,0,56,1,1.0,0.0,1.0,0.0,1.0,1.0,1.0,1,107.25,6033.3,0,0,1,0,0,1,0,0,0,1,0,5.0,17.875,1,1,0,0,0,0.0,1.881578947368421,55.734872979214785,2
0,0,0,5,1,0.0,0.0,1.0,0.0,1.0,0.0,1.0,1,89.35,461.7,1,0,1,0,1,0,0,0,0,1,0,3.0,22.3375,1,0,0,1,1,0.0,14.891666666666666,5.110127282789153,0
0,1,1,17,1,1.0,0.0,0.0,0.0,0.0,0.0,0.0,0,24.1,409.9,1,0,0,1,1,0,0,0,0,0,1,1.0,12.05,0,0,0,0,0,0.0,1.338888888888889,16.33067729083665,1
1,0,0,13,1,0.0,0.0,0.0,1.0,0.0,1.0,1.0,1,96.85,1235.55,1,0,1,0,1,0,0,0,0,1,0,3.0,24.2125,1,0,0,1,1,1.0,6.917857142857143,12.62698007153807,1
0,1,1,59,1,1.0,0.0,0.0,1.0,0.0,1.0,1.0,1,99.5,5861.75,0,0,1,0,0,0,1,0,1,0,0,4.0,19.9,1,1,1,0,0,1.0,1.6583333333333334,58.32587064676617,2
1,1,0,29,1,1.0,0.0,1.0,1.0,0.0,0.0,1.0,1,95.9,2745.2,0,0,1,0,1,0,0,0,0,1,0,4.0,19.18,1,0,0,1,1,1.0,3.1966666666666668,28.330237358101133,1
0,1,1,28,1,1.0,0.0,0.0,0.0,0.0,0.0,0.0,0,49.9,1410.25,1,1,0,0,1,0,0,0,0,0,1,1.0,24.95,0,0,0,0,0,0.0,1.7206896551724138,27.706286836935167,1
0,0,0,46,1,1.0,1.0,0.0,1.0,0.0,1.0,1.0,0,79.2,3593.8,1,1,0,0,0,0,1,0,0,0,1,5.0,13.200000000000001,1,1,0,0,0,0.0,1.6851063829787234,44.81047381546135,2
1,0,0,2,1,0.0,0.0,0.0,0.0,0.0,0.0,0.0,1,44.7,93.7,0,1,0,0,1,0,0,0,0,1,0,0.0,44.7,0,0,0,0,1,0.0,14.9,2.050328227571116,0
1,0,0,1,0,0.0,0.0,0.0,0.0,0.0,0.0,0.0,1,25.7,25.7,1,1,0,0,1,0,0,0,0,0,1,0.0,25.7,0,0,0,0,0,0.0,12.85,0.9625468164794008,0
0,0,0,12,1,0.0,0.0,0.0,0.0,0.0,0.0,0.0,1,45.4,518.9,0,1,0,0,1,0,0,1,0,0,0,0.0,45.4,0,0,1,0,0,0.0,3.4923076923076923,11.183189655172413,0
0,1,1,51,1,0.0,0.0,0.0,0.0,0.0,0.0,0.0,0,19.95,1028.75,1,0,0,1,0,0,1,0,0,0,1,0.0,19.95,0,1,0,0,0,0.0,0.3836538461538461,49.105011933174225,2
0,0,0,60,0,0.0,1.0,1.0,1.0,0.0,0.0,0.0,0,39.6,2424.5,0,1,0,0,0,0,1,1,0,0,0,3.0,9.9,0,1,1,0,0,0.0,0.6491803278688525,59.716748768472904,2
0,1,1,16,1,0.0,0.0,0.0,0.0,0.0,0.0,0.0,0,20.15,341.35,0,0,0,1,1,0,0,0,0,1,0,0.0,20.15,0,0,0,0,1,0.0,1.1852941176470588,16.139479905437355,1
0,1,1,70,1,1.0,0.0,1.0,1.0,1.0,1.0,1.0,1,85.95,5931.75,0,1,0,0,0,0,1,0,1,0,0,6.0,12.278571428571428,1,1,1,0,0,0.0,1.2105633802816902,68.22024151811385,3
0,1,1,35,1,0.0,0.0,0.0,0.0,0.0,0.0,0.0,1,19.85,739.35,1,0,0,1,0,0,1,0,0,0,1,0.0,19.85,0,1,0,0,0,0.0,0.5513888888888889,35.460431654676256,1
0,1,0,37,1,1.0,0.0,0.0,1.0,1.0,1.0,0.0,0,94.3,3460.95,0,0,1,0,0,0,1,0,0,0,1,4.0,18.86,1,1,0,0,0,0.0,2.481578947368421,36.31636935991605,2
0,1,1,54,1,1.0,0.0,1.0,1.0,1.0,1.0,1.0,1,86.2,4524.05,1,1,0,0,1,0,0,0,0,1,0,6.0,12.314285714285715,1,0,0,0,1,0.0,1.5672727272727274,51.88130733944954,2
1,1,0,72,1,1.0,1.0,1.0,1.0,1.0,1.0,1.0,0,89.1,6352.4,1,1,0,0,0,0,1,0,1,0,0,7.0,11.1375,1,1,1,0,0,0.0,1.2205479452054793,70.503884572697,3
0,0,0,1,1,1.0,0.0,1.0,0.0,0.0,0.0,0.0,1,79.15,79.15,1,0,1,0,1,0,0,0,0,0,1,2.0,26.383333333333336,0,0,0,1,0,1.0,39.575,0.9875233936369308,0
1,0,0,23,1,1.0,0.0,0.0,1.0,0.0,0.0,0.0,1,79.35,1835.3,1,0,1,0,1,0,0,0,0,0,1,2.0,26.45,0,0,0,1,0,1.0,3.30625,22.841319228375855,1
0,1,1,43,1,1.0,0.0,0.0,1.0,0.0,0.0,1.0,1,92.55,4039.0,1,0,1,0,1,0,0,1,0,0,0,3.0,23.1375,1,0,1,1,0,1.0,2.103409090909091,43.17477284874399,2
0,0,1,70,1,1.0,1.0,1.0,0.0,1.0,0.0,0.0,0,64.95,4551.5,0,1,0,0,0,1,0,1,0,0,0,4.0,12.99,0,1,1,0,0,0.0,0.9147887323943662,69.01440485216072,3
0,0,0,6,0,0.0,0.0,0.0,0.0,0.0,1.0,1.0,0,45.0,298.7,1,1,0,0,1,0,0,0,1,0,0,2.0,15.0,1,0,1,0,0,0.0,6.428571428571429,6.493478260869565,0
0,1,0,42,0,0.0,0.0,0.0,0.0,0.0,0.0,0.0,1,25.1,1097.15,0,1,0,0,1,0,0,0,1,0,0,0.0,25.1,0,0,1,0,0,0.0,0.5837209302325582,42.03639846743295,2
0,0,0,4,1,1.0,0.0,0.0,0.0,0.0,1.0,0.0,1,85.65,321.65,1,0,1,0,1,0,0,0,0,1,0,2.0,28.55,1,0,0,1,1,1.0,17.130000000000003,3.7120600115406805,0
0,1,0,72,1,1.0,1.0,1.0,1.0,1.0,0.0,1.0,1,82.3,5980.55,0,1,0,0,0,0,1,1,0,0,0,6.0,11.757142857142856,1,1,1,0,0,0.0,1.1273972602739726,71.79531812725091,3
0,1,1,1,1,0.0,0.0,0.0,0.0,0.0,0.0,0.0,1,71.0,71.0,0,0,1,0,1,0,0,0,0,1,0,0.0,71.0,0,0,0,1,1,1.0,35.5,0.9861111111111112,0
0,0,0,10,1,1.0,0.0,1.0,0.0,0.0,0.0,0.0,0,79.85,797.25,0,0,1,0,1,0,0,0,0,1,0,2.0,26.616666666666664,0,0,0,1,1,1.0,7.259090909090909,9.860853432282005,0
0,0,0,54,1,1.0,0.0,1.0,0.0,0.0,0.0,0.0,1,79.85,4308.25,0,0,1,0,1,0,0,1,0,0,0,2.0,26.616666666666664,0,0,1,1,0,1.0,1.4518181818181817,53.286951144094004,2
0,1,0,71,1,1.0,0.0,0.0,0.0,0.0,0.0,0.0,1,24.25,1732.95,1,0,0,1,0,0,1,0,1,0,0,1.0,12.125,0,1,1,0,0,0.0,0.3368055555555556,68.63168316831684,3
0,0,0,42,1,1.0,0.0,0.0,0.0,0.0,0.0,0.0,0,25.05,949.85,0,0,0,1,0,1,0,0,0,1,0,1.0,12.525,0,1,0,0,0,0.0,0.5825581395348838,36.46257197696737,2
0,1,1,52,1,1.0,0.0,0.0,1.0,1.0,0.0,1.0,1,96.25,4990.25,0,0,1,0,0,0,1,1,0,0,0,4.0,19.25,1,1,1,0,0,0.0,1.8160377358490567,51.31362467866324,2
0,0,0,3,1,0.0,0.0,0.0,0.0,0.0,1.0,0.0,0,53.4,188.7,0,1,0,0,1,0,0,0,1,0,0,1.0,26.7,1,0,1,0,0,0.0,13.35,3.46875,0
1,1,0,70,1,1.0,0.0,1.0,0.0,1.0,1.0,1.0,1,105.55,7195.35,1,0,1,0,0,1,0,1,0,0,0,5.0,17.591666666666665,1,1,1,0,0,0.0,1.486619718309859,67.53026748005632,3
0,1,0,65,1,1.0,0.0,1.0,0.0,0.0,1.0,0.0,1,91.85,5940.85,0,0,1,0,1,0,0,1,0,0,0,3.0,22.9625,1,0,1,1,0,1.0,1.3916666666666666,63.98330640818525,3
1,1,0,72,1,1.0,0.0,0.0,0.0,0.0,0.0,0.0,0,24.3,1778.7,1,0,0,1,0,0,1,1,0,0,0,1.0,12.15,0,1,1,0,0,0.0,0.33287671232876714,70.30434782608695,3
0,1,0,61,1,0.0,1.0,1.0,0.0,1.0,0.0,1.0,0,93.7,5860.7,1,0,1,0,0,1,0,1,0,0,0,4.0,18.740000000000002,1,1,1,0,0,0.0,1.511290322580645,61.887011615628296,3
0,0,0,37,1,0.0,0.0,1.0,1.0,0.0,0.0,0.0,0,80.05,3019.1,1,0,1,0,0,1,0,0,0,1,0,2.0,26.683333333333334,0,1,0,0,0,1.0,2.106578947368421,37.24984577421345,2
1,1,0,36,1,1.0,0.0,1.0,0.0,0.0,1.0,1.0,1,96.5,3436.1,0,0,1,0,1,0,0,0,0,1,0,4.0,19.3,1,0,0,1,1,1.0,2.608108108108108,35.24205128205128,1
0,1,0,33,1,1.0,0.0,1.0,1.0,0.0,1.0,1.0,1,104.4,3409.6,1,0,1,0,1,0,0,0,0,1,0,5.0,17.400000000000002,1,0,0,1,1,1.0,3.070588235294118,32.34914611005692,1
0,0,0,1,1,1.0,0.0,0.0,0.0,0.0,1.0,0.0,1,84.6,84.6,1,0,1,0,1,0,0,0,0,1,0,2.0,28.2,1,0,0,1,1,1.0,42.3,0.9883177570093458,0
0,0,0,3,1,0.0,0.0,0.0,1.0,1.0,0.0,0.0,0,80.1,217.55,1,0,1,0,1,0,0,0,1,0,0,2.0,26.7,0,0,1,1,0,0.0,20.025,2.6824907521578303,0
1,1,0,35,1,1.0,0.0,0.0,1.0,0.0,1.0,1.0,1,100.8,3437.5,0,0,1,0,1,0,0,0,0,1,0,4.0,20.16,1,0,0,1,1,1.0,2.8,33.7671905697446,1
0,0,0,2,1,1.0,0.0,0.0,0.0,0.0,0.0,0.0,1,75.55,166.3,1,0,1,0,1,0,0,0,0,1,0,1.0,37.775,0,0,0,1,1,1.0,25.183333333333334,2.1724363161332465,0
0,0,0,1,1,0.0,0.0,0.0,0.0,0.0,0.0,0.0,0,20.3,20.3,0,0,0,1,1,0,0,0,0,0,1,0.0,20.3,0,0,0,0,0,0.0,10.15,0.9530516431924883,0
0,1,1,72,1,1.0,0.0,1.0,1.0,1.0,0.0,1.0,1,98.65,7129.45,1,0,1,0,0,0,1,1,0,0,0,5.0,16.441666666666666,1,1,1,0,0,0.0,1.3513698630136988,71.54490717511288,3
0,0,0,18,1,0.0,0.0,0.0,0.0,1.0,0.0,0.0,1,75.9,1373.05,0,0,1,0,1,0,0,1,0,0,0,1.0,37.95,0,0,1,1,0,0.0,3.9947368421052634,17.855006501950584,1
0,0,0,1,1,0.0,0.0,0.0,0.0,0.0,0.0,0.0,1,19.25,19.25,1,0,0,1,1,0,0,1,0,0,0,0.0,19.25,0,0,1,0,0,0.0,9.625,0.9506172839506173,0
0,1,1,70,1,0.0,0.0,0.0,0.0,0.0,0.0,0.0,0,19.8,1378.75,1,0,0,1,0,0,1,1,0,0,0,0.0,19.8,0,1,1,0,0,0.0,0.27887323943661974,66.2860576923077,3
1,0,0,11,1,1.0,0.0,1.0,1.0,1.0,1.0,1.0,1,111.4,1183.05,0,0,1,0,1,0,0,0,0,1,0,6.0,15.914285714285715,1,0,0,1,1,0.0,9.283333333333333,10.52535587188612,0
1,0,0,3,1,0.0,0.0,0.0,0.0,0.0,0.0,0.0,0,45.0,127.1,1,1,0,0,1,0,0,0,0,1,0,0.0,45.0,0,0,0,0,1,0.0,11.25,2.7630434782608693,0
0,1,1,5,1,0.0,0.0,0.0,0.0,0.0,1.0,0.0,1,80.85,356.1,1,0,1,0,1,0,0,0,0,1,0,1.0,40.425,1,0,0,1,1,1.0,13.475,4.350641417226635,0
0,0,0,33,0,0.0,0.0,1.0,0.0,0.0,1.0,0.0,1,39.1,1309.0,0,1,0,0,0,1,0,0,0,1,0,2.0,13.033333333333333,1,1,0,0,0,0.0,1.1500000000000001,32.643391521197,1
0,0,0,32,1,1.0,0.0,0.0,0.0,0.0,0.0,1.0,1,85.65,2664.3,0,0,1,0,1,0,0,1,0,0,0,2.0,28.55,1,0,1,1,0,1.0,2.5954545454545457,30.74783612233122,1
0,1,1,48,1,0.0,0.0,0.0,0.0,0.0,0.0,0.0,0,20.2,1027.25,1,0,0,1,0,0,1,1,0,0,0,0.0,20.2,0,1,1,0,0,0.0,0.4122448979591837,48.45518867924528,2
0,0,0,1,1,0.0,0.0,0.0,0.0,0.0,1.0,0.0,0,78.05,78.05,1,0,1,0,1,0,0,0,0,1,0,1.0,39.025,1,0,0,1,1,1.0,39.025,0.9873497786211258,0
0,0,1,18,1,1.0,1.0,0.0,0.0,0.0,0.0,1.0,0,64.8,1166.7,1,1,0,0,1,0,0,0,0,1,0,3.0,16.2,1,0,0,0,1,0.0,3.4105263157894736,17.73100303951368,1
0,1,0,26,1,1.0,0.0,0.0,0.0,0.0,0.0,0.0,0,26.0,684.05,1,0,0,1,0,1,0,0,0,0,1,1.0,13.0,0,1,0,0,0,0.0,0.9629629629629629,25.335185185185182,1
1,1,1,56,1,0.0,1.0,0.0,0.0,1.0,1.0,1.0,1,72.6,4084.35,1,1,0,0,0,0,1,0,1,0,0,4.0,14.52,1,1,1,0,0,0.0,1.2736842105263158,55.49388586956522,2
1,0,0,35,1,0.0,0.0,0.0,1.0,1.0,1.0,1.0,1,73.0,2471.25,0,1,0,0,0,1,0,0,0,1,0,4.0,14.6,1,1,0,0,0,0.0,2.0277777777777777,33.395270270270274,1
1,1,0,20,1,1.0,0.0,1.0,0.0,1.0,1.0,1.0,0,107.05,2172.05,0,0,1,0,1,0,0,0,0,1,0,5.0,17.841666666666665,1,0,0,1,1,0.0,5.097619047619047,20.102267468764463,1
0,1,1,58,1,1.0,0.0,0.0,0.0,0.0,0.0,0.0,1,24.5,1497.9,1,0,0,1,0,1,0,0,1,0,0,1.0,12.25,0,1,1,0,0,0.0,0.4152542372881356,58.741176470588236,2
0,1,1,33,1,1.0,0.0,0.0,0.0,0.0,0.0,0.0,1,24.5,740.3,1,0,0,1,0,0,1,0,0,0,1,1.0,12.25,0,1,0,0,0,0.0,0.7205882352941176,29.031372549019608,1
0,1,1,6,1,0.0,0.0,1.0,0.0,0.0,0.0,1.0,1,83.55,477.55,0,0,1,0,1,0,0,0,1,0,0,2.0,27.849999999999998,1,0,1,1,0,1.0,11.935714285714285,5.648137196924897,0
1,0,0,4,1,0.0,0.0,0.0,0.0,0.0,1.0,0.0,1,78.85,292.8,1,0,1,0,1,0,0,0,0,1,0,1.0,39.425,1,0,0,1,1,1.0,15.77,3.6668753913587984,0
0,0,1,48,1,0.0,0.0,1.0,1.0,1.0,1.0,0.0,1,95.5,4627.85,1,0,1,0,0,0,1,0,0,0,1,4.0,19.1,1,1,0,0,0,0.0,1.9489795918367347,47.95699481865285,2
0,0,0,63,1,0.0,0.0,0.0,0.0,0.0,0.0,0.0,0,20.5,1328.15,0,0,0,1,0,1,0,0,0,0,1,0.0,20.5,0,1,0,0,0,0.0,0.3203125,61.77441860465117,3
0,0,0,13,1,1.0,0.0,0.0,0.0,0.0,0.0,1.0,1,85.95,1215.65,1,0,1,0,1,0,0,0,0,1,0,2.0,28.650000000000002,1,0,0,1,1,1.0,6.139285714285714,13.981023576768258,1
0,1,1,72,0,0.0,0.0,1.0,1.0,1.0,1.0,1.0,1,60.0,4264.0,1,1,0,0,0,0,1,0,0,1,0,5.0,10.0,1,1,0,0,0,0.0,0.821917808219178,69.90163934426229,3
0,0,0,18,1,1.0,0.0,0.0,1.0,0.0,1.0,0.0,1,89.6,1633.0,0,0,1,0,0,1,0,0,1,0,0,3.0,22.4,1,1,1,0,0,1.0,4.71578947368421,18.024282560706403,1
0,1,0,32,1,0.0,0.0,0.0,0.0,0.0,0.0,0.0,0,19.3,593.2,1,0,0,1,0,1,0,0,0,0,1,0.0,19.3,0,1,0,0,0,0.0,0.5848484848484848,29.221674876847292,1
0,0,1,5,1,0.0,0.0,0.0,0.0,1.0,0.0,0.0,1,48.65,235.2,0,1,0,0,1,0,0,1,0,0,0,1.0,24.325,0,0,1,0,0,0.0,8.108333333333333,4.737160120845921,0
0,1,1,23,1,0.0,0.0,0.0,1.0,0.0,0.0,0.0,1,75.3,1702.9,1,0,1,0,1,0,0,0,1,0,0,1.0,37.65,0,0,1,1,0,1.0,3.1374999999999997,22.318479685452164,1
0,0,0,15,1,1.0,0.0,0.0,0.0,0.0,0.0,0.0,1,76.0,1130.85,0,0,1,0,1,0,0,0,0,0,1,1.0,38.0,0,0,0,1,0,1.0,4.75,14.686363636363636,1
0,1,0,57,1,1.0,1.0,0.0,0.0,0.0,1.0,1.0,1,99.65,5497.05,1,0,1,0,1,0,0,0,0,1,0,4.0,19.93,1,0,0,1,1,0.0,1.7181034482758621,54.61549925484351,2
0,1,1,29,1,0.0,0.0,0.0,0.0,0.0,0.0,0.0,1,70.75,1974.8,0,0,1,0,1,0,0,0,0,1,0,0.0,70.75,0,0,0,1,1,1.0,2.3583333333333334,27.52334494773519,1
0,0,0,20,1,0.0,1.0,0.0,1.0,0.0,0.0,1.0,0,64.4,1398.6,0,1,0,0,1,0,0,0,1,0,0,3.0,16.1,1,0,1,0,0,0.0,3.066666666666667,21.385321100917427,1
1,0,0,3,1,1.0,0.0,0.0,0.0,0.0,0.0,0.0,1,76.05,231.8,0,0,1,0,1,0,0,0,0,1,0,1.0,38.025,0,0,0,1,1,1.0,19.0125,3.0084360804672294,0
0,1,0,42,1,0.0,0.0,0.0,1.0,1.0,1.0,1.0,1,99.0,4135.0,1,0,1,0,0,0,1,0,1,0,0,4.0,19.8,1,1,1,0,0,0.0,2.302325581395349,41.35,2
0,1,0,36,1,0.0,1.0,0.0,0.0,0.0,1.0,1.0,1,93.6,3366.05,0,0,1,0,1,0,0,0,0,1,0,3.0,23.4,1,0,0,1,1,0.0,2.5297297297297296,35.58192389006343,1
0,0,1,48,1,1.0,1.0,0.0,1.0,0.0,1.0,1.0,1,78.75,3682.45,0,1,0,0,0,1,0,0,1,0,0,5.0,13.125,1,1,1,0,0,0.0,1.6071428571428572,46.17492163009404,2
0,1,0,70,1,1.0,0.0,1.0,1.0,1.0,1.0,1.0,1,110.5,7752.05,1,0,1,0,0,0,1,0,0,1,0,6.0,15.785714285714286,1,1,0,0,0,0.0,1.556338028169014,69.52511210762331,3
0,0,0,3,0,0.0,1.0,0.0,0.0,1.0,0.0,0.0,0,34.25,139.35,1,1,0,0,1,0,0,0,0,0,1,2.0,11.416666666666666,0,0,0,0,0,0.0,8.5625,3.953191489361702,0
0,0,0,20,1,1.0,0.0,0.0,0.0,0.0,1.0,0.0,1,85.25,1734.5,0,0,1,0,1,0,0,0,0,1,0,2.0,28.416666666666668,1,0,0,1,1,1.0,4.059523809523809,20.110144927536233,1
1,0,0,1,1,0.0,0.0,0.0,1.0,0.0,0.0,1.0,1,85.0,85.0,1,0,1,0,1,0,0,0,0,1,0,2.0,28.333333333333332,1,0,0,1,1,1.0,42.5,0.9883720930232558,0
0,0,0,7,1,0.0,0.0,0.0,0.0,0.0,0.0,1.0,1,79.3,523.15,1,0,1,0,1,0,0,0,0,1,0,1.0,39.65,1,0,0,1,1,1.0,9.9125,6.51494396014944,0
0,1,1,72,1,1.0,1.0,1.0,1.0,0.0,1.0,1.0,1,110.3,7966.9,0,0,1,0,0,0,1,1,0,0,0,6.0,15.757142857142856,1,1,1,0,0,0.0,1.510958904109589,71.58041329739443,3
0,1,0,30,1,1.0,0.0,0.0,0.0,0.0,0.0,0.0,0,49.9,1441.95,0,1,0,0,1,0,0,0,0,1,0,1.0,24.95,0,0,0,0,1,0.0,1.6096774193548387,28.32907662082515,1
1,1,0,54,1,1.0,1.0,1.0,1.0,1.0,1.0,1.0,1,115.6,6431.05,1,0,1,0,0,1,0,1,0,0,0,7.0,14.45,1,1,1,0,0,0.0,2.1018181818181816,55.15480274442539,2
0,1,1,48,1,0.0,0.0,0.0,0.0,0.0,0.0,0.0,0,19.55,883.35,1,0,0,1,0,0,1,0,0,0,1,0.0,19.55,0,1,0,0,0,0.0,0.3989795918367347,42.98540145985402,2
0,0,0,21,1,1.0,0.0,0.0,0.0,0.0,1.0,1.0,1,97.35,2119.5,1,0,1,0,1,0,0,0,0,1,0,3.0,24.3375,1,0,0,1,1,1.0,4.425,21.550584646670057,1
0,1,0,70,1,0.0,1.0,1.0,0.0,1.0,0.0,0.0,0,84.6,5706.2,0,0,1,0,0,0,1,1,0,0,0,3.0,21.15,0,1,1,0,0,0.0,1.1915492957746479,66.66121495327103,3
1,1,0,38,1,1.0,0.0,1.0,1.0,0.0,1.0,1.0,1,102.6,4009.2,0,0,1,0,1,0,0,0,0,1,0,5.0,17.099999999999998,1,0,0,1,1,1.0,2.6307692307692307,38.6988416988417,2
0,0,0,8,1,0.0,0.0,0.0,1.0,1.0,0.0,1.0,0,64.1,504.05,1,1,0,0,1,0,0,0,0,0,1,3.0,16.025,1,0,0,0,0,0.0,7.122222222222222,7.7427035330261145,0
0,0,0,4,1,1.0,0.0,0.0,0.0,0.0,0.0,0.0,0,50.4,206.6,0,1,0,0,1,0,0,0,0,0,1,1.0,25.2,0,0,0,0,0,0.0,10.08,4.019455252918288,0
0,1,1,63,1,1.0,1.0,1.0,1.0,0.0,1.0,1.0,0,83.5,5435.0,0,1,0,0,0,0,1,0,1,0,0,6.0,11.928571428571429,1,1,1,0,0,0.0,1.3046875,64.31952662721893,3
0,1,1,47,0,0.0,1.0,1.0,1.0,0.0,1.0,1.0,1,60.0,2768.65,1,1,0,0,0,0,1,0,1,0,0,5.0,10.0,1,1,1,0,0,0.0,1.25,45.38770491803279,2
0,1,0,72,1,0.0,0.0,0.0,0.0,0.0,0.0,0.0,0,20.7,1492.1,0,0,0,1,0,0,1,1,0,0,0,0.0,20.7,0,1,1,0,0,0.0,0.28356164383561644,68.76036866359446,3
0,0,0,39,1,0.0,0.0,0.0,1.0,1.0,0.0,0.0,0,81.9,3219.75,0,0,1,0,0,1,0,0,0,1,0,2.0,27.3,0,1,0,0,0,0.0,2.0475000000000003,38.83896260554885,2
1,0,0,39,1,1.0,0.0,0.0,1.0,0.0,1.0,1.0,1,99.75,4036.0,1,0,1,0,1,0,0,0,0,1,0,4.0,19.95,1,0,0,1,1,1.0,2.49375,40.059553349875934,2
0,1,1,68,0,0.0,1.0,1.0,1.0,1.0,0.0,1.0,1,56.4,3948.45,0,1,0,0,0,0,1,0,0,0,1,5.0,9.4,1,1,0,0,0,0.0,0.817391304347826,68.7883275261324,3
0,0,0,1,1,0.0,0.0,0.0,0.0,0.0,0.0,0.0,1,70.8,70.8,1,0,1,0,1,0,0,0,0,0,1,0.0,70.8,0,0,0,1,0,1.0,35.4,0.9860724233983287,0
1,1,0,33,1,0.0,1.0,1.0,0.0,1.0,0.0,1.0,1,93.55,3055.5,0,0,1,0,0,1,0,0,0,1,0,4.0,18.71,1,1,0,0,0,0.0,2.751470588235294,32.31623479640402,1
0,1,0,2,1,0.0,0.0,0.0,0.0,0.0,0.0,0.0,1,70.35,120.25,1,0,1,0,1,0,0,0,0,1,0,0.0,70.35,0,0,0,1,1,1.0,23.45,1.685353889278206,0
1,1,0,44,1,1.0,0.0,0.0,1.0,1.0,1.0,1.0,0,104.15,4495.65,1,0,1,0,1,0,0,0,0,1,0,5.0,17.358333333333334,1,0,0,1,1,0.0,2.3144444444444447,42.754636233951494,2
0,1,1,10,1,0.0,0.0,0.0,0.0,0.0,1.0,1.0,1,88.85,929.45,1,0,1,0,1,0,0,0,0,1,0,2.0,29.616666666666664,1,0,0,1,1,1.0,8.077272727272726,10.344462993878688,0
0,0,1,62,1,1.0,0.0,0.0,1.0,0.0,1.0,1.0,1,100.15,6413.65,1,0,1,0,0,1,0,0,0,1,0,4.0,20.03,1,1,0,0,0,1.0,1.5896825396825398,63.40731586752347,3
0,0,0,12,1,1.0,1.0,1.0,1.0,0.0,0.0,1.0,1,99.7,1238.45,1,0,1,0,1,0,0,1,0,0,0,5.0,16.616666666666667,1,0,1,1,0,0.0,7.6692307692307695,12.298411122144985,0
0,0,0,50,1,0.0,0.0,0.0,0.0,0.0,0.0,0.0,1,19.35,1033.0,1,0,0,1,0,1,0,0,0,0,1,0.0,19.35,0,1,0,0,0,0.0,0.3794117647058824,50.76167076167076,2
0,1,0,72,1,1.0,0.0,0.0,0.0,0.0,0.0,0.0,0,24.55,1750.7,1,0,0,1,0,0,1,0,0,1,0,1.0,12.275,0,1,0,0,0,0.0,0.33630136986301373,68.52054794520548,3
0,1,1,10,1,1.0,0.0,1.0,1.0,0.0,1.0,1.0,1,102.1,1068.85,1,0,1,0,1,0,0,0,1,0,0,5.0,17.016666666666666,1,0,1,1,0,1.0,9.281818181818181,10.367119301648884,0
0,0,0,48,1,0.0,0.0,0.0,0.0,0.0,0.0,0.0,0,19.95,1004.5,0,0,0,1,0,1,0,1,0,0,0,0.0,19.95,0,1,1,0,0,0.0,0.40714285714285714,47.94749403341289,2
0,1,0,15,1,0.0,0.0,1.0,0.0,0.0,0.0,0.0,0,75.35,1114.55,1,0,1,0,1,0,0,1,0,0,0,1.0,37.675,0,0,1,1,0,1.0,4.709375,14.597904387688278,1
0,0,0,58,1,1.0,0.0,0.0,0.0,1.0,0.0,0.0,0,80.65,4807.35,0,0,1,0,1,0,0,1,0,0,0,2.0,26.883333333333336,0,0,1,1,0,0.0,1.366949152542373,58.87752602571953,2
0,0,0,1,0,0.0,0.0,0.0,0.0,0.0,0.0,0.0,0,25.25,25.25,1,1,0,0,1,0,0,0,0,1,0,0.0,25.25,0,0,0,0,1,0.0,12.625,0.9619047619047619,0
0,0,0,12,1,0.0,0.0,0.0,0.0,0.0,0.0,0.0,0,19.7,220.35,1,0,0,1,1,0,0,0,0,0,1,0.0,19.7,0,0,0,0,0,0.0,1.5153846153846153,10.644927536231885,0
0,1,0,12,1,0.0,1.0,0.0,0.0,1.0,0.0,0.0,0,80.85,866.45,0,0,1,0,1,0,0,1,0,0,0,2.0,26.95,0,0,1,1,0,0.0,6.2192307692307685,10.585827733659134,0
0,0,0,65,1,1.0,0.0,1.0,1.0,1.0,0.0,1.0,1,74.2,4805.65,0,1,0,0,0,0,1,0,1,0,0,5.0,12.366666666666667,1,1,1,0,0,0.0,1.1242424242424243,63.90492021276595,3
0,0,0,7,1,1.0,0.0,0.0,0.0,0.0,0.0,0.0,1,25.05,152.95,0,0,0,1,1,0,0,1,0,0,0,1.0,12.525,0,0,1,0,0,0.0,3.13125,5.871401151631478,0
1,0,0,2,0,0.0,0.0,0.0,0.0,0.0,0.0,0.0,1,24.45,47.5,0,1,0,0,1,0,0,0,0,0,1,0.0,24.45,0,0,0,0,0,0.0,8.15,1.8664047151277015,0
0,0,0,20,1,0.0,0.0,0.0,0.0,0.0,1.0,0.0,0,78.8,1641.3,0,0,1,0,1,0,0,0,0,1,0,1.0,39.4,1,0,0,1,1,1.0,3.7523809523809524,20.56766917293233,1
1,1,0,65,1,1.0,1.0,1.0,0.0,0.0,1.0,0.0,1,92.7,5968.4,0,0,1,0,0,0,1,0,1,0,0,4.0,18.54,1,1,1,0,0,0.0,1.4045454545454545,63.69690501600853,3
1,1,0,45,1,1.0,1.0,0.0,1.0,1.0,0.0,1.0,0,75.15,3480.35,0,1,0,0,0,0,1,0,1,0,0,5.0,12.525,1,1,1,0,0,0.0,1.6336956521739132,45.70387393302692,2
0,1,1,12,1,0.0,0.0,0.0,0.0,0.0,1.0,0.0,1,56.3,628.65,0,1,0,0,1,0,0,0,0,0,1,1.0,28.15,1,0,0,0,0,0.0,4.3307692307692305,10.971204188481675,0
1,1,0,6,1,1.0,0.0,0.0,0.0,0.0,0.0,1.0,1,84.35,474.9,1,0,1,0,1,0,0,0,0,1,0,2.0,28.116666666666664,1,0,0,1,1,1.0,12.049999999999999,5.564147627416521,0
1,0,0,47,1,0.0,1.0,0.0,0.0,0.0,0.0,1.0,0,85.5,4042.3,0,0,1,0,1,0,0,0,0,0,1,2.0,28.5,1,0,0,1,0,0.0,1.78125,46.731791907514456,2
0,1,1,8,1,0.0,0.0,0.0,0.0,0.0,0.0,0.0,0,19.5,162.15,1,0,0,1,0,0,1,0,0,0,1,0.0,19.5,0,1,0,0,0,0.0,2.1666666666666665,7.909756097560976,0
0,1,0,57,0,0.0,1.0,0.0,1.0,1.0,0.0,1.0,1,49.9,2782.4,1,1,0,0,1,0,0,1,0,0,0,4.0,9.98,1,0,1,0,0,0.0,0.8603448275862069,54.66404715127702,2
0,0,0,2,1,0.0,0.0,0.0,0.0,0.0,0.0,0.0,0,20.35,33.2,0,0,0,1,1,0,0,0,0,0,1,0.0,20.35,0,0,0,0,0,0.0,6.783333333333334,1.5550351288056206,0
0,0,0,14,1,1.0,0.0,0.0,0.0,0.0,0.0,0.0,1,24.8,321.7,0,0,0,1,0,1,0,0,1,0,0,1.0,12.4,0,1,1,0,0,0.0,1.6533333333333333,12.468992248062015,1
0,0,0,1,1,0.0,0.0,0.0,0.0,0.0,1.0,0.0,1,79.95,79.95,0,0,1,0,1,0,0,0,0,1,0,1.0,39.975,1,0,0,1,1,1.0,39.975,0.9876466954910439,0
0,1,0,37,1,1.0,1.0,0.0,1.0,1.0,0.0,1.0,1,99.2,3754.6,1,0,1,0,0,1,0,0,0,1,0,5.0,16.533333333333335,1,1,0,0,0,0.0,2.610526315789474,37.471057884231534,2
0,0,0,14,1,1.0,0.0,0.0,0.0,1.0,1.0,0.0,1,89.95,1178.4,0,0,1,0,1,0,0,0,0,1,0,3.0,22.4875,1,0,0,1,1,0.0,5.996666666666667,12.956569543705333,1
0,0,0,59,1,0.0,0.0,0.0,1.0,0.0,0.0,1.0,1,61.35,3645.5,0,1,0,0,0,1,0,1,0,0,0,2.0,20.45,1,1,1,0,0,0.0,1.0225,58.468323977546106,2
0,1,1,72,1,0.0,0.0,0.0,0.0,0.0,0.0,0.0,0,19.7,1379.8,1,0,0,1,0,0,1,0,1,0,0,0.0,19.7,0,1,1,0,0,0.0,0.26986301369863014,66.65700483091787,3
0,0,0,8,1,0.0,0.0,0.0,0.0,0.0,0.0,0.0,0,19.2,156.85,1,0,0,1,1,0,0,0,0,0,1,0.0,19.2,0,0,0,0,0,0.0,2.1333333333333333,7.764851485148514,0
0,0,0,1,1,1.0,0.0,0.0,0.0,0.0,0.0,1.0,0,85.8,85.8,1,0,1,0,1,0,0,0,0,0,1,2.0,28.599999999999998,1,0,0,1,0,1.0,42.9,0.988479262672811,0
0,0,0,5,1,0.0,0.0,0.0,0.0,0.0,0.0,0.0,0,20.25,109.8,0,0,0,1,1,0,0,0,0,0,1,0.0,20.25,0,0,0,0,0,0.0,3.375,5.167058823529412,0
0,0,0,58,1,1.0,0.0,0.0,0.0,0.0,0.0,0.0,1,25.3,1474.35,0,0,0,1,0,0,1,0,1,0,0,1.0,12.65,0,1,1,0,0,0.0,0.4288135593220339,56.058935361216726,2
0,0,0,10,1,1.0,0.0,0.0,0.0,1.0,1.0,1.0,1,98.5,1058.25,1,0,1,0,1,0,0,0,0,1,0,4.0,19.7,1,0,0,1,1,0.0,8.954545454545455,10.635678391959798,0
0,1,1,36,1,0.0,0.0,0.0,0.0,0.0,0.0,0.0,0,20.25,717.95,1,0,0,1,0,0,1,1,0,0,0,0.0,20.25,0,1,1,0,0,0.0,0.5472972972972973,33.78588235294118,1
1,1,0,7,0,0.0,1.0,0.0,0.0,0.0,0.0,0.0,0,29.8,220.45,0,1,0,0,1,0,0,1,0,0,0,1.0,14.9,0,0,1,0,0,0.0,3.725,7.157467532467532,0
0,0,1,11,0,0.0,1.0,0.0,0.0,1.0,0.0,0.0,1,36.05,402.6,1,1,0,0,0,1,0,0,0,0,1,2.0,12.016666666666666,0,1,0,0,0,0.0,3.0041666666666664,10.866396761133604,0
0,0,0,3,0,0.0,0.0,1.0,0.0,0.0,0.0,0.0,0,29.2,98.5,1,1,0,0,1,0,0,0,0,0,1,1.0,14.6,0,0,0,0,0,0.0,7.3,3.26158940397351,0
0,0,0,4,1,0.0,0.0,0.0,0.0,0.0,0.0,0.0,0,19.75,78.3,0,0,0,1,1,0,0,0,0,0,1,0.0,19.75,0,0,0,0,0,0.0,3.95,3.773493975903614,0
0,1,1,15,1,0.0,0.0,0.0,0.0,0.0,0.0,0.0,0,46.3,639.45,1,1,0,0,1,0,0,0,0,1,0,0.0,46.3,0,0,0,0,1,0.0,2.89375,13.519027484143765,1
0,1,1,2,1,0.0,0.0,0.0,0.0,0.0,0.0,0.0,0,70.4,147.15,1,0,1,0,1,0,0,0,0,1,0,0.0,70.4,0,0,0,1,1,1.0,23.46666666666667,2.060924369747899,0
0,1,1,28,1,0.0,0.0,1.0,1.0,0.0,1.0,1.0,0,100.35,2799.0,0,0,1,0,0,1,0,1,0,0,0,4.0,20.07,1,1,1,0,0,1.0,3.4603448275862068,27.61716822890972,1
0,0,0,33,1,1.0,1.0,0.0,0.0,0.0,0.0,1.0,1,90.65,2989.6,1,0,1,0,1,0,0,0,0,1,0,3.0,22.6625,1,0,0,1,1,0.0,2.6661764705882356,32.619749045280955,1
1,1,1,72,1,0.0,1.0,0.0,1.0,1.0,1.0,1.0,1,104.1,7447.7,0,0,1,0,0,0,1,0,1,0,0,5.0,17.349999999999998,1,1,1,0,0,0.0,1.426027397260274,70.86298763082779,3
0,1,0,12,1,0.0,1.0,0.0,0.0,1.0,0.0,0.0,0,54.2,690.5,1,1,0,0,1,0,0,1,0,0,0,2.0,18.066666666666666,0,0,1,0,0,0.0,4.1692307692307695,12.509057971014492,0
1,1,0,27,1,0.0,1.0,0.0,0.0,0.0,0.0,0.0,1,75.2,1929.35,1,0,1,0,1,0,0,1,0,0,0,1.0,37.6,0,0,1,1,0,0.0,2.685714285714286,25.319553805774277,1
1,1,0,32,1,1.0,0.0,0.0,0.0,0.0,0.0,1.0,1,85.0,2642.05,0,0,1,0,1,0,0,0,0,1,0,2.0,28.333333333333332,1,0,0,1,1,1.0,2.5757575757575757,30.721511627906978,1
0,0,0,1,1,0.0,0.0,0.0,0.0,0.0,0.0,0.0,0,70.1,70.1,1,0,1,0,1,0,0,0,0,1,0,0.0,70.1,0,0,0,1,1,1.0,35.05,0.9859353023909986,0
1,0,0,68,1,0.0,0.0,0.0,0.0,0.0,0.0,0.0,1,20.0,1396.0,0,0,0,1,0,0,1,0,1,0,0,0.0,20.0,0,1,1,0,0,0.0,0.2898550724637681,66.47619047619048,3
1,1,1,72,1,1.0,1.0,1.0,1.0,1.0,1.0,1.0,1,90.15,6716.45,1,1,0,0,0,0,1,1,0,0,0,7.0,11.26875,1,1,1,0,0,0.0,1.2349315068493152,73.68568294020844,3
0,0,0,35,1,0.0,0.0,1.0,1.0,0.0,1.0,1.0,1,102.35,3626.1,0,0,1,0,0,1,0,1,0,0,0,4.0,20.47,1,1,1,0,0,1.0,2.8430555555555554,35.0856313497823,1
0,1,0,72,1,1.0,1.0,1.0,1.0,1.0,0.0,0.0,0,68.15,4808.7,0,1,0,0,0,0,1,0,0,0,1,5.0,11.358333333333334,0,1,0,0,0,0.0,0.9335616438356165,69.54013015184381,3
0,0,1,56,1,0.0,0.0,0.0,0.0,0.0,0.0,0.0,1,21.2,1238.65,0,0,0,1,0,1,0,0,0,0,1,0.0,21.2,0,1,0,0,0,0.0,0.3719298245614035,55.79504504504505,2
0,0,0,2,0,0.0,0.0,0.0,0.0,1.0,0.0,0.0,1,30.9,59.05,1,1,0,0,1,0,0,0,0,1,0,1.0,15.45,0,0,0,0,1,0.0,10.299999999999999,1.8510971786833856,0
0,0,0,3,1,0.0,0.0,0.0,0.0,0.0,1.0,0.0,1,79.4,244.65,1,0,1,0,1,0,0,0,0,1,0,1.0,39.7,1,0,0,1,1,1.0,19.85,3.042910447761194,0
0,0,0,64,1,1.0,0.0,0.0,0.0,0.0,0.0,0.0,1,24.4,1601.2,1,0,0,1,0,1,0,1,0,0,0,1.0,12.2,0,1,1,0,0,0.0,0.37538461538461537,63.03937007874016,3
0,1,0,70,0,0.0,1.0,0.0,1.0,1.0,0.0,0.0,1,39.15,2692.75,0,1,0,0,0,0,1,0,1,0,0,3.0,9.7875,0,1,1,0,0,0.0,0.5514084507042253,67.06724782067248,3
0,1,0,63,1,1.0,0.0,1.0,1.0,0.0,1.0,1.0,1,107.5,6873.75,1,0,1,0,0,1,0,0,0,1,0,5.0,17.916666666666668,1,1,0,0,0,1.0,1.6796875,63.35253456221198,3
0,0,0,51,1,0.0,0.0,0.0,0.0,0.0,0.0,0.0,1,19.85,996.95,1,0,0,1,0,1,0,1,0,0,0,0.0,19.85,0,1,1,0,0,0.0,0.38173076923076926,47.81534772182254,2
0,1,1,13,1,0.0,1.0,0.0,0.0,0.0,0.0,0.0,1,49.95,587.45,0,1,0,0,1,0,0,0,0,0,1,1.0,24.975,0,0,0,0,0,0.0,3.567857142857143,11.529931305201178,1
0,0,0,13,1,0.0,1.0,1.0,0.0,1.0,0.0,1.0,0,67.8,842.25,1,1,0,0,1,0,0,1,0,0,0,4.0,13.559999999999999,1,0,1,0,0,0.0,4.8428571428571425,12.242005813953488,1
1,0,0,3,1,1.0,0.0,1.0,0.0,0.0,0.0,0.0,1,79.4,205.05,1,0,1,0,1,0,0,0,0,1,0,2.0,26.46666666666667,0,0,0,1,1,1.0,19.85,2.550373134328358,0
0,1,0,71,1,1.0,0.0,1.0,1.0,1.0,1.0,1.0,0,109.25,7707.7,1,0,1,0,0,0,1,0,0,1,0,6.0,15.607142857142858,1,1,0,0,0,0.0,1.5173611111111112,69.91111111111111,3
0,1,0,49,1,0.0,0.0,0.0,0.0,0.0,0.0,0.0,1,20.05,923.1,1,0,0,1,0,1,0,1,0,0,0,0.0,20.05,0,1,1,0,0,0.0,0.401,43.85273159144893,2
0,0,0,1,1,0.0,0.0,0.0,0.0,0.0,0.0,0.0,0,20.4,20.4,1,0,0,1,1,0,0,0,0,0,1,0.0,20.4,0,0,0,0,0,0.0,10.2,0.9532710280373832,0
0,0,0,2,1,0.0,0.0,0.0,0.0,0.0,0.0,0.0,1,20.55,33.6,1,0,0,1,1,0,0,0,0,0,1,0.0,20.55,0,0,0,0,0,0.0,6.8500000000000005,1.5591647331786542,0
1,0,0,1,1,1.0,0.0,0.0,0.0,0.0,0.0,0.0,1,74.4,74.4,0,0,1,0,1,0,0,0,0,1,0,1.0,37.2,0,0,0,1,1,1.0,37.2,0.986737400530504,0
0,0,0,10,0,0.0,0.0,0.0,0.0,1.0,0.0,0.0,1,29.6,299.05,1,1,0,0,0,0,1,0,0,0,1,1.0,14.8,0,1,0,0,0,0.0,2.690909090909091,9.772875816993464,0
0,0,0,2,1,1.0,0.0,0.0,0.0,0.0,0.0,0.0,1,76.5,162.45,0,0,1,0,1,0,0,0,0,1,0,1.0,38.25,0,0,0,1,1,1.0,25.5,2.0961290322580646,0
0,0,0,36,1,0.0,0.0,0.0,0.0,0.0,0.0,0.0,1,18.55,689.0,0,0,0,1,0,0,1,0,1,0,0,0.0,18.55,0,1,1,0,0,0.0,0.5013513513513513,35.24296675191816,1
0,1,0,24,1,0.0,0.0,0.0,0.0,0.0,0.0,0.0,0,20.1,533.9,0,0,0,1,0,1,0,0,0,0,1,0.0,20.1,0,1,0,0,0,0.0,0.804,25.30331753554502,1
0,0,0,13,1,1.0,0.0,0.0,0.0,0.0,0.0,1.0,1,84.6,1115.2,1,0,1,0,1,0,0,0,0,1,0,2.0,28.2,1,0,0,1,1,1.0,6.042857142857143,13.02803738317757,1
0,0,0,2,1,0.0,0.0,0.0,0.0,0.0,1.0,0.0,1,79.65,152.7,1,0,1,0,1,0,0,0,0,0,1,1.0,39.825,1,0,0,1,0,1.0,26.55,1.8933663980161188,0
1,0,0,49,1,1.0,0.0,0.0,1.0,0.0,0.0,1.0,1,90.85,4515.85,1,0,1,0,1,0,0,0,1,0,0,3.0,22.7125,1,0,1,1,0,1.0,1.817,49.16548720740338,2
0,1,0,38,0,0.0,1.0,1.0,0.0,1.0,1.0,1.0,1,60.0,2193.2,0,1,0,0,0,0,1,1,0,0,0,5.0,10.0,1,1,1,0,0,0.0,1.5384615384615385,35.954098360655735,2
0,0,1,66,1,0.0,0.0,0.0,0.0,0.0,0.0,0.0,0,20.55,1357.1,0,0,0,1,0,0,1,0,0,0,1,0.0,20.55,0,1,0,0,0,0.0,0.3067164179104478,62.974477958236655,3
1,1,0,7,1,1.0,0.0,0.0,0.0,0.0,0.0,0.0,1,74.85,485.25,0,0,1,0,1,0,0,0,0,1,0,1.0,37.425,0,0,0,1,1,1.0,9.35625,6.397495056031642,0
0,0,0,14,1,0.0,0.0,0.0,1.0,0.0,0.0,0.0,0,75.35,1025.95,1,0,1,0,1,0,0,0,0,1,0,1.0,37.675,0,0,0,1,1,1.0,5.0233333333333325,13.437459070072038,1
0,1,1,11,1,1.0,0.0,0.0,0.0,0.0,0.0,0.0,0,25.0,300.7,1,0,0,1,0,0,1,0,0,0,1,1.0,12.5,0,1,0,0,0,0.0,2.0833333333333335,11.565384615384614,0
0,0,0,1,1,0.0,0.0,0.0,0.0,0.0,1.0,0.0,1,54.65,54.65,1,1,0,0,1,0,0,0,0,1,0,1.0,27.325,1,0,0,0,1,0.0,27.325,0.9820305480682839,0
0,0,1,48,1,0.0,0.0,0.0,0.0,0.0,0.0,0.0,0,19.95,936.7,1,0,0,1,0,1,0,0,0,0,1,0.0,19.95,0,1,0,0,0,0.0,0.40714285714285714,44.711217183770884,2
0,0,0,13,1,0.0,0.0,0.0,0.0,0.0,0.0,0.0,1,20.4,261.3,1,0,0,1,0,0,1,0,0,0,1,0.0,20.4,0,1,0,0,0,0.0,1.457142857142857,12.210280373831777,1
0,1,0,33,1,0.0,1.0,0.0,1.0,1.0,1.0,1.0,1,103.75,3361.05,1,0,1,0,0,1,0,0,0,1,0,5.0,17.291666666666668,1,1,0,0,0,0.0,3.051470588235294,32.08639618138425,1
0,1,0,28,1,1.0,0.0,0.0,0.0,0.0,0.0,0.0,0,25.55,672.2,1,0,0,1,0,1,0,0,0,0,1,1.0,12.775,0,1,0,0,0,0.0,0.8810344827586207,25.318267419962336,1
0,1,0,21,1,1.0,1.0,0.0,1.0,0.0,1.0,1.0,1,104.4,2200.25,1,0,1,0,1,0,0,1,0,0,0,5.0,17.400000000000002,1,0,1,1,0,0.0,4.745454545454546,20.875237191650854,1
1,1,1,32,1,0.0,0.0,1.0,0.0,0.0,1.0,1.0,1,93.95,2861.45,0,0,1,0,1,0,0,0,0,0,1,3.0,23.4875,1,0,0,1,0,1.0,2.846969696969697,30.136387572406527,1
0,0,0,14,1,0.0,0.0,0.0,0.0,1.0,1.0,1.0,1,69.65,921.4,1,1,0,0,1,0,0,0,0,1,0,3.0,17.4125,1,0,0,0,1,0.0,4.6433333333333335,13.041755130927104,1
0,1,1,1,1,0.0,0.0,0.0,0.0,0.0,0.0,0.0,0,20.4,20.4,0,0,0,1,0,1,0,0,0,0,1,0.0,20.4,0,1,0,0,0,0.0,10.2,0.9532710280373832,0
0,1,1,11,0,0.0,1.0,0.0,0.0,0.0,1.0,1.0,0,50.55,565.35,1,1,0,0,1,0,0,0,0,1,0,3.0,12.6375,1,0,0,0,1,0.0,4.2124999999999995,10.96702230843841,0
0,1,1,44,1,0.0,1.0,0.0,0.0,1.0,0.0,0.0,0,56.25,2419.55,1,1,0,0,1,0,0,1,0,0,0,2.0,18.75,0,0,1,0,0,0.0,1.25,42.26288209606987,2
0,1,1,3,0,0.0,0.0,1.0,0.0,0.0,0.0,1.0,0,40.3,92.5,1,1,0,0,1,0,0,0,0,0,1,2.0,13.433333333333332,1,0,0,0,0,0.0,10.075,2.2397094430992737,0
0,0,0,1,1,0.0,0.0,0.0,0.0,0.0,0.0,0.0,0,43.8,43.8,1,1,0,0,1,0,0,0,0,1,0,0.0,43.8,0,0,0,0,1,0.0,21.9,0.9776785714285714,0
0,0,0,36,1,0.0,0.0,0.0,0.0,0.0,0.0,0.0,1,20.35,695.85,0,0,0,1,0,1,0,0,1,0,0,0.0,20.35,0,1,1,0,0,0.0,0.55,32.59250585480093,1
0,0,0,40,0,0.0,0.0,1.0,0.0,1.0,0.0,0.0,0,36.0,1382.9,0,1,0,0,0,1,0,0,1,0,0,2.0,12.0,0,1,1,0,0,0.0,0.8780487804878049,37.37567567567568,2
0,1,1,43,0,0.0,1.0,0.0,1.0,1.0,1.0,1.0,1,60.4,2640.55,1,1,0,0,0,1,0,0,1,0,0,5.0,10.066666666666666,1,1,1,0,0,0.0,1.3727272727272728,43.0057003257329,2
0,0,1,8,0,0.0,0.0,0.0,0.0,0.0,0.0,0.0,0,25.5,215.2,0,1,0,0,1,0,0,0,0,0,1,0.0,25.5,0,0,0,0,0,0.0,2.8333333333333335,8.120754716981132,0
0,1,1,68,1,1.0,0.0,0.0,0.0,0.0,0.0,0.0,0,25.75,1686.15,0,0,0,1,0,0,1,0,0,0,1,1.0,12.875,0,1,0,0,0,0.0,0.37318840579710144,63.03364485981309,3
0,0,0,29,1,0.0,0.0,0.0,1.0,1.0,1.0,1.0,1,75.35,2243.9,0,1,0,0,0,1,0,1,0,0,0,4.0,15.069999999999999,1,1,1,0,0,0.0,2.5116666666666663,29.389652914210874,1
1,0,0,3,1,1.0,0.0,0.0,1.0,0.0,1.0,0.0,0,91.05,289.1,0,0,1,0,1,0,0,0,0,1,0,3.0,22.7625,1,0,0,1,1,1.0,22.7625,3.1406844106463883,0
0,1,1,13,1,0.0,0.0,0.0,0.0,0.0,0.0,0.0,0,19.55,265.3,1,0,0,1,0,0,1,0,0,0,1,0.0,19.55,0,1,0,0,0,0.0,1.3964285714285716,12.909975669099756,1
0,1,1,26,1,1.0,0.0,1.0,0.0,1.0,0.0,0.0,1,60.05,1616.15,1,1,0,0,1,0,0,0,0,1,0,3.0,15.0125,0,0,0,0,1,0.0,2.224074074074074,26.472563472563476,1
0,1,0,57,0,0.0,0.0,1.0,1.0,1.0,1.0,1.0,1,57.5,3265.95,0,1,0,0,0,0,1,1,0,0,0,5.0,9.583333333333334,1,1,1,0,0,0.0,0.9913793103448276,55.82820512820513,2
0,0,0,4,1,0.0,0.0,0.0,1.0,0.0,0.0,1.0,0,86.05,308.1,0,0,1,0,1,0,0,0,0,1,0,2.0,28.683333333333334,1,0,0,1,1,1.0,17.21,3.5393452039058015,0
0,1,1,69,1,0.0,0.0,0.0,0.0,0.0,0.0,0.0,0,19.8,1436.95,1,0,0,1,0,0,1,0,1,0,0,0.0,19.8,0,1,1,0,0,0.0,0.28285714285714286,69.08413461538461,3
1,0,0,64,1,1.0,1.0,1.0,0.0,0.0,1.0,1.0,1,103.5,6548.65,0,0,1,0,1,0,0,1,0,0,0,5.0,17.25,1,0,1,1,0,0.0,1.5923076923076922,62.66650717703349,3
1,0,0,11,1,0.0,0.0,0.0,0.0,0.0,0.0,1.0,1,79.15,827.7,0,0,1,0,1,0,0,0,1,0,0,1.0,39.575,1,0,1,1,0,1.0,6.595833333333334,10.326887086712414,0
0,1,1,7,1,0.0,1.0,0.0,0.0,0.0,1.0,1.0,0,69.7,516.15,0,1,0,0,1,0,0,0,1,0,0,3.0,17.425,1,0,1,0,0,0.0,8.7125,7.3005657708628,0
1,0,0,45,1,1.0,0.0,0.0,1.0,0.0,1.0,1.0,1,102.15,4735.35,1,0,1,0,0,1,0,1,0,0,0,4.0,20.43,1,1,1,0,0,1.0,2.220652173913044,45.907416383906934,2
0,1,1,67,1,1.0,0.0,0.0,1.0,1.0,0.0,1.0,1,69.9,4615.9,1,1,0,0,0,0,1,1,0,0,0,4.0,13.98,1,1,1,0,0,0.0,1.0279411764705884,65.10437235543017,3
0,1,0,49,1,1.0,0.0,1.0,0.0,0.0,1.0,1.0,1,99.05,4853.75,0,0,1,0,1,0,0,1,0,0,0,4.0,19.81,1,0,1,1,0,1.0,1.9809999999999999,48.51324337831085,2
0,1,0,67,1,1.0,0.0,0.0,0.0,0.0,0.0,0.0,0,24.85,1583.5,0,0,0,1,0,0,1,0,1,0,0,1.0,12.425,0,1,1,0,0,0.0,0.36544117647058827,61.25725338491296,3
0,0,0,45,1,0.0,0.0,0.0,0.0,0.0,0.0,0.0,0,18.85,867.3,0,0,0,1,0,1,0,1,0,0,0,0.0,18.85,0,1,1,0,0,0.0,0.4097826086956522,43.69269521410579,2
0,0,0,54,1,1.0,0.0,0.0,1.0,1.0,0.0,1.0,1,95.1,5064.85,1,0,1,0,0,0,1,1,0,0,0,4.0,19.02,1,1,1,0,0,0.0,1.729090909090909,52.703954214360046,2
0,1,1,51,1,0.0,1.0,1.0,0.0,0.0,0.0,0.0,1,79.15,4018.55,1,0,1,0,1,0,0,1,0,0,0,2.0,26.383333333333336,0,0,1,1,0,0.0,1.5221153846153848,50.137866500311915,2
0,0,1,60,1,1.0,1.0,0.0,1.0,1.0,1.0,1.0,1,84.95,4984.85,0,1,0,0,0,0,1,0,0,1,0,6.0,12.135714285714286,1,1,0,0,0,0.0,1.3926229508196721,57.997091332169866,2
0,0,0,20,1,1.0,0.0,0.0,1.0,0.0,1.0,0.0,1,88.7,1761.45,0,0,1,0,1,0,0,0,0,1,0,3.0,22.175,1,0,0,1,1,1.0,4.223809523809524,19.637123745819398,1
0,1,0,72,1,1.0,1.0,1.0,1.0,0.0,1.0,0.0,0,100.65,7334.05,1,0,1,0,0,0,1,1,0,0,0,5.0,16.775000000000002,1,1,1,0,0,0.0,1.3787671232876713,72.15002459419577,3
0,0,0,25,1,0.0,0.0,0.0,0.0,0.0,0.0,0.0,0,19.8,475.2,1,0,0,1,0,0,1,0,1,0,0,0.0,19.8,0,1,1,0,0,0.0,0.7615384615384616,22.846153846153843,1
0,0,0,1,1,0.0,0.0,0.0,0.0,0.0,0.0,0.0,1,69.2,69.2,1,0,1,0,1,0,0,0,0,1,0,0.0,69.2,0,0,0,1,1,1.0,34.6,0.9857549857549858,0
0,1,1,8,1,0.0,0.0,0.0,1.0,0.0,0.0,0.0,1,51.05,415.05,0,1,0,0,1,0,0,0,0,1,0,1.0,25.525,0,0,0,0,1,0.0,5.672222222222222,7.9740634005763695,0
0,0,0,26,1,1.0,0.0,0.0,1.0,1.0,0.0,0.0,1,84.3,2281.6,0,0,1,0,1,0,0,0,0,0,1,3.0,21.075,0,0,0,1,0,0.0,3.1222222222222222,26.74794841735053,1
0,1,0,53,1,1.0,1.0,0.0,1.0,1.0,1.0,0.0,0,77.4,4155.95,0,1,0,0,0,1,0,1,0,0,0,5.0,12.9,1,1,1,0,0,0.0,1.4333333333333333,53.0095663265306,2
0,1,1,66,1,0.0,1.0,1.0,1.0,0.0,1.0,1.0,1,103.15,7031.3,0,0,1,0,0,1,0,1,0,0,0,5.0,17.191666666666666,1,1,1,0,0,0.0,1.5395522388059701,67.51128180508881,3
0,1,0,25,1,0.0,0.0,0.0,0.0,1.0,1.0,1.0,1,95.7,2338.35,0,0,1,0,1,0,0,0,1,0,0,3.0,23.925,1,0,1,1,0,0.0,3.680769230769231,24.181489141675282,1
0,1,1,24,1,1.0,1.0,1.0,1.0,0.0,0.0,0.0,0,64.35,1558.65,1,1,0,0,0,0,1,0,0,1,0,4.0,12.87,0,1,0,0,0,0.0,2.574,23.850803366488144,1
0,0,0,5,1,1.0,0.0,0.0,0.0,0.0,1.0,1.0,1,93.9,486.85,1,0,1,0,1,0,0,0,0,0,1,3.0,23.475,1,0,0,1,0,1.0,15.65,5.13013698630137,0
1,1,0,1,1,0.0,0.0,0.0,0.0,0.0,0.0,0.0,1,70.3,70.3,0,0,1,0,1,0,0,0,0,1,0,0.0,70.3,0,0,0,1,1,1.0,35.15,0.9859747545582047,0
1,1,0,65,1,0.0,1.0,1.0,1.0,0.0,0.0,1.0,0,94.4,6126.15,1,0,1,0,1,0,0,0,0,1,0,4.0,18.880000000000003,1,0,0,1,1,0.0,1.4303030303030304,64.21540880503144,3
0,0,0,9,1,1.0,0.0,0.0,0.0,0.0,0.0,1.0,0,59.9,542.4,0,1,0,0,1,0,0,0,0,0,1,2.0,19.966666666666665,1,0,0,0,0,0.0,5.99,8.9064039408867,0
0,1,0,10,1,0.0,0.0,0.0,0.0,0.0,0.0,0.0,1,20.55,252.75,1,0,0,1,1,0,0,0,0,0,1,0.0,20.55,0,0,0,0,0,0.0,1.8681818181818182,11.728538283062644,0
0,0,0,59,0,0.0,0.0,0.0,0.0,1.0,1.0,1.0,1,51.7,3005.8,0,1,0,0,1,0,0,0,0,1,0,3.0,12.925,1,0,0,0,1,0.0,0.8616666666666667,57.036053130929794,2
0,1,0,65,1,1.0,1.0,0.0,1.0,1.0,0.0,1.0,0,76.15,4929.55,0,1,0,0,0,0,1,1,0,0,0,5.0,12.691666666666668,1,1,1,0,0,0.0,1.1537878787878788,63.89565780946209,3
0,0,0,40,1,0.0,0.0,0.0,0.0,0.0,0.0,0.0,0,20.15,804.85,1,0,0,1,0,0,1,0,0,0,1,0.0,20.15,0,1,0,0,0,0.0,0.49146341463414633,38.05437352245863,2
0,1,1,20,1,0.0,0.0,0.0,0.0,0.0,0.0,0.0,1,70.45,1470.95,0,0,1,0,1,0,0,0,0,1,0,0.0,70.45,0,0,0,1,1,1.0,3.354761904761905,20.587123862841146,1
0,0,0,42,1,0.0,0.0,0.0,0.0,0.0,0.0,0.0,0,19.8,849.9,0,0,0,1,0,1,0,1,0,0,0,0.0,19.8,0,1,1,0,0,0.0,0.4604651162790698,40.86057692307692,2
0,0,0,1,1,0.0,0.0,0.0,0.0,0.0,0.0,0.0,0,20.2,20.2,0,0,0,1,1,0,0,1,0,0,0,0.0,20.2,0,0,1,0,0,0.0,10.1,0.9528301886792453,0
0,1,1,6,1,0.0,0.0,0.0,0.0,0.0,0.0,0.0,0,20.1,100.35,1,0,0,1,0,0,1,0,0,0,1,0.0,20.1,0,1,0,0,0,0.0,2.8714285714285714,4.7559241706161135,0
0,1,0,38,1,0.0,0.0,0.0,0.0,0.0,0.0,0.0,1,20.25,814.75,1,0,0,1,0,1,0,0,1,0,0,0.0,20.25,0,1,1,0,0,0.0,0.5192307692307693,38.34117647058824,2
0,0,0,2,1,1.0,0.0,0.0,0.0,0.0,0.0,1.0,0,62.05,118.3,0,1,0,0,1,0,0,1,0,0,0,2.0,20.683333333333334,1,0,1,0,0,0.0,20.683333333333334,1.8762886597938144,0
1,1,0,37,1,1.0,0.0,0.0,0.0,0.0,1.0,1.0,1,92.5,3473.4,0,0,1,0,1,0,0,0,0,1,0,3.0,23.125,1,0,0,1,1,1.0,2.4342105263157894,37.14866310160428,2
0,0,0,44,1,0.0,0.0,0.0,0.0,0.0,0.0,0.0,0,20.4,905.55,0,0,0,1,0,0,1,0,1,0,0,0.0,20.4,0,1,1,0,0,0.0,0.4533333333333333,42.31542056074766,2
0,0,0,10,1,0.0,1.0,0.0,0.0,0.0,1.0,0.0,1,84.7,832.05,1,0,1,0,1,0,0,0,0,0,1,2.0,28.233333333333334,1,0,0,1,0,0.0,7.7,9.708868144690781,0
0,1,0,72,1,1.0,1.0,1.0,1.0,1.0,1.0,1.0,0,88.05,6520.8,1,1,0,0,0,0,1,1,0,0,0,7.0,11.00625,1,1,1,0,0,0.0,1.2061643835616438,73.22627737226277,3
0,1,1,29,1,0.0,0.0,0.0,0.0,0.0,1.0,1.0,1,87.8,2621.75,1,0,1,0,1,0,0,0,1,0,0,2.0,29.266666666666666,1,0,1,1,0,1.0,2.9266666666666667,29.52421171171171,1
0,1,0,24,1,1.0,0.0,0.0,1.0,0.0,1.0,1.0,1,101.05,2391.8,0,0,1,0,1,0,0,0,0,1,0,4.0,20.21,1,0,0,1,1,1.0,4.042,23.437530622244,1
1,0,0,4,0,0.0,0.0,1.0,0.0,0.0,1.0,1.0,1,50.95,207.35,0,1,0,0,1,0,0,0,1,0,0,3.0,12.7375,1,0,1,0,0,0.0,10.190000000000001,3.9913378248315685,0
0,0,0,33,1,0.0,0.0,1.0,1.0,0.0,0.0,0.0,1,79.0,2576.8,0,0,1,0,1,0,0,0,1,0,0,2.0,26.333333333333332,0,0,1,1,0,1.0,2.323529411764706,32.21,1
1,1,0,2,1,0.0,0.0,0.0,1.0,0.0,1.0,1.0,1,95.5,181.65,0,0,1,0,1,0,0,0,1,0,0,3.0,23.875,1,0,1,1,0,1.0,31.833333333333332,1.8823834196891192,0
0,1,1,72,1,1.0,0.0,1.0,1.0,1.0,1.0,1.0,1,112.25,8041.65,0,0,1,0,0,0,1,1,0,0,0,6.0,16.035714285714285,1,1,1,0,0,0.0,1.5376712328767124,71.00794701986754,3
0,1,1,67,1,0.0,1.0,0.0,1.0,1.0,0.0,1.0,0,67.85,4627.65,0,1,0,0,0,0,1,0,0,0,1,4.0,13.569999999999999,1,1,0,0,0,0.0,0.9977941176470587,67.21350762527233,3
0,0,0,65,1,1.0,0.0,1.0,1.0,0.0,1.0,0.0,1,95.5,6153.85,1,0,1,0,0,1,0,0,0,1,0,4.0,19.1,1,1,0,0,0,1.0,1.446969696969697,63.770466321243525,3
0,0,1,8,1,0.0,0.0,0.0,0.0,0.0,0.0,0.0,0,19.45,159.2,0,0,0,1,1,0,0,1,0,0,0,0.0,19.45,0,0,1,0,0,0.0,2.161111111111111,7.7848410757946205,0
0,1,0,53,1,0.0,1.0,1.0,1.0,0.0,1.0,1.0,1,106.1,5769.75,1,0,1,0,0,1,0,1,0,0,0,5.0,17.683333333333334,1,1,1,0,0,0.0,1.9648148148148148,53.872549019607845,2
0,0,0,2,1,0.0,0.0,0.0,0.0,0.0,0.0,0.0,0,20.05,42.7,0,0,0,1,1,0,0,0,0,0,1,0.0,20.05,0,0,0,0,0,0.0,6.683333333333334,2.0285035629453683,0
0,1,0,58,1,1.0,1.0,1.0,0.0,1.0,1.0,1.0,1,109.1,6393.65,1,0,1,0,0,0,1,0,1,0,0,6.0,15.585714285714285,1,1,1,0,0,0.0,1.8491525423728812,58.07129881925522,2
0,0,0,16,1,0.0,0.0,0.0,0.0,0.0,0.0,0.0,0,20.1,296.15,1,0,0,1,0,1,0,0,0,0,1,0.0,20.1,0,1,0,0,0,0.0,1.1823529411764706,14.035545023696681,1
0,0,0,56,1,1.0,0.0,0.0,0.0,0.0,0.0,0.0,1,25.95,1444.05,0,0,0,1,0,0,1,1,0,0,0,1.0,12.975,0,1,1,0,0,0.0,0.4552631578947368,53.58256029684601,2
0,0,0,68,1,1.0,0.0,0.0,0.0,0.0,0.0,0.0,0,24.55,1657.4,0,0,0,1,0,0,1,0,0,0,1,1.0,12.275,0,1,0,0,0,0.0,0.3557971014492754,64.86888454011742,3
0,0,1,24,1,0.0,0.0,0.0,0.0,0.0,0.0,0.0,0,19.75,498.1,1,0,0,1,0,0,1,0,0,0,1,0.0,19.75,0,1,0,0,0,0.0,0.79,24.004819277108435,1
0,1,1,47,1,0.0,0.0,0.0,0.0,0.0,0.0,0.0,0,19.75,948.9,1,0,0,1,0,0,1,0,0,0,1,0.0,19.75,0,1,0,0,0,0.0,0.4114583333333333,45.73012048192771,2
0,0,0,1,1,1.0,1.0,0.0,0.0,0.0,0.0,0.0,1,81.7,81.7,0,0,1,0,1,0,0,0,0,1,0,2.0,27.233333333333334,0,0,0,1,1,0.0,40.85,0.9879081015719468,0
0,1,1,71,0,0.0,1.0,1.0,0.0,1.0,1.0,1.0,0,58.65,4145.25,1,1,0,0,0,0,1,0,0,0,1,5.0,9.775,1,1,0,0,0,0.0,0.8145833333333333,69.49287510477787,3
0,0,0,51,1,1.0,1.0,1.0,0.0,0.0,1.0,0.0,1,94.8,4837.6,0,0,1,0,0,1,0,0,0,1,0,4.0,18.96,1,1,0,0,0,0.0,1.823076923076923,50.496868475991654,2
0,1,0,58,1,0.0,0.0,0.0,1.0,0.0,0.0,0.0,0,50.3,2878.55,0,1,0,0,0,1,0,0,1,0,0,1.0,25.15,0,1,1,0,0,0.0,0.8525423728813559,56.11208576998051,2
0,0,0,10,1,0.0,0.0,1.0,0.0,0.0,0.0,0.0,0,51.2,498.25,1,1,0,0,1,0,0,0,0,1,0,1.0,25.6,0,0,0,0,1,0.0,4.654545454545455,9.545019157088122,0
1,1,0,28,1,1.0,0.0,0.0,0.0,0.0,0.0,0.0,0,25.7,734.6,1,0,0,1,1,0,0,0,0,0,1,1.0,12.85,0,0,0,0,0,0.0,0.8862068965517241,27.513108614232213,1
0,0,0,1,1,0.0,0.0,0.0,0.0,0.0,0.0,0.0,0,20.15,20.15,0,0,0,1,1,0,0,0,0,0,1,0.0,20.15,0,0,0,0,0,0.0,10.075,0.9527186761229315,0
0,0,1,60,1,0.0,0.0,0.0,0.0,0.0,0.0,0.0,0,19.95,1189.9,0,0,0,1,0,0,1,0,0,0,1,0.0,19.95,0,1,0,0,0,0.0,0.32704918032786884,56.79713603818617,2
0,1,1,4,1,1.0,0.0,0.0,0.0,0.0,0.0,0.0,0,50.85,239.55,1,1,0,0,1,0,0,0,0,0,1,1.0,25.425,0,0,0,0,0,0.0,10.17,4.620057859209258,0
0,0,0,22,1,1.0,0.0,1.0,0.0,0.0,1.0,1.0,1,100.65,2415.95,0,0,1,0,1,0,0,0,0,1,0,4.0,20.130000000000003,1,0,0,1,1,1.0,4.376086956521739,23.767338908017706,1
0,0,0,10,1,0.0,0.0,0.0,0.0,0.0,0.0,0.0,1,45.8,436.2,0,1,0,0,1,0,0,0,1,0,0,0.0,45.8,0,0,1,0,0,0.0,4.163636363636363,9.320512820512821,0
0,1,0,56,1,0.0,0.0,0.0,0.0,0.0,1.0,1.0,0,89.7,4952.95,0,0,1,0,1,0,0,0,0,0,1,2.0,29.900000000000002,1,0,0,1,0,1.0,1.5736842105263158,54.60804851157662,2
0,0,0,8,1,0.0,0.0,0.0,0.0,0.0,1.0,0.0,1,80.0,624.6,1,0,1,0,1,0,0,1,0,0,0,1.0,40.0,1,0,1,1,0,1.0,8.88888888888889,7.711111111111111,0
1,0,0,65,1,1.0,0.0,1.0,1.0,0.0,1.0,0.0,1,95.45,6223.3,1,0,1,0,1,0,0,1,0,0,0,4.0,19.09,1,0,1,1,0,1.0,1.4462121212121213,64.52358735095905,3
0,1,1,22,1,0.0,0.0,0.0,0.0,0.0,0.0,0.0,0,20.75,452.35,1,0,0,1,0,1,0,1,0,0,0,0.0,20.75,0,1,1,0,0,0.0,0.9021739130434783,20.79770114942529,1
0,0,0,69,1,1.0,0.0,1.0,1.0,1.0,1.0,0.0,1,97.65,6743.55,0,0,1,0,0,0,1,0,1,0,0,5.0,16.275000000000002,1,1,1,0,0,0.0,1.395,68.35833755701977,3
0,1,0,63,1,1.0,0.0,1.0,1.0,1.0,1.0,1.0,1,109.25,6841.4,1,0,1,0,0,0,1,1,0,0,0,6.0,15.607142857142858,1,1,1,0,0,0.0,1.70703125,62.05351473922902,3
0,0,0,42,1,1.0,0.0,0.0,1.0,0.0,0.0,0.0,0,79.9,3313.4,0,0,1,0,1,0,0,0,0,1,0,2.0,26.633333333333336,0,0,0,1,1,1.0,1.858139534883721,40.95673671199011,2
0,1,1,14,1,0.0,0.0,0.0,0.0,0.0,0.0,1.0,1,80.9,1152.8,1,0,1,0,1,0,0,1,0,0,0,1.0,40.45,1,0,1,1,0,1.0,5.3933333333333335,14.075702075702074,1
0,0,0,11,1,0.0,0.0,1.0,1.0,1.0,0.0,1.0,1,94.2,999.9,1,0,1,0,1,0,0,0,0,1,0,4.0,18.84,1,0,0,1,1,0.0,7.8500000000000005,10.5031512605042,0
0,1,0,68,0,0.0,1.0,0.0,1.0,0.0,1.0,1.0,1,54.1,3794.5,0,1,0,0,0,0,1,1,0,0,0,4.0,10.82,1,1,1,0,0,0.0,0.7840579710144928,68.86569872958258,3
1,1,0,15,1,1.0,0.0,0.0,1.0,1.0,0.0,0.0,1,83.05,1258.3,1,0,1,0,1,0,0,0,0,1,0,3.0,20.7625,0,0,0,1,1,0.0,5.190625,14.970850684116597,1
0,1,0,72,1,1.0,1.0,1.0,0.0,1.0,0.0,0.0,0,64.75,4804.75,1,1,0,0,0,0,1,1,0,0,0,4.0,12.95,0,1,1,0,0,0.0,0.886986301369863,73.07604562737643,3
0,1,1,27,1,1.0,1.0,1.0,0.0,1.0,1.0,0.0,0,100.75,2793.55,0,0,1,0,1,0,0,0,0,1,0,5.0,16.791666666666668,1,0,0,1,1,0.0,3.5982142857142856,27.455036855036855,1
0,0,1,1,1,0.0,0.0,0.0,0.0,0.0,0.0,0.0,0,20.75,20.75,0,0,0,1,1,0,0,0,0,0,1,0.0,20.75,0,0,0,0,0,0.0,10.375,0.9540229885057471,0
0,0,0,36,1,0.0,0.0,1.0,0.0,0.0,1.0,1.0,1,94.8,3565.65,1,0,1,0,1,0,0,0,1,0,0,3.0,23.7,1,0,1,1,0,1.0,2.562162162162162,37.21972860125261,1
1,1,0,27,0,0.0,1.0,0.0,0.0,0.0,0.0,0.0,0,30.75,805.1,0,1,0,0,1,0,0,0,1,0,0,1.0,15.375,0,0,1,0,0,0.0,1.0982142857142858,25.35748031496063,1
0,1,0,61,1,1.0,0.0,1.0,1.0,0.0,1.0,1.0,1,105.55,6281.45,0,0,1,0,1,0,0,0,0,1,0,5.0,17.591666666666665,1,0,0,1,1,1.0,1.7024193548387097,58.9530736743313,3
0,1,1,2,1,0.0,1.0,0.0,0.0,0.0,1.0,1.0,0,97.1,184.15,0,0,1,0,1,0,0,0,0,1,0,3.0,24.275,1,0,0,1,1,0.0,32.36666666666667,1.877166156982671,0
0,0,1,35,1,0.0,0.0,0.0,1.0,0.0,1.0,0.0,1,85.15,3030.6,0,0,1,0,0,1,0,0,0,1,0,2.0,28.383333333333336,1,1,0,0,0,1.0,2.365277777777778,35.17817759721416,1
0,0,1,37,1,0.0,0.0,0.0,0.0,0.0,0.0,0.0,0,20.3,755.4,1,0,0,1,0,1,0,1,0,0,0,0.0,20.3,0,1,1,0,0,0.0,0.5342105263157895,35.46478873239436,2
0,1,1,61,1,0.0,0.0,0.0,0.0,0.0,0.0,0.0,0,20.55,1305.95,0,0,0,1,0,0,1,0,1,0,0,0.0,20.55,0,1,1,0,0,0.0,0.33145161290322583,60.60092807424594,3
0,0,0,12,1,0.0,0.0,0.0,0.0,0.0,0.0,0.0,0,20.15,260.7,1,0,0,1,0,1,0,0,0,1,0,0.0,20.15,0,1,0,0,0,0.0,1.5499999999999998,12.326241134751774,0
0,0,0,62,1,1.0,0.0,0.0,0.0,0.0,1.0,1.0,1,94.0,5757.2,1,0,1,0,0,1,0,1,0,0,0,3.0,23.5,1,1,1,0,0,1.0,1.492063492063492,60.602105263157895,3
0,0,0,4,1,1.0,0.0,0.0,0.0,0.0,0.0,0.0,0,50.7,214.55,1,1,0,0,1,0,0,0,0,1,0,1.0,25.35,0,0,0,0,1,0.0,10.14,4.149903288201161,0
0,1,1,68,1,1.0,1.0,0.0,1.0,1.0,1.0,1.0,1,109.05,7508.55,1,0,1,0,0,0,1,1,0,0,0,6.0,15.578571428571427,1,1,1,0,0,0.0,1.5804347826086955,68.22853248523398,3
0,1,0,55,1,0.0,0.0,0.0,0.0,0.0,0.0,0.0,0,19.7,1140.05,1,0,0,1,0,1,0,0,0,1,0,0.0,19.7,0,1,0,0,0,0.0,0.35178571428571426,55.07487922705314,2
0,0,0,37,0,0.0,0.0,0.0,1.0,0.0,0.0,1.0,1,40.2,1478.85,1,1,0,0,1,0,0,0,1,0,0,2.0,13.4,1,0,1,0,0,0.0,1.0578947368421054,35.89441747572815,2
0,0,0,56,1,1.0,1.0,1.0,0.0,0.0,1.0,1.0,1,106.6,5893.95,1,0,1,0,1,0,0,0,1,0,0,5.0,17.766666666666666,1,0,1,1,0,0.0,1.870175438596491,54.77648698884759,2
0,1,0,44,1,1.0,0.0,0.0,0.0,0.0,1.0,1.0,1,96.1,4364.1,1,0,1,0,1,0,0,0,0,1,0,3.0,24.025,1,0,0,1,1,1.0,2.1355555555555554,44.94438722966015,2
0,0,0,20,1,0.0,0.0,0.0,0.0,0.0,0.0,0.0,1,19.5,413.0,1,0,0,1,1,0,0,1,0,0,0,0.0,19.5,0,0,1,0,0,0.0,0.9285714285714286,20.146341463414632,1
0,1,0,52,0,0.0,1.0,0.0,0.0,0.0,0.0,1.0,1,39.9,2020.9,0,1,0,0,1,0,0,0,0,1,0,2.0,13.299999999999999,1,0,0,0,1,0.0,0.7528301886792452,49.410757946210275,2
0,1,0,6,1,1.0,0.0,0.0,0.0,0.0,0.0,0.0,0,25.1,171.0,0,0,0,1,0,1,0,0,0,0,1,1.0,12.55,0,1,0,0,0,0.0,3.585714285714286,6.551724137931034,0
1,1,0,54,1,1.0,0.0,1.0,1.0,1.0,1.0,1.0,1,110.45,6077.75,0,0,1,0,0,0,1,0,0,1,0,6.0,15.778571428571428,1,1,0,0,0,0.0,2.0081818181818183,54.53342305966801,2
0,1,1,8,1,1.0,1.0,1.0,0.0,1.0,0.0,1.0,1,76.15,645.8,0,1,0,0,0,0,1,0,1,0,0,5.0,12.691666666666668,1,1,1,0,0,0.0,8.461111111111112,8.370706416072585,0
1,1,1,32,1,1.0,0.0,1.0,0.0,0.0,1.0,1.0,1,100.4,3217.65,1,0,1,0,1,0,0,0,0,1,0,4.0,20.080000000000002,1,0,0,1,1,1.0,3.0424242424242425,31.73224852071006,1
0,1,0,60,1,1.0,0.0,1.0,0.0,0.0,1.0,1.0,1,99.8,5985.75,1,0,1,0,1,0,0,0,0,1,0,4.0,19.96,1,0,0,1,1,1.0,1.6360655737704917,59.382440476190474,2
1,0,0,1,1,0.0,0.0,0.0,0.0,0.0,0.0,0.0,0,45.1,45.1,0,1,0,0,1,0,0,0,0,1,0,0.0,45.1,0,0,0,0,1,0.0,22.55,0.9783080260303688,0
0,0,0,10,1,1.0,0.0,0.0,0.0,0.0,0.0,0.0,1,74.75,799.65,1,0,1,0,1,0,0,0,0,1,0,1.0,37.375,0,0,0,1,1,1.0,6.795454545454546,10.556435643564356,0
0,1,1,56,1,1.0,0.0,0.0,1.0,0.0,1.0,1.0,1,99.8,5515.45,1,0,1,0,0,1,0,0,1,0,0,4.0,19.96,1,1,1,0,0,1.0,1.750877192982456,54.71676587301587,2
0,0,0,16,1,0.0,0.0,0.0,0.0,0.0,0.0,0.0,0,20.25,327.45,0,0,0,1,1,0,0,1,0,0,0,0.0,20.25,0,0,1,0,0,0.0,1.1911764705882353,15.409411764705881,1
0,1,0,33,1,0.0,1.0,1.0,0.0,1.0,0.0,0.0,1,61.05,2018.4,0,1,0,0,0,0,1,0,0,0,1,3.0,15.2625,0,1,0,0,0,0.0,1.7955882352941175,32.52860596293312,1
0,0,0,1,1,0.0,0.0,0.0,0.0,0.0,0.0,0.0,0,18.9,18.9,0,0,0,1,1,0,0,0,0,0,1,0.0,18.9,0,0,0,0,0,0.0,9.45,0.949748743718593,0
0,0,0,11,1,0.0,0.0,0.0,0.0,0.0,0.0,0.0,0,20.25,208.0,0,0,0,1,1,0,0,0,0,0,1,0.0,20.25,0,0,0,0,0,0.0,1.6875,9.788235294117648,0
1,0,0,1,1,0.0,0.0,0.0,0.0,0.0,1.0,0.0,1,79.2,79.2,1,0,1,0,1,0,0,0,0,1,0,1.0,39.6,1,0,0,1,1,1.0,39.6,0.9875311720698254,0
0,0,0,72,1,1.0,1.0,0.0,1.0,1.0,1.0,1.0,0,84.3,5997.1,0,1,0,0,0,0,1,0,1,0,0,6.0,12.042857142857143,1,1,1,0,0,0.0,1.154794520547945,70.30597889800704,3
0,1,1,26,1,0.0,0.0,0.0,1.0,0.0,0.0,0.0,0,50.35,1285.8,0,1,0,0,0,1,0,0,0,0,1,1.0,25.175,0,1,0,0,0,0.0,1.864814814814815,25.03992210321324,1
0,1,1,7,1,0.0,0.0,0.0,0.0,0.0,0.0,0.0,0,20.65,134.05,1,0,0,1,0,1,0,0,0,0,1,0.0,20.65,0,1,0,0,0,0.0,2.58125,6.191685912240185,0
1,0,0,5,0,0.0,0.0,0.0,0.0,0.0,1.0,1.0,0,45.7,198.0,1,1,0,0,1,0,0,0,0,1,0,2.0,15.233333333333334,1,0,0,0,1,0.0,7.616666666666667,4.23982869379015,0
0,0,0,22,1,1.0,0.0,0.0,0.0,0.0,0.0,1.0,0,83.05,1799.3,0,0,1,0,1,0,0,0,0,1,0,2.0,27.683333333333334,1,0,0,1,1,1.0,3.610869565217391,21.407495538370018,1
0,1,1,72,1,1.0,0.0,0.0,0.0,0.0,0.0,0.0,1,25.2,1798.9,0,0,0,1,0,0,1,1,0,0,0,1.0,12.6,0,1,1,0,0,0.0,0.34520547945205476,68.66030534351145,3
1,1,0,49,1,1.0,1.0,1.0,1.0,0.0,0.0,0.0,1,88.2,4159.45,0,0,1,0,1,0,0,0,0,1,0,4.0,17.64,0,0,0,1,1,0.0,1.764,46.630605381165914,2
0,1,1,34,1,1.0,0.0,0.0,0.0,0.0,0.0,0.0,1,25.6,917.15,1,0,0,1,0,1,0,0,1,0,0,1.0,12.8,0,1,1,0,0,0.0,0.7314285714285714,34.47932330827067,1
0,1,1,15,1,0.0,0.0,0.0,0.0,0.0,0.0,0.0,0,19.35,278.85,0,0,0,1,0,0,1,0,0,0,1,0.0,19.35,0,1,0,0,0,0.0,1.209375,13.702702702702704,1
0,0,0,30,1,0.0,0.0,0.0,0.0,0.0,0.0,0.0,0,19.7,625.05,0,0,0,1,0,1,0,0,0,0,1,0.0,19.7,0,1,0,0,0,0.0,0.635483870967742,30.195652173913043,1
0,1,1,1,1,0.0,0.0,0.0,0.0,0.0,0.0,0.0,0,44.55,44.55,0,1,0,0,1,0,0,0,0,1,0,0.0,44.55,0,0,0,0,1,0.0,22.275,0.9780461031833151,0
0,0,0,4,1,0.0,0.0,0.0,0.0,0.0,0.0,0.0,0,19.0,78.9,0,0,0,1,1,0,0,0,0,0,1,0.0,19.0,0,0,0,0,0,0.0,3.8,3.9450000000000003,0
0,0,0,40,1,0.0,1.0,0.0,1.0,0.0,0.0,1.0,0,67.45,2731.0,0,1,0,0,1,0,0,0,0,1,0,3.0,16.8625,1,0,0,0,1,0.0,1.6451219512195123,39.897735573411246,2
0,1,1,62,0,0.0,1.0,1.0,0.0,1.0,1.0,0.0,0,48.7,3008.55,1,1,0,0,0,0,1,1,0,0,0,4.0,9.74,1,1,1,0,0,0.0,0.773015873015873,60.53420523138833,3
0,0,0,1,0,0.0,0.0,0.0,0.0,0.0,0.0,0.0,1,25.15,25.15,0,1,0,0,1,0,0,0,0,1,0,0.0,25.15,0,0,0,0,1,0.0,12.575,0.9617590822179732,0
1,0,0,23,1,0.0,1.0,0.0,0.0,0.0,0.0,0.0,1,75.4,1643.55,1,0,1,0,1,0,0,1,0,0,0,1.0,37.7,0,0,1,1,0,0.0,3.141666666666667,21.51243455497382,1
0,1,1,36,0,0.0,1.0,0.0,1.0,1.0,0.0,0.0,0,40.65,1547.35,1,1,0,0,0,0,1,0,1,0,0,3.0,10.1625,0,1,1,0,0,0.0,1.0986486486486486,37.15126050420168,1
0,1,1,28,1,0.0,0.0,1.0,1.0,1.0,1.0,0.0,0,92.9,2768.35,0,0,1,0,0,1,0,1,0,0,0,4.0,18.580000000000002,1,1,1,0,0,0.0,3.203448275862069,29.48189563365282,1
0,0,1,12,1,1.0,0.0,0.0,0.0,0.0,0.0,0.0,1,76.6,893.0,1,0,1,0,1,0,0,0,0,1,0,1.0,38.3,0,0,0,1,1,1.0,5.892307692307692,11.507731958762887,0
0,1,1,69,1,0.0,0.0,0.0,0.0,1.0,1.0,1.0,1,95.2,6671.7,0,0,1,0,0,0,1,0,1,0,0,3.0,23.8,1,1,1,0,0,0.0,1.36,69.35239085239085,3
0,1,1,18,0,0.0,0.0,0.0,0.0,0.0,0.0,0.0,0,25.55,467.85,0,1,0,0,1,0,0,0,1,0,0,0.0,25.55,0,0,1,0,0,0.0,1.3447368421052632,17.62146892655367,1
0,0,0,31,1,0.0,0.0,0.0,1.0,1.0,0.0,0.0,1,55.25,1715.65,0,1,0,0,1,0,0,0,0,1,0,2.0,18.416666666666668,0,0,0,0,1,0.0,1.7265625,30.500444444444447,1
1,0,0,43,1,1.0,0.0,1.0,0.0,0.0,1.0,0.0,1,90.25,3838.75,1,0,1,0,1,0,0,0,0,1,0,3.0,22.5625,1,0,0,1,1,1.0,2.0511363636363638,42.06849315068493,2
0,1,1,58,1,1.0,0.0,0.0,0.0,0.0,1.0,0.0,0,82.5,4828.05,0,0,1,0,0,0,1,1,0,0,0,2.0,27.5,1,1,1,0,0,1.0,1.3983050847457628,57.82095808383234,2
0,0,1,53,1,0.0,0.0,0.0,0.0,0.0,0.0,0.0,0,19.75,1052.35,0,0,0,1,0,0,1,1,0,0,0,0.0,19.75,0,1,1,0,0,0.0,0.36574074074074076,50.715662650602404,2
0,0,0,1,1,1.0,0.0,0.0,0.0,0.0,0.0,0.0,1,50.1,50.1,1,1,0,0,1,0,0,0,0,0,1,1.0,25.05,0,0,0,0,0,0.0,25.05,0.9804305283757339,0
0,0,0,25,1,0.0,0.0,0.0,0.0,0.0,0.0,0.0,1,19.2,532.1,1,0,0,1,1,0,0,0,1,0,0,0.0,19.2,0,0,1,0,0,0.0,0.7384615384615384,26.341584158415845,1
0,0,1,25,1,0.0,0.0,1.0,0.0,1.0,0.0,0.0,1,54.75,1266.35,1,1,0,0,0,1,0,0,1,0,0,2.0,18.25,0,1,1,0,0,0.0,2.105769230769231,22.714798206278026,1
0,0,0,72,1,1.0,1.0,1.0,0.0,0.0,0.0,0.0,0,59.75,4265.0,1,1,0,0,0,0,1,1,0,0,0,3.0,14.9375,0,1,1,0,0,0.0,0.8184931506849316,70.20576131687243,3
0,0,0,5,0,0.0,1.0,1.0,1.0,1.0,0.0,0.0,1,43.25,219.0,0,1,0,0,1,0,0,0,0,0,1,4.0,8.65,0,0,0,0,0,0.0,7.208333333333333,4.9491525423728815,0
1,1,0,32,1,1.0,0.0,0.0,0.0,0.0,1.0,1.0,1,93.2,2931.0,1,0,1,0,1,0,0,0,0,1,0,3.0,23.3,1,0,0,1,1,1.0,2.824242424242424,31.11464968152866,1
0,0,0,36,1,1.0,0.0,0.0,0.0,0.0,0.0,1.0,1,84.9,3067.2,0,0,1,0,1,0,0,0,0,1,0,2.0,28.3,1,0,0,1,1,1.0,2.294594594594595,35.706635622817224,1
0,1,1,44,1,1.0,0.0,0.0,0.0,0.0,0.0,0.0,0,25.7,1110.5,0,0,0,1,0,1,0,0,0,0,1,1.0,12.85,0,1,0,0,0,0.0,0.5711111111111111,41.59176029962547,2
0,0,0,68,0,0.0,1.0,1.0,1.0,1.0,1.0,1.0,0,64.35,4539.6,1,1,0,0,0,0,1,0,1,0,0,6.0,9.192857142857141,1,1,1,0,0,0.0,0.9326086956521739,69.46595256312166,3
0,0,0,29,0,0.0,0.0,1.0,0.0,1.0,0.0,0.0,0,34.3,1004.75,0,1,0,0,1,0,0,0,0,1,0,2.0,11.433333333333332,0,0,0,0,1,0.0,1.1433333333333333,28.46317280453258,1
0,0,0,7,1,1.0,0.0,0.0,0.0,0.0,0.0,0.0,1,74.9,541.15,1,0,1,0,1,0,0,0,0,1,0,1.0,37.45,0,0,0,1,1,1.0,9.3625,7.129776021080368,0
0,0,0,17,1,1.0,0.0,0.0,1.0,1.0,1.0,0.0,1,69.0,1108.0,1,1,0,0,1,0,0,0,0,0,1,4.0,13.8,1,0,0,0,0,0.0,3.8333333333333335,15.82857142857143,1
0,0,0,4,1,0.0,1.0,0.0,1.0,1.0,0.0,1.0,1,94.4,387.2,1,0,1,0,1,0,0,1,0,0,0,4.0,18.880000000000003,1,0,1,1,0,0.0,18.880000000000003,4.058700209643606,0
0,0,0,1,1,0.0,0.0,0.0,0.0,0.0,0.0,0.0,1,19.5,19.5,0,0,0,1,1,0,0,0,0,0,1,0.0,19.5,0,0,0,0,0,0.0,9.75,0.9512195121951219,0
0,1,0,72,1,1.0,0.0,0.0,0.0,0.0,0.0,0.0,0,25.0,1849.2,1,0,0,1,0,0,1,0,1,0,0,1.0,12.5,0,1,1,0,0,0.0,0.3424657534246575,71.12307692307692,3
0,0,0,1,1,0.0,0.0,0.0,0.0,0.0,0.0,0.0,0,44.0,44.0,0,1,0,0,1,0,0,0,0,1,0,0.0,44.0,0,0,0,0,1,0.0,22.0,0.9777777777777777,0
0,0,0,34,1,0.0,0.0,0.0,0.0,0.0,0.0,0.0,1,70.0,2416.1,1,0,1,0,1,0,0,0,1,0,0,0.0,70.0,0,0,1,1,0,1.0,2.0,34.02957746478873,1
0,0,0,2,1,0.0,0.0,0.0,0.0,0.0,0.0,0.0,1,45.15,98.5,0,1,0,0,1,0,0,0,0,1,0,0.0,45.15,0,0,0,0,1,0.0,15.049999999999999,2.134344528710726,0
0,1,1,62,1,1.0,1.0,0.0,0.0,0.0,1.0,1.0,1,101.15,6638.35,1,0,1,0,0,0,1,1,0,0,0,4.0,20.23,1,1,1,0,0,0.0,1.6055555555555556,64.98629466470877,3
1,1,1,46,1,1.0,1.0,1.0,1.0,0.0,1.0,0.0,1,100.7,4541.2,0,0,1,0,1,0,0,0,0,1,0,5.0,16.783333333333335,1,0,0,1,1,0.0,2.1425531914893616,44.652900688298914,2
0,0,0,19,1,0.0,0.0,0.0,0.0,0.0,0.0,0.0,0,18.8,279.2,0,0,0,1,0,1,0,0,0,0,1,0.0,18.8,0,1,0,0,0,0.0,0.9400000000000001,14.1010101010101,1
0,0,0,1,1,0.0,0.0,0.0,0.0,0.0,0.0,0.0,0,19.8,19.8,1,0,0,1,1,0,0,0,1,0,0,0.0,19.8,0,0,1,0,0,0.0,9.9,0.9519230769230769,0
0,1,1,72,1,1.0,0.0,0.0,0.0,0.0,0.0,0.0,0,24.1,1734.65,0,0,0,1,0,0,1,0,1,0,0,1.0,12.05,0,1,1,0,0,0.0,0.3301369863013699,69.10956175298804,3
0,0,0,6,1,0.0,0.0,1.0,0.0,0.0,0.0,1.0,1,85.95,514.6,1,0,1,0,1,0,0,0,0,0,1,2.0,28.650000000000002,1,0,0,1,0,1.0,12.278571428571428,5.9183438757906845,0
0,1,1,5,1,0.0,0.0,1.0,0.0,1.0,1.0,1.0,1,99.15,465.05,1,0,1,0,1,0,0,0,0,0,1,4.0,19.830000000000002,1,0,0,1,0,0.0,16.525000000000002,4.64353469795307,0
0,1,1,1,1,0.0,0.0,0.0,0.0,0.0,0.0,1.0,1,81.05,81.05,0,0,1,0,1,0,0,0,0,1,0,1.0,40.525,1,0,0,1,1,1.0,40.525,0.987812309567337,0
0,1,1,72,1,1.0,1.0,1.0,1.0,1.0,1.0,1.0,1,112.6,8126.65,0,0,1,0,0,0,1,0,1,0,0,7.0,14.075,1,1,1,0,0,0.0,1.5424657534246575,71.53741197183099,3
0,0,0,66,1,1.0,1.0,1.0,1.0,1.0,1.0,1.0,1,114.3,7383.7,0,0,1,0,0,1,0,1,0,0,0,7.0,14.2875,1,1,1,0,0,0.0,1.7059701492537314,64.03902862098873,3
0,1,0,43,1,1.0,1.0,1.0,0.0,1.0,1.0,1.0,0,86.45,3574.5,1,1,0,0,0,0,1,0,1,0,0,6.0,12.35,1,1,1,0,0,0.0,1.9647727272727273,40.874785591766724,2
0,1,0,35,1,0.0,1.0,0.0,0.0,0.0,1.0,0.0,1,62.15,2215.45,1,1,0,0,0,1,0,1,0,0,0,2.0,20.716666666666665,1,1,1,0,0,0.0,1.7263888888888888,35.082343626286615,1
1,0,0,63,1,1.0,1.0,1.0,1.0,1.0,1.0,0.0,0,83.0,5243.05,1,1,0,0,0,1,0,1,0,0,0,6.0,11.857142857142858,1,1,1,0,0,0.0,1.296875,62.41726190476191,3
0,0,1,8,1,0.0,0.0,0.0,0.0,0.0,0.0,0.0,0,20.35,178.7,0,0,0,1,1,0,0,0,0,0,1,0.0,20.35,0,0,0,0,0,0.0,2.261111111111111,8.370023419203745,0
0,1,1,13,1,0.0,0.0,0.0,1.0,0.0,1.0,1.0,1,96.65,1162.85,0,0,1,0,1,0,0,0,0,0,1,3.0,24.1625,1,0,0,1,0,1.0,6.903571428571429,11.908346134152584,1
0,0,0,24,1,0.0,0.0,0.0,0.0,1.0,1.0,1.0,1,96.0,2122.45,0,0,1,0,1,0,0,0,0,1,0,3.0,24.0,1,0,0,1,1,0.0,3.84,21.880927835051544,1
0,0,0,54,0,0.0,1.0,1.0,0.0,0.0,0.0,1.0,0,46.2,2431.95,0,1,0,0,0,0,1,1,0,0,0,3.0,11.55,1,1,1,0,0,0.0,0.8400000000000001,51.524364406779654,2
0,0,0,3,1,0.0,1.0,0.0,1.0,0.0,1.0,1.0,1,77.4,206.15,0,1,0,0,1,0,0,0,0,1,0,4.0,15.48,1,0,0,0,1,0.0,19.35,2.6294642857142856,0
0,0,0,12,1,0.0,0.0,1.0,0.0,1.0,0.0,0.0,1,54.3,654.5,1,1,0,0,1,0,0,0,0,1,0,2.0,18.099999999999998,0,0,0,0,1,0.0,4.176923076923076,11.835443037974684,0
1,1,0,62,1,1.0,1.0,0.0,1.0,0.0,1.0,1.0,1,104.85,6312.9,1,0,1,0,0,1,0,0,0,1,0,5.0,17.474999999999998,1,1,0,0,0,0.0,1.6642857142857141,59.64005668398677,3
0,1,0,61,1,1.0,0.0,0.0,0.0,0.0,0.0,0.0,0,25.45,1538.6,0,0,0,1,0,0,1,1,0,0,0,1.0,12.725,0,1,1,0,0,0.0,0.4104838709677419,58.17013232514177,3
0,0,0,6,1,0.0,0.0,0.0,0.0,0.0,0.0,0.0,0,20.15,130.5,0,0,0,1,1,0,0,1,0,0,0,0.0,20.15,0,0,1,0,0,0.0,2.8785714285714286,6.170212765957447,0
0,1,1,30,1,0.0,0.0,0.0,1.0,0.0,0.0,1.0,0,86.45,2538.05,1,0,1,0,0,1,0,0,0,1,0,2.0,28.816666666666666,1,1,0,0,0,1.0,2.7887096774193547,29.022870211549456,1
1,0,0,51,1,0.0,0.0,0.0,0.0,0.0,0.0,0.0,0,19.6,967.9,1,0,0,1,0,0,1,0,1,0,0,0.0,19.6,0,1,1,0,0,0.0,0.37692307692307697,46.98543689320388,2
0,1,1,8,1,0.0,0.0,0.0,0.0,0.0,0.0,0.0,1,45.45,411.75,1,1,0,0,1,0,0,0,0,1,0,0.0,45.45,0,0,0,0,1,0.0,5.050000000000001,8.86437029063509,0
0,1,1,69,1,1.0,0.0,1.0,1.0,1.0,1.0,1.0,1,108.75,7493.05,1,0,1,0,0,1,0,1,0,0,0,6.0,15.535714285714286,1,1,1,0,0,0.0,1.5535714285714286,68.27380410022779,3
0,1,0,69,1,0.0,1.0,1.0,0.0,1.0,1.0,1.0,1,106.4,7251.9,1,0,1,0,0,1,0,0,1,0,0,5.0,17.733333333333334,1,1,1,0,0,0.0,1.52,67.52234636871508,3
0,0,0,1,0,0.0,0.0,0.0,0.0,0.0,1.0,1.0,1,45.3,45.3,0,1,0,0,1,0,0,0,0,0,1,2.0,15.1,1,0,0,0,0,0.0,22.65,0.978401727861771,0
1,1,0,69,1,1.0,0.0,1.0,1.0,1.0,1.0,1.0,1,108.4,7318.2,0,0,1,0,0,0,1,1,0,0,0,6.0,15.485714285714286,1,1,1,0,0,0.0,1.5485714285714287,66.89396709323583,3
0,0,0,13,1,0.0,0.0,1.0,1.0,0.0,0.0,0.0,1,79.25,1111.65,1,0,1,0,1,0,0,0,0,1,0,2.0,26.416666666666668,0,0,0,1,1,1.0,5.660714285714286,13.852336448598132,1
1,1,0,62,1,0.0,1.0,0.0,1.0,1.0,1.0,1.0,1,79.95,4819.75,1,1,0,0,0,0,1,0,1,0,0,5.0,13.325000000000001,1,1,1,0,0,0.0,1.2690476190476192,59.539839407041384,3
1,0,0,10,1,0.0,0.0,1.0,0.0,0.0,0.0,0.0,1,72.85,688.65,0,0,1,0,1,0,0,0,0,1,0,1.0,36.425,0,0,0,1,1,1.0,6.622727272727272,9.32498307379824,0
0,1,0,72,1,1.0,1.0,0.0,1.0,1.0,1.0,1.0,1,110.15,7881.2,1,0,1,0,0,0,1,0,1,0,0,6.0,15.735714285714286,1,1,1,0,0,0.0,1.5089041095890412,70.9059829059829,3
0,1,0,43,1,1.0,1.0,1.0,0.0,0.0,0.0,1.0,1,94.1,4107.3,1,0,1,0,1,0,0,0,0,1,0,4.0,18.82,1,0,0,1,1,0.0,2.1386363636363637,43.18927444794953,2
0,0,0,18,1,1.0,0.0,0.0,0.0,1.0,0.0,1.0,1,90.1,1612.75,1,0,1,0,1,0,0,0,0,1,0,3.0,22.525,1,0,0,1,1,0.0,4.742105263157894,17.703073545554336,1
0,0,0,2,1,1.0,0.0,1.0,0.0,0.0,0.0,0.0,1,54.4,114.1,0,1,0,0,1,0,0,0,0,0,1,2.0,18.133333333333333,0,0,0,0,0,0.0,18.133333333333333,2.05956678700361,0
0,1,0,41,1,0.0,0.0,0.0,0.0,0.0,0.0,0.0,1,19.75,899.45,0,0,0,1,0,0,1,0,0,1,0,0.0,19.75,0,1,0,0,0,0.0,0.47023809523809523,43.34698795180723,2
0,1,0,72,1,1.0,1.0,1.0,1.0,1.0,1.0,1.0,1,117.8,8684.8,0,0,1,0,0,1,0,1,0,0,0,7.0,14.725,1,1,1,0,0,0.0,1.6136986301369862,73.1043771043771,3
0,0,1,7,1,0.0,0.0,0.0,0.0,0.0,0.0,0.0,0,19.45,136.75,0,0,0,1,0,1,0,0,0,0,1,0.0,19.45,0,1,0,0,0,0.0,2.43125,6.687041564792176,0
0,0,0,37,1,1.0,1.0,1.0,1.0,1.0,0.0,0.0,0,67.45,2443.3,0,1,0,0,0,1,0,0,0,1,0,5.0,11.241666666666667,0,1,0,0,0,0.0,1.7750000000000001,35.69466764061359,2
0,0,0,4,0,0.0,0.0,0.0,0.0,0.0,0.0,0.0,1,24.25,96.05,1,1,0,0,1,0,0,0,0,0,1,0.0,24.25,0,0,0,0,0,0.0,4.85,3.803960396039604,0
0,0,0,69,1,0.0,0.0,0.0,0.0,0.0,0.0,0.0,1,19.1,1268.85,0,0,0,1,0,0,1,0,0,0,1,0.0,19.1,0,1,0,0,0,0.0,0.27285714285714285,63.12686567164178,3
0,0,0,62,0,0.0,1.0,1.0,1.0,1.0,0.0,0.0,1,43.7,2618.3,0,1,0,0,0,0,1,1,0,0,0,4.0,8.74,0,1,1,0,0,0.0,0.6936507936507937,58.57494407158837,3
1,1,0,3,0,0.0,0.0,1.0,0.0,0.0,0.0,0.0,1,30.75,82.85,1,1,0,0,1,0,0,0,0,1,0,1.0,15.375,0,0,0,0,1,0.0,7.6875,2.6094488188976377,0
0,1,0,30,1,0.0,0.0,0.0,1.0,0.0,0.0,0.0,1,50.0,1474.9,0,1,0,0,1,0,0,0,0,0,1,1.0,25.0,0,0,0,0,0,0.0,1.6129032258064515,28.919607843137257,1
0,1,0,42,1,1.0,1.0,0.0,0.0,0.0,0.0,0.0,0,56.1,2386.85,0,1,0,0,0,1,0,0,1,0,0,2.0,18.7,0,1,1,0,0,0.0,1.3046511627906978,41.801225919439574,2
1,1,1,32,1,1.0,0.0,0.0,1.0,0.0,1.0,0.0,1,91.35,2896.55,1,0,1,0,1,0,0,0,0,0,1,3.0,22.8375,1,0,0,1,0,1.0,2.768181818181818,31.364916080129944,1
0,1,0,11,1,1.0,0.0,0.0,1.0,0.0,1.0,1.0,1,99.5,1056.95,1,0,1,0,1,0,0,0,0,1,0,4.0,19.9,1,0,0,1,1,1.0,8.291666666666666,10.516915422885573,0
0,0,0,12,1,0.0,0.0,0.0,0.0,0.0,0.0,0.0,0,20.05,267.0,0,0,0,1,0,1,0,0,1,0,0,0.0,20.05,0,1,1,0,0,0.0,1.5423076923076924,12.684085510688835,0
0,0,0,26,1,0.0,0.0,1.0,1.0,1.0,0.0,0.0,1,85.2,2184.6,0,0,1,0,0,1,0,0,0,1,0,3.0,21.3,0,1,0,0,0,0.0,3.1555555555555554,25.343387470997676,1
0,1,1,58,0,0.0,1.0,1.0,1.0,0.0,1.0,0.0,0,50.0,2919.85,0,1,0,0,0,1,0,0,0,0,1,4.0,10.0,1,1,0,0,0,0.0,0.847457627118644,57.251960784313724,2
0,1,0,21,1,0.0,0.0,0.0,0.0,1.0,1.0,0.0,1,86.05,1818.9,1,0,1,0,1,0,0,0,0,1,0,2.0,28.683333333333334,1,0,0,1,1,0.0,3.911363636363636,20.894887995404943,1
0,0,1,34,1,1.0,1.0,1.0,1.0,1.0,1.0,1.0,1,116.15,3946.9,1,0,1,0,0,0,1,0,1,0,0,7.0,14.51875,1,1,1,0,0,0.0,3.318571428571429,33.69099445155783,1
0,0,0,16,1,0.0,0.0,0.0,0.0,0.0,0.0,0.0,1,69.95,1205.5,0,0,1,0,1,0,0,0,1,0,0,0.0,69.95,0,0,1,1,0,1.0,4.114705882352942,16.990838618745595,1
0,0,0,40,1,1.0,0.0,0.0,0.0,0.0,0.0,1.0,0,83.85,3532.25,1,0,1,0,1,0,0,1,0,0,0,2.0,27.95,1,0,1,1,0,1.0,2.045121951219512,41.62934590453742,2
0,0,1,2,1,0.0,0.0,0.0,0.0,0.0,0.0,1.0,1,55.3,108.65,0,1,0,0,1,0,0,0,0,1,0,1.0,27.65,1,0,0,0,1,0.0,18.433333333333334,1.929840142095915,0
0,1,0,51,1,0.0,0.0,0.0,0.0,0.0,0.0,0.0,0,69.15,3649.6,1,0,1,0,1,0,0,0,0,0,1,0.0,69.15,0,0,0,1,0,1.0,1.3298076923076925,52.02565930149679,2
0,1,1,31,1,1.0,0.0,1.0,0.0,1.0,1.0,1.0,0,80.55,2471.6,1,1,0,0,0,0,1,1,0,0,0,5.0,13.424999999999999,1,1,1,0,0,0.0,2.5171875,30.30778663396689,1
0,1,1,8,1,0.0,0.0,1.0,0.0,1.0,0.0,0.0,0,56.3,401.5,1,1,0,0,1,0,0,1,0,0,0,2.0,18.766666666666666,0,0,1,0,0,0.0,6.2555555555555555,7.006980802792321,0
0,1,1,24,1,0.0,0.0,0.0,0.0,0.0,0.0,0.0,1,21.1,490.65,1,0,0,1,0,0,1,0,1,0,0,0.0,21.1,0,1,1,0,0,0.0,0.8440000000000001,22.201357466063346,1
0,1,0,72,1,1.0,0.0,0.0,0.0,0.0,0.0,0.0,0,25.4,1797.1,0,0,0,1,0,0,1,0,0,0,1,1.0,12.7,0,1,0,0,0,0.0,0.347945205479452,68.0719696969697,3
0,1,1,72,0,0.0,1.0,0.0,1.0,1.0,1.0,0.0,0,48.9,3527.0,0,1,0,0,0,0,1,0,0,0,1,4.0,9.78,1,1,0,0,0,0.0,0.6698630136986301,70.68136272545091,3
0,0,0,29,1,0.0,0.0,0.0,0.0,0.0,0.0,0.0,0,19.1,529.5,0,0,0,1,0,1,0,0,0,0,1,0.0,19.1,0,1,0,0,0,0.0,0.6366666666666667,26.34328358208955,1
0,0,0,1,1,0.0,0.0,0.0,0.0,0.0,0.0,0.0,0,20.3,20.3,1,0,0,1,1,0,0,0,1,0,0,0.0,20.3,0,0,1,0,0,0.0,10.15,0.9530516431924883,0
0,0,0,1,0,0.0,0.0,0.0,0.0,0.0,0.0,0.0,1,24.25,24.25,0,1,0,0,1,0,0,0,0,1,0,0.0,24.25,0,0,0,0,1,0.0,12.125,0.9603960396039604,0
0,0,0,19,1,0.0,0.0,0.0,0.0,0.0,0.0,0.0,0,20.25,383.65,1,0,0,1,0,1,0,0,1,0,0,0.0,20.25,0,1,1,0,0,0.0,1.0125,18.054117647058824,1
0,0,1,2,1,1.0,1.0,0.0,0.0,0.0,0.0,0.0,0,80.55,188.1,1,0,1,0,1,0,0,0,1,0,0,2.0,26.849999999999998,0,0,1,1,0,0.0,26.849999999999998,2.3065603923973024,0
0,1,1,34,1,0.0,0.0,0.0,0.0,0.0,0.0,0.0,0,19.6,678.8,0,0,0,1,0,1,0,0,1,0,0,0.0,19.6,0,1,1,0,0,0.0,0.56,32.95145631067961,1
1,0,0,6,1,0.0,1.0,0.0,0.0,0.0,0.0,0.0,1,74.1,450.9,1,0,1,0,1,0,0,0,0,1,0,1.0,37.05,0,0,0,1,1,0.0,10.585714285714285,6.003994673768309,0
0,0,0,14,1,1.0,0.0,1.0,0.0,0.0,0.0,0.0,1,54.25,773.2,1,1,0,0,0,1,0,0,0,0,1,2.0,18.083333333333332,0,1,0,0,0,0.0,3.6166666666666667,13.994570135746606,1
0,0,0,13,1,0.0,0.0,0.0,0.0,0.0,1.0,0.0,1,81.9,1028.9,1,0,1,0,1,0,0,0,0,0,1,1.0,40.95,1,0,0,1,0,1.0,5.8500000000000005,12.41133896260555,1
0,0,0,66,1,1.0,1.0,1.0,1.0,1.0,0.0,0.0,0,68.75,4447.55,0,1,0,0,0,0,1,1,0,0,0,5.0,11.458333333333334,0,1,1,0,0,0.0,1.0261194029850746,63.764157706093194,3
0,0,0,1,1,1.0,0.0,0.0,0.0,0.0,0.0,1.0,1,86.6,86.6,0,0,1,0,1,0,0,0,0,1,0,2.0,28.866666666666664,1,0,0,1,1,1.0,43.3,0.9885844748858448,0
1,0,0,35,1,1.0,1.0,1.0,1.0,0.0,1.0,1.0,1,108.35,3726.15,1,0,1,0,0,1,0,0,0,1,0,6.0,15.478571428571428,1,1,0,0,0,0.0,3.009722222222222,34.07544581618656,1
0,0,0,24,1,1.0,0.0,1.0,0.0,0.0,1.0,0.0,1,90.55,2282.55,0,0,1,0,1,0,0,0,1,0,0,3.0,22.6375,1,0,1,1,0,1.0,3.622,24.932277444019665,1
0,0,0,12,0,0.0,1.0,0.0,0.0,1.0,0.0,0.0,1,33.6,435.45,1,1,0,0,0,1,0,0,0,0,1,2.0,11.200000000000001,0,1,0,0,0,0.0,2.5846153846153848,12.585260115606935,0
0,1,0,72,1,1.0,1.0,1.0,1.0,1.0,1.0,1.0,1,115.55,8425.3,0,0,1,0,0,0,1,0,0,1,0,7.0,14.44375,1,1,0,0,0,0.0,1.582876712328767,72.28914628914629,3
0,0,0,16,1,0.0,0.0,1.0,0.0,0.0,0.0,0.0,0,75.1,1212.85,1,0,1,0,1,0,0,1,0,0,0,1.0,37.55,0,0,1,1,0,1.0,4.417647058823529,15.937582128777924,1
0,1,1,71,1,1.0,0.0,1.0,1.0,0.0,1.0,1.0,1,106.0,7723.7,0,0,1,0,0,0,1,1,0,0,0,5.0,17.666666666666668,1,1,1,0,0,1.0,1.4722222222222223,72.18411214953271,3
0,1,0,30,1,0.0,0.0,1.0,1.0,1.0,0.0,1.0,0,70.25,2198.9,1,1,0,0,0,1,0,1,0,0,0,4.0,14.05,1,1,1,0,0,0.0,2.2661290322580645,30.861754385964915,1
0,1,1,7,1,0.0,0.0,0.0,1.0,0.0,0.0,0.0,0,48.7,340.25,0,1,0,0,1,0,0,0,0,1,0,1.0,24.35,0,0,0,0,1,0.0,6.0875,6.846076458752515,0
0,0,0,9,1,0.0,0.0,0.0,0.0,0.0,0.0,0.0,0,71.0,672.55,1,0,1,0,1,0,0,0,0,1,0,0.0,71.0,0,0,0,1,1,1.0,7.1,9.340972222222222,0
0,0,0,42,1,1.0,0.0,0.0,1.0,1.0,1.0,1.0,1,78.45,3373.4,1,1,0,0,0,0,1,0,1,0,0,5.0,13.075000000000001,1,1,1,0,0,0.0,1.8244186046511628,42.459408432976716,2
1,1,0,58,1,1.0,1.0,1.0,1.0,0.0,1.0,1.0,1,108.85,6287.25,0,0,1,0,0,1,0,0,0,1,0,6.0,15.549999999999999,1,1,0,0,0,0.0,1.844915254237288,57.23486572598999,2
0,0,0,59,1,1.0,0.0,0.0,0.0,0.0,0.0,0.0,0,24.45,1493.1,1,0,0,1,0,0,1,0,0,1,0,1.0,12.225,0,1,0,0,0,0.0,0.4075,58.66797642436149,2
0,0,0,47,1,0.0,1.0,0.0,0.0,0.0,0.0,0.0,0,75.45,3545.1,1,0,1,0,1,0,0,0,1,0,0,1.0,37.725,0,0,1,1,0,0.0,1.5718750000000001,46.37148463047743,2
0,0,0,51,0,0.0,1.0,0.0,0.0,1.0,0.0,1.0,1,44.45,2181.55,0,1,0,0,1,0,0,0,1,0,0,3.0,11.1125,1,0,1,0,0,0.0,0.8548076923076924,47.998899889989,2
0,0,1,41,1,1.0,0.0,1.0,0.0,0.0,1.0,0.0,1,88.5,3645.05,1,0,1,0,1,0,0,1,0,0,0,3.0,22.125,1,0,1,1,0,1.0,2.107142857142857,40.7268156424581,2
0,1,1,3,1,0.0,1.0,1.0,0.0,0.0,1.0,0.0,0,89.85,248.4,0,0,1,0,1,0,0,0,0,1,0,3.0,22.4625,1,0,0,1,1,0.0,22.4625,2.7341772151898738,0
0,0,1,13,1,0.0,0.0,0.0,0.0,0.0,0.0,0.0,0,44.0,659.35,0,1,0,0,1,0,0,0,0,0,1,0.0,44.0,0,0,0,0,0,0.0,3.142857142857143,14.652222222222223,1
0,0,0,13,1,0.0,0.0,0.0,0.0,0.0,0.0,0.0,0,19.45,270.2,0,0,0,1,0,1,0,0,0,0,1,0.0,19.45,0,1,0,0,0,0.0,1.3892857142857142,13.212713936430317,1
0,1,1,46,1,0.0,0.0,0.0,0.0,0.0,0.0,0.0,0,19.4,967.85,1,0,0,1,0,0,1,0,0,0,1,0.0,19.4,0,1,0,0,0,0.0,0.4127659574468085,47.443627450980394,2
0,0,0,24,1,1.0,0.0,0.0,0.0,0.0,0.0,0.0,0,24.6,592.65,0,0,0,1,0,1,0,0,0,1,0,1.0,12.3,0,1,0,0,0,0.0,0.9840000000000001,23.150390624999996,1
0,1,0,62,1,1.0,0.0,0.0,0.0,0.0,0.0,0.0,1,23.75,1446.8,0,0,0,1,0,1,0,0,1,0,0,1.0,11.875,0,1,1,0,0,0.0,0.376984126984127,58.45656565656566,3
0,1,0,13,0,0.0,1.0,0.0,0.0,1.0,1.0,1.0,1,54.45,706.85,0,1,0,0,1,0,0,0,0,1,0,4.0,10.89,1,0,0,0,1,0.0,3.8892857142857147,12.747520288548241,1
0,0,0,2,1,0.0,0.0,0.0,0.0,0.0,0.0,0.0,0,20.45,34.8,1,0,0,1,0,1,0,0,0,0,1,0.0,20.45,0,1,0,0,0,0.0,6.816666666666666,1.6223776223776223,0
0,0,0,8,1,0.0,0.0,0.0,0.0,0.0,1.0,1.0,1,66.25,546.45,0,1,0,0,1,0,0,0,0,1,0,2.0,22.083333333333332,1,0,0,0,1,0.0,7.361111111111111,8.12565055762082,0
0,1,0,2,0,0.0,0.0,0.0,0.0,0.0,1.0,1.0,0,44.6,97.1,1,1,0,0,1,0,0,0,0,1,0,2.0,14.866666666666667,1,0,0,0,1,0.0,14.866666666666667,2.1293859649122804,0
0,1,0,55,1,1.0,1.0,1.0,1.0,1.0,1.0,1.0,1,90.15,4916.95,1,1,0,0,0,1,0,0,0,1,0,7.0,11.26875,1,1,0,0,0,0.0,1.6098214285714287,53.94349972572682,2
1,1,0,28,1,1.0,0.0,0.0,0.0,1.0,1.0,1.0,1,101.3,2812.2,1,0,1,0,1,0,0,0,1,0,0,4.0,20.259999999999998,1,0,1,1,0,0.0,3.493103448275862,27.48973607038123,1
0,0,0,65,1,0.0,1.0,1.0,1.0,1.0,1.0,1.0,1,84.85,5459.2,1,1,0,0,0,0,1,1,0,0,0,6.0,12.12142857142857,1,1,1,0,0,0.0,1.2856060606060604,63.58998252766453,3
0,1,0,53,1,1.0,1.0,1.0,1.0,0.0,0.0,1.0,0,74.1,3833.95,1,1,0,0,0,1,0,1,0,0,0,5.0,12.35,1,1,1,0,0,0.0,1.372222222222222,51.05126498002663,2
0,0,0,2,1,0.0,0.0,0.0,0.0,0.0,0.0,0.0,0,19.4,61.05,1,0,0,1,1,0,0,0,0,0,1,0.0,19.4,0,0,0,0,0,0.0,6.466666666666666,2.9926470588235294,0
0,0,0,18,1,1.0,1.0,0.0,0.0,0.0,0.0,0.0,0,56.25,969.85,0,1,0,0,1,0,0,0,0,0,1,2.0,18.75,0,0,0,0,0,0.0,2.960526315789474,16.94061135371179,1
0,0,1,17,1,0.0,0.0,0.0,0.0,0.0,0.0,0.0,0,44.6,681.4,0,1,0,0,0,1,0,0,0,0,1,0.0,44.6,0,1,0,0,0,0.0,2.477777777777778,14.94298245614035,1
1,0,0,22,1,1.0,0.0,0.0,0.0,0.0,0.0,0.0,1,74.4,1692.6,1,0,1,0,1,0,0,1,0,0,0,1.0,37.2,0,0,1,1,0,1.0,3.2347826086956526,22.44827586206896,1
1,0,0,9,1,1.0,0.0,1.0,0.0,0.0,1.0,1.0,1,99.45,919.4,0,0,1,0,1,0,0,0,1,0,0,4.0,19.89,1,0,1,1,0,1.0,9.945,9.152812344449975,0
0,0,1,15,1,0.0,0.0,1.0,0.0,0.0,0.0,1.0,1,85.9,1269.55,1,0,1,0,1,0,0,1,0,0,0,2.0,28.633333333333336,1,0,1,1,0,1.0,5.36875,14.609321058688145,1
0,1,1,48,1,1.0,0.0,0.0,0.0,0.0,0.0,0.0,0,26.3,1245.05,0,0,0,1,0,0,1,1,0,0,0,1.0,13.15,0,1,1,0,0,0.0,0.536734693877551,45.6062271062271,2
0,0,0,32,1,1.0,0.0,0.0,0.0,0.0,1.0,0.0,0,84.05,2781.85,1,0,1,0,0,1,0,0,0,1,0,2.0,28.016666666666666,1,1,0,0,0,1.0,2.546969696969697,32.70840681951793,1
1,0,0,50,1,1.0,1.0,1.0,0.0,0.0,1.0,0.0,1,70.35,3454.6,0,1,0,0,1,0,0,1,0,0,0,4.0,14.069999999999999,1,0,1,0,0,0.0,1.3794117647058823,48.41765942536791,2
0,1,1,4,1,0.0,0.0,0.0,0.0,0.0,0.0,0.0,0,19.5,96.85,0,0,0,1,0,0,1,0,1,0,0,0.0,19.5,0,1,1,0,0,0.0,3.9,4.724390243902438,0
0,0,0,1,1,0.0,1.0,0.0,0.0,0.0,0.0,0.0,0,49.55,49.55,1,1,0,0,1,0,0,1,0,0,0,1.0,24.775,0,0,1,0,0,0.0,24.775,0.9802176063303659,0
0,1,1,32,1,1.0,0.0,1.0,0.0,0.0,1.0,1.0,1,98.85,3089.6,1,0,1,0,1,0,0,0,0,1,0,4.0,19.77,1,0,0,1,1,1.0,2.995454545454545,30.942413620430646,1
0,1,1,52,1,0.0,0.0,0.0,0.0,0.0,0.0,0.0,1,20.85,1071.6,0,0,0,1,0,1,0,0,1,0,0,0.0,20.85,0,1,1,0,0,0.0,0.39339622641509436,49.043478260869556,2
0,0,0,32,1,0.0,0.0,0.0,0.0,0.0,1.0,1.0,1,64.85,2010.95,0,1,0,0,0,1,0,1,0,0,0,2.0,21.616666666666664,1,1,1,0,0,0.0,1.9651515151515149,30.538344722854976,1
0,1,1,32,1,1.0,0.0,1.0,1.0,0.0,0.0,0.0,0,62.45,2045.55,1,1,0,0,1,0,0,1,0,0,0,3.0,15.6125,0,0,1,0,0,0.0,1.8924242424242426,32.2387706855792,1
0,0,0,6,1,0.0,0.0,0.0,0.0,0.0,0.0,0.0,0,19.15,124.4,0,0,0,1,0,1,0,0,0,0,1,0.0,19.15,0,1,0,0,0,0.0,2.7357142857142853,6.1736972704714645,0
0,0,0,40,1,1.0,0.0,1.0,1.0,0.0,1.0,0.0,1,93.4,3756.4,1,0,1,0,1,0,0,1,0,0,0,4.0,18.68,1,0,1,1,0,1.0,2.278048780487805,39.79237288135593,2
0,0,0,1,0,0.0,0.0,0.0,0.0,0.0,0.0,0.0,1,24.9,24.9,1,1,0,0,1,0,0,0,0,0,1,0.0,24.9,0,0,0,0,0,0.0,12.45,0.9613899613899614,0
1,1,0,72,1,0.0,1.0,1.0,0.0,1.0,0.0,0.0,1,84.8,6141.65,0,0,1,0,0,0,1,0,1,0,0,3.0,21.2,0,1,1,0,0,0.0,1.1616438356164382,71.58100233100232,3
0,0,0,17,1,0.0,0.0,0.0,0.0,0.0,0.0,0.0,1,20.1,279.5,0,0,0,1,0,1,0,0,0,0,1,0.0,20.1,0,1,0,0,0,0.0,1.1166666666666667,13.246445497630331,1
1,0,0,49,1,1.0,1.0,0.0,0.0,0.0,1.0,1.0,0,101.55,5070.4,1,0,1,0,1,0,0,0,1,0,0,4.0,20.31,1,0,1,1,0,0.0,2.031,49.44319843978547,2
0,0,0,17,1,0.0,1.0,1.0,0.0,0.0,0.0,0.0,0,56.1,946.95,0,1,0,0,0,1,0,0,0,0,1,2.0,18.7,0,1,0,0,0,0.0,3.1166666666666667,16.584063047285465,1
1,1,0,20,1,1.0,0.0,0.0,1.0,0.0,1.0,0.0,0,90.8,1951.0,1,0,1,0,1,0,0,0,0,1,0,3.0,22.7,1,0,0,1,1,1.0,4.3238095238095235,21.25272331154684,1
0,1,0,1,1,0.0,0.0,0.0,0.0,0.0,0.0,0.0,1,20.65,20.65,1,0,0,1,1,0,0,0,0,0,1,0.0,20.65,0,0,0,0,0,0.0,10.325,0.953810623556582,0
0,0,0,2,1,0.0,0.0,1.0,0.0,0.0,0.0,0.0,0,74.95,151.75,0,0,1,0,1,0,0,0,0,1,0,1.0,37.475,0,0,0,1,1,1.0,24.983333333333334,1.998025016458196,0
0,1,1,59,1,1.0,1.0,1.0,0.0,1.0,0.0,0.0,0,65.5,3801.3,1,1,0,0,0,1,0,0,0,0,1,4.0,13.1,0,1,0,0,0,0.0,1.0916666666666666,57.1624060150376,2
0,0,0,27,1,0.0,0.0,0.0,0.0,0.0,0.0,0.0,1,69.05,1793.25,0,0,1,0,1,0,0,0,0,0,1,0.0,69.05,0,0,0,1,0,1.0,2.4660714285714285,25.599571734475376,1
0,1,1,72,1,1.0,1.0,1.0,0.0,0.0,1.0,1.0,1,104.15,7303.05,1,0,1,0,0,1,0,0,0,1,0,5.0,17.358333333333334,1,1,0,0,0,0.0,1.4267123287671233,69.45363766048501,3
0,1,0,6,1,1.0,0.0,0.0,0.0,0.0,0.0,0.0,1,75.5,438.0,0,0,1,0,1,0,0,0,0,1,0,1.0,37.75,0,0,0,1,1,1.0,10.785714285714286,5.7254901960784315,0
0,1,1,27,1,0.0,0.0,0.0,0.0,0.0,0.0,0.0,0,19.9,550.1,1,0,0,1,0,0,1,0,0,0,1,0.0,19.9,0,1,0,0,0,0.0,0.7107142857142856,26.320574162679428,1
0,0,0,1,1,1.0,0.0,0.0,0.0,0.0,0.0,0.0,1,49.8,49.8,0,1,0,0,1,0,0,0,1,0,0,1.0,24.9,0,0,1,0,0,0.0,24.9,0.9803149606299213,0
0,1,0,9,1,0.0,0.0,0.0,1.0,0.0,1.0,1.0,1,70.05,564.4,0,1,0,0,1,0,0,0,0,0,1,3.0,17.5125,1,0,0,0,0,0.0,7.005,7.943701618578466,0
0,0,0,2,1,0.0,0.0,0.0,0.0,0.0,0.0,0.0,0,19.5,27.55,1,0,0,1,1,0,0,0,0,0,1,0.0,19.5,0,0,0,0,0,0.0,6.5,1.3439024390243903,0
0,1,1,36,1,0.0,0.0,0.0,0.0,0.0,0.0,0.0,0,19.45,754.5,0,0,0,1,0,0,1,0,1,0,0,0.0,19.45,0,1,1,0,0,0.0,0.5256756756756756,36.89486552567237,1
0,0,0,5,1,0.0,0.0,0.0,0.0,1.0,1.0,1.0,1,96.1,453.4,0,0,1,0,1,0,0,0,0,1,0,3.0,24.025,1,0,0,1,1,0.0,16.016666666666666,4.66941297631308,0
0,0,0,2,1,0.0,0.0,0.0,0.0,0.0,0.0,0.0,1,45.25,74.2,1,1,0,0,1,0,0,0,0,0,1,0.0,45.25,0,0,0,0,0,0.0,15.083333333333334,1.6043243243243244,0
0,0,0,9,1,0.0,0.0,0.0,0.0,0.0,0.0,0.0,0,70.05,657.5,0,0,1,0,1,0,0,0,0,0,1,0.0,70.05,0,0,0,1,0,1.0,7.005,9.254046446164674,0
0,1,1,4,1,0.0,0.0,0.0,0.0,0.0,0.0,0.0,0,45.25,155.35,0,1,0,0,1,0,0,0,0,0,1,0.0,45.25,0,0,0,0,0,0.0,9.05,3.358918918918919,0
0,0,1,1,1,0.0,0.0,0.0,0.0,0.0,0.0,0.0,1,20.25,20.25,0,0,0,1,1,0,0,0,0,0,1,0.0,20.25,0,0,0,0,0,0.0,10.125,0.9529411764705882,0
0,0,0,1,0,0.0,0.0,0.0,0.0,0.0,0.0,1.0,0,35.9,35.9,0,1,0,0,1,0,0,0,0,1,0,1.0,17.95,1,0,0,0,1,0.0,17.95,0.9728997289972899,0
0,0,0,38,1,1.0,0.0,0.0,0.0,0.0,0.0,0.0,1,24.25,914.4,1,0,0,1,0,1,0,0,0,1,0,1.0,12.125,0,1,0,0,0,0.0,0.6217948717948718,36.21386138613861,2
0,0,0,1,1,0.0,0.0,0.0,0.0,0.0,0.0,0.0,1,20.2,20.2,1,0,0,1,1,0,0,1,0,0,0,0.0,20.2,0,0,1,0,0,0.0,10.1,0.9528301886792453,0
0,0,0,1,1,0.0,0.0,0.0,0.0,0.0,0.0,1.0,0,79.9,79.9,0,0,1,0,1,0,0,0,0,1,0,1.0,39.95,1,0,0,1,1,1.0,39.95,0.9876390605686032,0
0,1,1,61,1,1.0,1.0,1.0,1.0,1.0,0.0,1.0,1,79.4,4820.55,1,1,0,0,0,1,0,0,0,1,0,6.0,11.342857142857143,1,1,0,0,0,0.0,1.2806451612903227,59.957089552238806,3
0,0,0,6,1,0.0,0.0,0.0,0.0,0.0,0.0,0.0,0,20.6,116.6,0,0,0,1,0,1,0,0,0,0,1,0.0,20.6,0,1,0,0,0,0.0,2.942857142857143,5.398148148148148,0
0,1,1,52,1,0.0,0.0,0.0,0.0,0.0,0.0,0.0,0,20.1,1078.75,1,0,0,1,0,0,1,1,0,0,0,0.0,20.1,0,1,1,0,0,0.0,0.37924528301886795,51.12559241706161,2
0,1,1,72,0,0.0,1.0,1.0,1.0,0.0,0.0,0.0,0,38.5,2763.0,0,1,0,0,0,0,1,0,1,0,0,3.0,9.625,0,1,1,0,0,0.0,0.5273972602739726,69.9493670886076,3
1,0,0,37,1,1.0,0.0,0.0,0.0,0.0,1.0,1.0,1,96.55,3580.3,1,0,1,0,1,0,0,0,0,1,0,3.0,24.1375,1,0,0,1,1,1.0,2.5407894736842103,36.70220399794977,2
0,1,0,71,1,1.0,0.0,1.0,1.0,1.0,1.0,1.0,1,108.6,7690.9,0,0,1,0,0,0,1,0,1,0,0,6.0,15.514285714285714,1,1,1,0,0,0.0,1.5083333333333333,70.17244525547446,3
1,0,0,14,0,0.0,0.0,0.0,0.0,0.0,1.0,1.0,1,46.35,672.7,1,1,0,0,1,0,0,0,0,1,0,2.0,15.450000000000001,1,0,0,0,1,0.0,3.0900000000000003,14.206969376979938,1
0,0,0,9,1,0.0,0.0,0.0,0.0,0.0,0.0,0.0,0,45.15,416.45,1,1,0,0,1,0,0,0,0,1,0,0.0,45.15,0,0,0,0,1,0.0,4.515,9.023835319609967,0
0,1,1,7,0,0.0,1.0,0.0,0.0,1.0,0.0,0.0,0,34.65,246.6,1,1,0,0,1,0,0,0,0,0,1,2.0,11.549999999999999,0,0,0,0,0,0.0,4.33125,6.917251051893408,0
0,0,0,4,1,0.0,0.0,0.0,0.0,0.0,0.0,0.0,1,46.0,193.6,1,1,0,0,1,0,0,0,0,0,1,0.0,46.0,0,0,0,0,0,0.0,9.2,4.1191489361702125,0
0,1,1,22,1,1.0,0.0,0.0,0.0,0.0,0.0,0.0,0,25.25,555.4,1,0,0,1,0,0,1,0,1,0,0,1.0,12.625,0,1,1,0,0,0.0,1.0978260869565217,21.15809523809524,1
0,0,0,61,1,0.0,0.0,0.0,0.0,0.0,0.0,0.0,0,19.45,1336.35,1,0,0,1,0,1,0,1,0,0,0,0.0,19.45,0,1,1,0,0,0.0,0.31370967741935485,65.34718826405867,3
0,0,0,9,0,0.0,0.0,0.0,0.0,0.0,1.0,1.0,1,45.4,418.8,0,1,0,0,1,0,0,0,0,1,0,2.0,15.133333333333333,1,0,0,0,1,0.0,4.54,9.025862068965518,0
1,1,0,61,1,1.0,0.0,1.0,0.0,0.0,0.0,0.0,1,82.15,4904.85,0,0,1,0,1,0,0,0,0,1,0,2.0,27.383333333333336,0,0,0,1,1,1.0,1.3250000000000002,58.987973541791945,3
0,0,0,3,1,0.0,0.0,1.0,1.0,1.0,1.0,1.0,1,107.95,318.6,0,0,1,0,1,0,0,0,0,1,0,5.0,17.991666666666667,1,0,0,1,1,0.0,26.9875,2.924277191372189,0
1,0,0,71,0,0.0,1.0,1.0,0.0,0.0,1.0,1.0,1,56.45,3985.35,0,1,0,0,0,1,0,0,0,1,0,4.0,11.290000000000001,1,1,0,0,0,0.0,0.7840277777777778,69.37075718015666,3
0,1,0,53,1,1.0,0.0,0.0,0.0,1.0,0.0,1.0,1,91.15,4862.5,1,0,1,0,0,1,0,0,0,1,0,3.0,22.7875,1,1,0,0,0,0.0,1.687962962962963,52.767227346717306,2
0,0,0,72,1,1.0,0.0,1.0,1.0,1.0,1.0,1.0,0,86.6,6350.5,1,1,0,0,0,0,1,1,0,0,0,6.0,12.37142857142857,1,1,1,0,0,0.0,1.1863013698630136,72.49429223744292,3
0,1,1,56,0,0.0,1.0,1.0,0.0,1.0,1.0,0.0,1,52.0,2884.9,0,1,0,0,0,1,0,0,0,0,1,4.0,10.4,1,1,0,0,0,0.0,0.9122807017543859,54.43207547169811,2
0,1,1,19,1,0.0,0.0,0.0,1.0,0.0,0.0,0.0,1,49.6,962.9,1,1,0,0,1,0,0,1,0,0,0,1.0,24.8,0,0,1,0,0,0.0,2.48,19.029644268774703,1
0,1,1,17,1,1.0,0.0,0.0,1.0,1.0,0.0,0.0,1,61.95,1070.7,1,1,0,0,0,1,0,0,0,0,1,3.0,15.4875,0,1,0,0,0,0.0,3.441666666666667,17.008737092930897,1
0,0,0,3,1,0.0,0.0,1.0,0.0,0.0,0.0,0.0,0,74.45,221.1,0,0,1,0,1,0,0,0,1,0,0,1.0,37.225,0,0,1,1,0,1.0,18.6125,2.930417495029821,0
0,0,0,3,1,0.0,0.0,0.0,1.0,0.0,0.0,0.0,1,49.15,169.05,0,1,0,0,1,0,0,0,0,1,0,1.0,24.575,0,0,0,0,1,0.0,12.2875,3.370887337986042,0
0,1,1,19,1,0.0,0.0,0.0,0.0,0.0,0.0,0.0,0,19.8,344.5,0,0,0,1,0,1,0,0,0,0,1,0.0,19.8,0,1,0,0,0,0.0,0.99,16.5625,1
0,1,0,34,1,1.0,0.0,0.0,1.0,0.0,1.0,1.0,0,100.85,3527.3,0,0,1,0,1,0,0,0,0,1,0,4.0,20.169999999999998,1,0,0,1,1,1.0,2.8814285714285712,34.63230240549829,1
0,0,1,9,1,0.0,0.0,1.0,0.0,0.0,0.0,0.0,1,50.1,484.05,0,1,0,0,1,0,0,0,0,1,0,1.0,25.05,0,0,0,0,1,0.0,5.01,9.472602739726028,0
0,1,1,60,1,1.0,1.0,1.0,0.0,0.0,1.0,0.0,0,94.15,5811.8,1,0,1,0,0,1,0,1,0,0,0,4.0,18.830000000000002,1,1,1,0,0,0.0,1.5434426229508198,61.08039936941671,2
0,0,0,5,0,0.0,0.0,1.0,0.0,0.0,1.0,1.0,1,50.95,229.4,1,1,0,0,1,0,0,0,1,0,0,3.0,12.7375,1,0,1,0,0,0.0,8.491666666666667,4.415784408084697,0
0,0,1,22,1,1.0,0.0,0.0,0.0,0.0,0.0,1.0,1,84.75,1816.75,1,0,1,0,1,0,0,0,0,1,0,2.0,28.25,1,0,0,1,1,1.0,3.6847826086956523,21.186588921282798,1
1,0,0,7,1,1.0,0.0,0.0,0.0,0.0,0.0,0.0,0,73.75,545.15,0,0,1,0,1,0,0,0,0,0,1,1.0,36.875,0,0,0,1,0,1.0,9.21875,7.292976588628762,0
0,0,1,18,1,1.0,0.0,0.0,1.0,0.0,0.0,0.0,1,80.55,1406.65,0,0,1,0,1,0,0,0,1,0,0,2.0,26.849999999999998,0,0,1,1,0,1.0,4.239473684210526,17.24892703862661,1
0,0,0,29,1,1.0,0.0,1.0,1.0,0.0,0.0,1.0,0,70.9,1964.6,0,1,0,0,0,1,0,0,1,0,0,4.0,14.180000000000001,1,1,1,0,0,0.0,2.3633333333333337,27.3240611961057,1
0,1,1,16,1,0.0,0.0,0.0,0.0,0.0,0.0,0.0,0,19.75,313.4,0,0,0,1,1,0,0,0,0,1,0,0.0,19.75,0,0,0,0,1,0.0,1.161764705882353,15.103614457831323,1
0,0,0,32,1,0.0,0.0,0.0,0.0,0.0,0.0,0.0,0,19.75,624.15,1,0,0,1,0,1,0,1,0,0,0,0.0,19.75,0,1,1,0,0,0.0,0.5984848484848485,30.079518072289154,1
0,0,0,19,1,0.0,1.0,0.0,1.0,1.0,1.0,1.0,1,106.6,1934.45,1,0,1,0,1,0,0,0,0,1,0,5.0,17.766666666666666,1,0,0,1,1,0.0,5.33,17.97815985130112,1
1,0,0,51,1,1.0,0.0,0.0,1.0,0.0,1.0,1.0,1,97.8,4913.3,0,0,1,0,1,0,0,0,0,1,0,4.0,19.56,1,0,0,1,1,1.0,1.8807692307692307,49.729757085020246,2
0,1,0,72,1,1.0,0.0,1.0,1.0,0.0,1.0,1.0,1,106.3,7565.35,0,0,1,0,0,0,1,1,0,0,0,5.0,17.716666666666665,1,1,1,0,0,1.0,1.4561643835616438,70.50652376514446,3
0,0,0,31,1,1.0,0.0,1.0,0.0,1.0,1.0,0.0,1,71.05,2168.15,0,1,0,0,1,0,0,0,0,1,0,4.0,14.209999999999999,1,0,0,0,1,0.0,2.2203125,30.09229701596114,1
0,0,0,35,1,0.0,1.0,1.0,1.0,0.0,0.0,0.0,0,61.2,2021.2,0,1,0,0,0,1,0,0,0,0,1,3.0,15.3,0,1,0,0,0,0.0,1.7000000000000002,32.4951768488746,1
0,0,0,35,1,1.0,0.0,0.0,0.0,0.0,0.0,0.0,0,23.3,797.1,1,0,0,1,0,0,1,1,0,0,0,1.0,11.65,0,1,1,0,0,0.0,0.6472222222222223,32.80246913580247,1
0,0,0,21,1,0.0,1.0,1.0,0.0,1.0,1.0,0.0,0,71.05,1524.85,1,1,0,0,0,0,1,0,1,0,0,4.0,14.209999999999999,1,1,1,0,0,0.0,3.2295454545454545,21.16377515614157,1
0,0,0,54,1,1.0,0.0,1.0,1.0,1.0,1.0,1.0,0,111.1,6014.85,1,0,1,0,1,0,0,0,0,1,0,6.0,15.87142857142857,1,0,0,1,1,0.0,2.02,53.65611061552186,2
0,1,1,27,1,0.0,1.0,1.0,1.0,1.0,0.0,0.0,0,66.15,1874.45,1,1,0,0,0,1,0,0,0,0,1,4.0,13.23,0,1,0,0,0,0.0,2.3625000000000003,27.914370811615782,1
0,1,0,72,1,0.0,0.0,0.0,0.0,0.0,0.0,0.0,0,20.5,1502.25,1,0,0,1,0,0,1,0,1,0,0,0.0,20.5,0,1,1,0,0,0.0,0.2808219178082192,69.87209302325581,3
0,0,1,18,0,0.0,0.0,0.0,0.0,0.0,0.0,1.0,1,35.0,553.0,1,1,0,0,1,0,0,0,0,1,0,1.0,17.5,1,0,0,0,1,0.0,1.8421052631578947,15.36111111111111,1
0,0,0,43,0,0.0,0.0,0.0,1.0,1.0,0.0,1.0,0,44.15,1931.3,0,1,0,0,0,1,0,0,0,1,0,3.0,11.0375,1,1,0,0,0,0.0,1.003409090909091,42.775193798449614,2
1,1,0,5,1,0.0,0.0,0.0,0.0,0.0,0.0,0.0,0,70.05,302.6,1,0,1,0,1,0,0,0,0,1,0,0.0,70.05,0,0,0,1,1,1.0,11.674999999999999,4.258972554539057,0
0,1,0,62,1,0.0,0.0,1.0,1.0,1.0,0.0,0.0,1,60.15,3753.2,0,1,0,0,0,0,1,0,1,0,0,3.0,15.0375,0,1,1,0,0,0.0,0.9547619047619047,61.37694194603434,3
0,1,0,61,1,1.0,0.0,1.0,0.0,0.0,1.0,1.0,1,101.05,5971.25,1,0,1,0,0,0,1,1,0,0,0,4.0,20.21,1,1,1,0,0,1.0,1.6298387096774194,58.51298383145517,3
0,0,1,49,1,1.0,0.0,0.0,0.0,0.0,0.0,0.0,0,75.2,3678.3,0,0,1,0,1,0,0,0,1,0,0,1.0,37.6,0,0,1,1,0,1.0,1.504,48.27165354330709,2
0,1,0,72,1,1.0,1.0,1.0,1.0,0.0,1.0,1.0,1,109.55,8165.1,1,0,1,0,0,0,1,0,0,1,0,6.0,15.65,1,1,0,0,0,0.0,1.5006849315068493,73.85888738127545,3
0,1,1,51,0,0.0,0.0,0.0,1.0,1.0,1.0,1.0,1,56.15,2898.95,1,1,0,0,0,1,0,0,0,1,0,4.0,11.23,1,1,0,0,0,0.0,1.0798076923076922,50.725284339457566,2
0,1,1,11,1,0.0,0.0,0.0,0.0,0.0,0.0,0.0,1,20.0,196.35,1,0,0,1,0,1,0,0,0,0,1,0.0,20.0,0,1,0,0,0,0.0,1.6666666666666667,9.35,0
0,1,0,67,1,1.0,1.0,0.0,1.0,1.0,1.0,1.0,1,111.25,7511.65,1,0,1,0,0,1,0,0,0,1,0,6.0,15.892857142857142,1,1,0,0,0,0.0,1.6360294117647058,66.91893095768374,3
1,1,0,72,1,0.0,1.0,1.0,1.0,1.0,1.0,0.0,0,74.4,5360.75,0,1,0,0,0,0,1,1,0,0,0,5.0,12.4,1,1,1,0,0,0.0,1.0191780821917809,71.09748010610079,3
0,0,1,29,1,0.0,0.0,0.0,0.0,0.0,0.0,0.0,0,19.85,535.05,0,0,0,1,0,1,0,0,0,0,1,0.0,19.85,0,1,0,0,0,0.0,0.6616666666666667,25.661870503597118,1
0,0,1,3,1,1.0,0.0,0.0,1.0,0.0,0.0,1.0,0,91.85,257.05,0,0,1,0,1,0,0,0,0,1,0,3.0,22.9625,1,0,0,1,1,1.0,22.9625,2.7684437264404957,0
0,1,0,72,1,1.0,0.0,1.0,1.0,1.0,1.0,1.0,1,108.2,7840.6,0,0,1,0,0,0,1,0,0,1,0,6.0,15.457142857142857,1,1,0,0,0,0.0,1.4821917808219178,71.8003663003663,3
0,0,0,72,1,1.0,1.0,1.0,1.0,1.0,1.0,1.0,0,92.0,6632.75,0,1,0,0,0,0,1,1,0,0,0,7.0,11.5,1,1,1,0,0,0.0,1.2602739726027397,71.31989247311827,3
0,1,0,47,1,1.0,0.0,1.0,1.0,0.0,0.0,0.0,1,83.35,4065.0,0,0,1,0,1,0,0,1,0,0,0,3.0,20.8375,0,0,1,1,0,1.0,1.7364583333333332,48.19205690574986,2
0,0,0,44,1,0.0,0.0,0.0,0.0,0.0,0.0,0.0,0,68.85,2958.95,0,0,1,0,1,0,0,0,1,0,0,0.0,68.85,0,0,1,1,0,1.0,1.5299999999999998,42.36148890479599,2
0,0,1,8,1,0.0,0.0,0.0,0.0,0.0,0.0,0.0,0,20.05,163.6,1,0,0,1,1,0,0,0,0,0,1,0.0,20.05,0,0,0,0,0,0.0,2.227777777777778,7.771971496437054,0
0,0,0,6,1,0.0,0.0,0.0,0.0,0.0,0.0,0.0,0,19.55,124.45,1,0,0,1,0,0,1,0,0,0,1,0.0,19.55,0,1,0,0,0,0.0,2.792857142857143,6.0559610705596105,0
0,0,0,35,1,1.0,0.0,0.0,1.0,1.0,1.0,0.0,0,95.5,3418.2,0,0,1,0,1,0,0,0,0,1,0,4.0,19.1,1,0,0,1,1,0.0,2.6527777777777777,35.42176165803109,1
0,1,0,21,1,1.0,1.0,0.0,1.0,0.0,1.0,1.0,1,103.9,2254.2,1,0,1,0,1,0,0,0,0,1,0,5.0,17.316666666666666,1,0,0,1,1,0.0,4.722727272727273,21.48903717826501,1
0,1,1,68,1,0.0,1.0,0.0,1.0,0.0,0.0,0.0,0,80.35,5375.15,0,0,1,0,0,0,1,0,1,0,0,2.0,26.78333333333333,0,1,1,0,0,0.0,1.1644927536231884,66.07437000614628,3
0,0,0,16,1,0.0,0.0,0.0,0.0,1.0,0.0,0.0,1,74.55,1170.5,0,0,1,0,1,0,0,0,1,0,0,1.0,37.275,0,0,1,1,0,0.0,4.385294117647058,15.493050959629386,1
0,0,0,54,1,1.0,0.0,0.0,0.0,1.0,1.0,1.0,1,100.1,5440.9,1,0,1,0,1,0,0,0,0,1,0,4.0,20.02,1,0,0,1,1,0.0,1.8199999999999998,53.817012858555884,2
0,0,0,1,1,1.0,0.0,0.0,0.0,0.0,0.0,0.0,1,25.7,25.7,1,0,0,1,1,0,0,0,0,1,0,1.0,12.85,0,0,0,0,1,0.0,12.85,0.9625468164794008,0
0,1,1,61,1,1.0,0.0,0.0,1.0,0.0,1.0,1.0,1,99.9,6241.35,0,0,1,0,0,1,0,0,0,1,0,4.0,19.98,1,1,0,0,0,1.0,1.6112903225806452,61.85678889990089,3
0,0,0,18,1,0.0,0.0,0.0,1.0,0.0,0.0,0.0,1,50.0,892.7,1,1,0,0,1,0,0,0,0,0,1,1.0,25.0,0,0,0,0,0,0.0,2.6315789473684212,17.50392156862745,1
1,1,1,24,1,1.0,1.0,0.0,0.0,0.0,0.0,0.0,1,79.85,1857.75,0,0,1,0,1,0,0,0,0,1,0,2.0,26.616666666666664,0,0,0,1,1,0.0,3.194,22.977736549165122,1
0,1,1,45,1,0.0,0.0,0.0,0.0,0.0,0.0,0.0,0,20.85,892.15,1,0,0,1,0,0,1,0,0,0,1,0.0,20.85,0,1,0,0,0,0.0,0.45326086956521744,40.83066361556064,2
0,1,1,38,1,0.0,0.0,0.0,0.0,0.0,0.0,0.0,0,19.6,717.3,0,0,0,1,1,0,0,0,0,1,0,0.0,19.6,0,0,0,0,1,0.0,0.5025641025641026,34.82038834951456,2
0,0,0,18,1,0.0,0.0,0.0,0.0,0.0,0.0,0.0,0,20.05,388.6,0,0,0,1,0,0,1,0,1,0,0,0.0,20.05,0,1,1,0,0,0.0,1.055263157894737,18.46080760095012,1
0,0,0,3,1,0.0,0.0,0.0,0.0,0.0,0.0,0.0,1,19.1,53.05,0,0,0,1,1,0,0,0,0,0,1,0.0,19.1,0,0,0,0,0,0.0,4.775,2.6393034825870645,0
0,0,0,1,1,0.0,0.0,0.0,0.0,0.0,1.0,1.0,1,89.1,89.1,0,0,1,0,1,0,0,0,0,1,0,2.0,29.7,1,0,0,1,1,1.0,44.55,0.9889012208657048,0
0,1,1,50,1,1.0,0.0,1.0,1.0,1.0,1.0,1.0,1,84.15,4164.4,1,1,0,0,0,1,0,0,1,0,0,6.0,12.021428571428572,1,1,1,0,0,0.0,1.6500000000000001,48.906635349383436,2
0,0,0,59,1,1.0,0.0,1.0,1.0,1.0,1.0,1.0,1,111.35,6519.75,0,0,1,0,1,0,0,0,0,1,0,6.0,15.907142857142857,1,0,0,1,1,0.0,1.8558333333333332,58.03070761014686,2
0,1,0,12,1,0.0,0.0,1.0,0.0,0.0,0.0,1.0,1,85.05,999.8,0,0,1,0,1,0,0,0,1,0,0,2.0,28.349999999999998,1,0,1,1,0,1.0,6.542307692307692,11.618826263800116,0
0,0,0,72,1,1.0,0.0,1.0,1.0,1.0,1.0,1.0,1,111.6,8012.75,1,0,1,0,0,0,1,1,0,0,0,6.0,15.942857142857141,1,1,1,0,0,0.0,1.5287671232876712,71.16119005328598,3
0,1,1,24,1,0.0,0.0,0.0,0.0,0.0,0.0,0.0,0,20.25,439.75,0,0,0,1,0,1,0,0,0,0,1,0.0,20.25,0,1,0,0,0,0.0,0.81,20.694117647058825,1
0,0,0,1,0,0.0,0.0,0.0,0.0,1.0,0.0,0.0,0,30.55,30.55,1,1,0,0,1,0,0,0,0,0,1,1.0,15.275,0,0,0,0,0,0.0,15.275,0.9683042789223455,0
0,0,0,11,1,1.0,0.0,0.0,1.0,0.0,0.0,0.0,0,53.75,608.0,0,1,0,0,1,0,0,0,0,1,0,2.0,17.916666666666668,0,0,0,0,1,0.0,4.479166666666667,11.105022831050228,0
0,1,0,9,1,0.0,0.0,1.0,1.0,0.0,0.0,0.0,1,79.9,741.7,0,0,1,0,1,0,0,0,0,1,0,2.0,26.633333333333336,0,0,0,1,1,1.0,7.99,9.168108776266996,0
1,0,0,72,1,1.0,0.0,1.0,1.0,1.0,1.0,1.0,0,111.65,7943.45,1,0,1,0,0,0,1,0,0,1,0,6.0,15.950000000000001,1,1,0,0,0,0.0,1.5294520547945207,70.51442521083,3
0,1,1,50,1,0.0,0.0,0.0,0.0,0.0,0.0,0.0,0,20.55,1070.25,1,0,0,1,0,0,1,0,1,0,0,0.0,20.55,0,1,1,0,0,0.0,0.40294117647058825,49.66357308584686,2
0,1,1,7,1,0.0,1.0,0.0,0.0,0.0,0.0,0.0,1,49.75,331.3,0,1,0,0,0,1,0,0,0,1,0,1.0,24.875,0,1,0,0,0,0.0,6.21875,6.528078817733991,0
0,0,0,4,1,0.0,0.0,1.0,0.0,0.0,0.0,0.0,0,49.25,208.45,0,1,0,0,1,0,0,0,0,0,1,1.0,24.625,0,0,0,0,0,0.0,9.85,4.1482587064676615,0
1,1,1,66,1,1.0,0.0,1.0,1.0,1.0,1.0,1.0,1,108.45,7076.35,0,0,1,0,0,1,0,0,0,1,0,6.0,15.492857142857144,1,1,0,0,0,0.0,1.6186567164179104,64.65372316126086,3
0,1,1,16,1,0.0,0.0,0.0,0.0,0.0,0.0,0.0,0,20.4,321.4,1,0,0,1,1,0,0,0,0,1,0,0.0,20.4,0,0,0,0,1,0.0,1.2,15.018691588785046,1
0,0,0,8,0,0.0,1.0,0.0,0.0,0.0,0.0,0.0,1,30.45,226.45,0,1,0,0,1,0,0,0,0,1,0,1.0,15.225,0,0,0,0,1,0.0,3.3833333333333333,7.200317965023848,0
0,0,0,21,1,0.0,0.0,0.0,0.0,0.0,0.0,0.0,0,20.5,402.85,0,0,0,1,1,0,0,0,1,0,0,0.0,20.5,0,0,1,0,0,0.0,0.9318181818181818,18.73720930232558,1
0,1,0,45,1,0.0,0.0,0.0,1.0,0.0,0.0,0.0,1,50.25,2221.55,1,1,0,0,1,0,0,0,1,0,0,1.0,25.125,0,0,1,0,0,0.0,1.0923913043478262,43.347317073170736,2
0,0,0,41,1,1.0,0.0,0.0,1.0,0.0,1.0,1.0,0,98.05,3990.6,1,0,1,0,1,0,0,1,0,0,0,4.0,19.61,1,0,1,1,0,1.0,2.3345238095238097,40.28874305906108,2
0,0,0,59,1,0.0,0.0,0.0,0.0,0.0,0.0,0.0,1,20.2,1192.3,0,0,0,1,0,0,1,1,0,0,0,0.0,20.2,0,1,1,0,0,0.0,0.33666666666666667,56.240566037735846,2
1,1,0,21,1,0.0,0.0,0.0,1.0,0.0,1.0,0.0,0,86.55,1857.25,0,0,1,0,1,0,0,1,0,0,0,2.0,28.849999999999998,1,0,1,1,0,1.0,3.934090909090909,21.21359223300971,1
0,0,0,1,1,0.0,0.0,0.0,0.0,0.0,1.0,0.0,1,80.55,80.55,0,0,1,0,1,0,0,0,0,1,0,1.0,40.275,1,0,0,1,1,1.0,40.275,0.987737584304108,0
0,1,1,4,1,0.0,0.0,0.0,0.0,0.0,0.0,1.0,0,80.85,302.75,1,0,1,0,1,0,0,0,0,1,0,1.0,40.425,1,0,0,1,1,1.0,16.169999999999998,3.6988393402565674,0
0,0,0,15,1,0.0,0.0,0.0,0.0,0.0,0.0,0.0,0,19.8,304.6,0,0,0,1,0,1,0,0,0,0,1,0.0,19.8,0,1,0,0,0,0.0,1.2375,14.64423076923077,1
0,1,1,51,1,1.0,0.0,0.0,0.0,0.0,0.0,0.0,1,23.95,1216.35,0,0,0,1,0,1,0,0,0,0,1,1.0,11.975,0,1,0,0,0,0.0,0.46057692307692305,48.75150300601202,2
1,0,0,2,1,1.0,0.0,0.0,0.0,0.0,1.0,0.0,1,85.55,187.45,1,0,1,0,1,0,0,0,0,1,0,2.0,28.516666666666666,1,0,0,1,1,1.0,28.516666666666666,2.1658001155401503,0
0,1,1,59,1,0.0,0.0,0.0,0.0,0.0,0.0,0.0,0,19.3,1192.7,0,0,0,1,0,0,1,0,1,0,0,0.0,19.3,0,1,1,0,0,0.0,0.32166666666666666,58.75369458128079,2
0,0,0,67,1,0.0,0.0,0.0,0.0,0.0,0.0,0.0,1,19.45,1195.95,0,0,0,1,0,1,0,0,0,0,1,0.0,19.45,0,1,0,0,0,0.0,0.28602941176470587,58.48166259168705,3
0,1,1,25,1,1.0,0.0,0.0,0.0,0.0,1.0,0.0,0,60.35,1404.65,0,1,0,0,1,0,0,0,0,1,0,2.0,20.116666666666667,1,0,0,0,1,0.0,2.3211538461538463,22.89568052159739,1
0,0,0,14,1,0.0,0.0,0.0,0.0,0.0,0.0,0.0,0,19.6,300.4,0,0,0,1,1,0,0,0,1,0,0,0.0,19.6,0,0,1,0,0,0.0,1.3066666666666669,14.582524271844658,1
0,0,0,1,1,0.0,0.0,0.0,0.0,0.0,0.0,0.0,1,69.95,69.95,1,0,1,0,1,0,0,0,0,0,1,0.0,69.95,0,0,0,1,0,1.0,34.975,0.9859055673009162,0
0,1,1,22,1,0.0,0.0,1.0,0.0,1.0,0.0,0.0,0,55.15,1206.05,1,1,0,0,1,0,0,0,0,1,0,2.0,18.383333333333333,0,0,0,0,1,0.0,2.3978260869565218,21.47907390917186,1
0,0,0,25,1,0.0,1.0,0.0,0.0,1.0,1.0,1.0,1,76.15,1992.95,1,1,0,0,1,0,0,0,1,0,0,4.0,15.23,1,0,1,0,0,0.0,2.928846153846154,25.832145171743356,1
1,1,0,72,1,1.0,0.0,1.0,1.0,0.0,1.0,1.0,1,104.15,7689.95,0,0,1,0,0,0,1,1,0,0,0,5.0,17.358333333333334,1,1,1,0,0,1.0,1.4267123287671233,73.13314312886352,3
0,1,0,64,0,0.0,1.0,0.0,1.0,1.0,0.0,1.0,0,47.85,3147.5,1,1,0,0,0,0,1,0,0,1,0,4.0,9.57,1,1,0,0,0,0.0,0.7361538461538462,64.43193449334697,3
0,1,0,62,1,1.0,1.0,1.0,0.0,0.0,0.0,1.0,0,96.1,6001.45,0,0,1,0,0,1,0,0,0,1,0,4.0,19.22,1,1,0,0,0,0.0,1.5253968253968253,61.80690010298661,3
0,0,0,10,1,0.0,0.0,0.0,0.0,0.0,0.0,0.0,1,44.85,435.4,0,1,0,0,1,0,0,0,1,0,0,0.0,44.85,0,0,1,0,0,0.0,4.077272727272727,9.496183206106869,0
0,1,1,53,1,1.0,1.0,0.0,0.0,1.0,0.0,1.0,0,71.85,3827.9,0,1,0,0,1,0,0,0,0,1,0,4.0,14.37,1,0,0,0,1,0.0,1.3305555555555555,52.54495538778312,2
1,1,0,72,1,1.0,0.0,1.0,1.0,0.0,1.0,1.0,1,105.75,7629.85,1,0,1,0,0,1,0,0,1,0,0,5.0,17.625,1,1,1,0,0,1.0,1.4486301369863013,71.47400468384075,3
0,1,1,44,1,0.0,0.0,0.0,0.0,0.0,0.0,0.0,1,20.5,865.05,0,0,0,1,0,1,0,1,0,0,0,0.0,20.5,0,1,1,0,0,0.0,0.45555555555555555,40.23488372093023,2
0,0,0,13,0,0.0,0.0,0.0,1.0,1.0,0.0,0.0,0,35.4,450.4,1,1,0,0,0,0,1,0,0,0,1,2.0,11.799999999999999,0,1,0,0,0,0.0,2.5285714285714285,12.373626373626374,1
0,0,0,29,1,0.0,0.0,0.0,0.0,0.0,0.0,0.0,0,20.0,599.3,1,0,0,1,0,1,0,0,0,0,1,0.0,20.0,0,1,0,0,0,0.0,0.6666666666666666,28.538095238095234,1
0,0,0,2,1,0.0,0.0,1.0,0.0,1.0,0.0,0.0,1,55.05,102.75,1,1,0,0,1,0,0,0,1,0,0,2.0,18.349999999999998,0,0,1,0,0,0.0,18.349999999999998,1.8331846565566459,0
0,1,1,1,1,0.0,0.0,0.0,0.0,0.0,0.0,0.0,1,45.7,45.7,1,1,0,0,1,0,0,0,0,1,0,0.0,45.7,0,0,0,0,1,0.0,22.85,0.9785867237687366,0
0,1,1,12,1,1.0,0.0,1.0,1.0,0.0,0.0,0.0,1,84.5,916.9,1,0,1,0,1,0,0,0,0,1,0,3.0,21.125,0,0,0,1,1,1.0,6.5,10.723976608187135,0
0,0,0,2,1,0.0,0.0,0.0,0.0,0.0,0.0,0.0,0,46.05,80.35,0,1,0,0,1,0,0,1,0,0,0,0.0,46.05,0,0,1,0,0,0.0,15.35,1.7077577045696068,0
0,0,1,1,1,0.0,1.0,0.0,0.0,0.0,0.0,0.0,0,50.6,50.6,0,1,0,0,1,0,0,0,0,0,1,1.0,25.3,0,0,0,0,0,0.0,25.3,0.9806201550387597,0
0,0,0,11,1,1.0,1.0,0.0,0.0,0.0,0.0,0.0,1,79.0,929.3,1,0,1,0,1,0,0,1,0,0,0,2.0,26.333333333333332,0,0,1,1,0,0.0,6.583333333333333,11.616249999999999,0
0,1,0,58,1,1.0,1.0,1.0,1.0,0.0,1.0,1.0,1,86.1,4890.5,0,1,0,0,0,0,1,0,0,1,0,6.0,12.299999999999999,1,1,0,0,0,0.0,1.459322033898305,56.14810562571757,2
1,1,1,43,1,1.0,0.0,1.0,1.0,1.0,1.0,1.0,1,110.75,4687.9,0,0,1,0,1,0,0,1,0,0,0,6.0,15.821428571428571,1,0,1,1,0,0.0,2.5170454545454546,41.94988814317673,2
0,0,0,15,1,1.0,1.0,0.0,0.0,0.0,1.0,1.0,1,99.7,1566.75,0,0,1,0,1,0,0,0,0,1,0,4.0,19.94,1,0,0,1,1,0.0,6.23125,15.558589870903674,1
0,1,1,40,1,0.0,0.0,0.0,0.0,0.0,0.0,0.0,1,20.4,745.3,0,0,0,1,1,0,0,1,0,0,0,0.0,20.4,0,0,1,0,0,0.0,0.49756097560975604,34.82710280373832,2
0,1,1,24,1,1.0,1.0,0.0,0.0,0.0,1.0,1.0,0,74.8,1821.2,0,1,0,0,0,1,0,0,0,0,1,4.0,14.959999999999999,1,1,0,0,0,0.0,2.992,24.026385224274406,1
0,0,0,1,1,0.0,0.0,1.0,0.0,0.0,0.0,1.0,1,85.0,85.0,0,0,1,0,1,0,0,0,0,1,0,2.0,28.333333333333332,1,0,0,1,1,1.0,42.5,0.9883720930232558,0
0,0,1,1,1,1.0,0.0,0.0,1.0,0.0,1.0,1.0,1,99.75,99.75,0,0,1,0,1,0,0,0,0,1,0,4.0,19.95,1,0,0,1,1,1.0,49.875,0.9900744416873449,0
0,1,1,72,1,1.0,0.0,0.0,0.0,0.0,0.0,0.0,0,25.1,1857.85,1,0,0,1,0,0,1,1,0,0,0,1.0,12.55,0,1,1,0,0,0.0,0.3438356164383562,71.18199233716474,3
0,0,0,29,0,0.0,0.0,0.0,0.0,0.0,0.0,0.0,1,25.1,712.85,1,1,0,0,1,0,0,0,1,0,0,0.0,25.1,0,0,1,0,0,0.0,0.8366666666666667,27.312260536398465,1
0,0,0,62,0,0.0,0.0,1.0,1.0,0.0,0.0,1.0,1,43.6,2748.7,1,1,0,0,0,0,1,0,1,0,0,3.0,10.9,1,1,1,0,0,0.0,0.692063492063492,61.63004484304932,3
0,1,1,58,1,0.0,0.0,0.0,0.0,0.0,0.0,0.0,0,20.3,1160.75,1,0,0,1,0,0,1,0,1,0,0,0.0,20.3,0,1,1,0,0,0.0,0.3440677966101695,54.49530516431925,2
0,1,1,64,1,1.0,1.0,0.0,0.0,1.0,1.0,1.0,1,104.4,6721.6,1,0,1,0,0,1,0,1,0,0,0,5.0,17.400000000000002,1,1,1,0,0,0.0,1.6061538461538463,63.77229601518027,3
1,1,0,29,0,0.0,1.0,0.0,1.0,0.0,0.0,1.0,1,45.0,1228.65,1,1,0,0,1,0,0,0,0,1,0,3.0,11.25,1,0,0,0,1,0.0,1.5,26.709782608695654,1
0,1,0,43,1,1.0,1.0,1.0,0.0,1.0,0.0,0.0,0,66.25,2907.35,0,1,0,0,1,0,0,1,0,0,0,4.0,13.25,0,0,1,0,0,0.0,1.5056818181818181,43.231970260223044,2
0,0,0,26,1,0.0,0.0,0.0,0.0,0.0,0.0,0.0,1,19.6,471.85,0,0,0,1,0,1,0,1,0,0,0,0.0,19.6,0,1,1,0,0,0.0,0.725925925925926,22.905339805825243,1
1,0,0,5,1,1.0,0.0,0.0,0.0,0.0,1.0,0.0,1,83.15,446.05,1,0,1,0,1,0,0,0,1,0,0,2.0,27.71666666666667,1,0,1,1,0,1.0,13.858333333333334,5.300653594771242,0
0,0,0,1,1,0.0,0.0,0.0,0.0,0.0,0.0,0.0,1,45.4,45.4,1,1,0,0,1,0,0,0,0,0,1,0.0,45.4,0,0,0,0,0,0.0,22.7,0.978448275862069,0
0,1,0,3,1,1.0,0.0,0.0,0.0,0.0,1.0,1.0,1,95.2,292.85,1,0,1,0,1,0,0,0,0,1,0,3.0,23.8,1,0,0,1,1,1.0,23.8,3.0441787941787943,0
0,1,1,51,1,1.0,0.0,0.0,0.0,1.0,0.0,0.0,1,80.75,4116.9,1,0,1,0,1,0,0,0,0,1,0,2.0,26.916666666666668,0,0,0,1,1,0.0,1.5528846153846154,50.35963302752293,2
1,0,0,26,1,0.0,0.0,0.0,0.0,0.0,0.0,1.0,1,78.8,2006.1,1,0,1,0,1,0,0,0,0,1,0,1.0,39.4,1,0,0,1,1,1.0,2.9185185185185185,25.139097744360903,1
0,0,0,45,1,1.0,1.0,0.0,0.0,1.0,0.0,1.0,0,73.55,3349.1,1,1,0,0,0,0,1,0,0,0,1,4.0,14.709999999999999,1,1,0,0,0,0.0,1.5989130434782608,44.924211938296445,2
1,1,0,33,1,1.0,0.0,0.0,0.0,0.0,1.0,1.0,1,94.5,3105.55,0,0,1,0,1,0,0,0,0,1,0,3.0,23.625,1,0,0,1,1,1.0,2.7794117647058822,32.51884816753927,1
1,1,0,1,1,1.0,0.0,1.0,0.0,0.0,1.0,0.0,1,90.6,90.6,1,0,1,0,1,0,0,0,0,1,0,3.0,22.65,1,0,0,1,1,1.0,45.3,0.9890829694323144,0
0,0,0,4,1,1.0,0.0,0.0,0.0,1.0,1.0,1.0,1,100.85,399.25,1,0,1,0,1,0,0,0,0,0,1,4.0,20.169999999999998,1,0,0,1,0,0.0,20.169999999999998,3.9199803632793326,0
0,1,0,52,1,1.0,1.0,1.0,1.0,1.0,0.0,1.0,1,81.4,4354.45,0,1,0,0,0,1,0,0,1,0,0,6.0,11.62857142857143,1,1,1,0,0,0.0,1.5358490566037737,52.84526699029126,2
0,1,0,5,0,0.0,0.0,0.0,0.0,0.0,0.0,0.0,1,24.95,100.4,0,1,0,0,1,0,0,0,0,1,0,0.0,24.95,0,0,0,0,1,0.0,4.158333333333333,3.8689788053949905,0
0,0,0,42,0,0.0,1.0,1.0,1.0,1.0,0.0,1.0,1,54.75,2348.45,1,1,0,0,0,1,0,0,0,1,0,5.0,9.125,1,1,0,0,0,0.0,1.2732558139534884,42.124663677130044,2
0,1,1,70,1,0.0,1.0,1.0,1.0,1.0,1.0,0.0,1,101.1,6994.8,0,0,1,0,0,0,1,0,1,0,0,5.0,16.849999999999998,1,1,1,0,0,0.0,1.4239436619718309,68.50930460333008,3
0,0,0,51,1,1.0,1.0,1.0,1.0,0.0,1.0,1.0,0,107.45,5680.9,1,0,1,0,0,1,0,1,0,0,0,6.0,15.35,1,1,1,0,0,0.0,2.066346153846154,52.382664822498846,2
1,0,0,1,1,0.0,0.0,0.0,0.0,0.0,0.0,0.0,1,70.6,70.6,1,0,1,0,1,0,0,0,0,0,1,0.0,70.6,0,0,0,1,0,1.0,35.3,0.9860335195530726,0
0,0,1,9,1,0.0,0.0,0.0,0.0,0.0,1.0,0.0,0,55.35,449.75,0,1,0,0,1,0,0,0,0,1,0,1.0,27.675,1,0,0,0,1,0.0,5.535,7.981366459627329,0
0,1,1,61,1,0.0,0.0,1.0,0.0,1.0,1.0,1.0,1,98.45,6145.2,0,0,1,0,0,1,0,1,0,0,0,4.0,19.69,1,1,1,0,0,0.0,1.5879032258064516,61.7918552036199,3
0,0,0,13,1,0.0,0.0,0.0,1.0,0.0,1.0,0.0,1,83.2,1060.6,0,0,1,0,1,0,0,0,0,1,0,2.0,27.733333333333334,1,0,0,1,1,1.0,5.942857142857143,12.596199524940616,1
1,0,0,13,1,0.0,0.0,1.0,1.0,0.0,0.0,0.0,1,54.8,731.3,1,1,0,0,1,0,0,0,0,1,0,2.0,18.266666666666666,0,0,0,0,1,0.0,3.914285714285714,13.105734767025089,1
0,0,0,9,1,0.0,1.0,0.0,0.0,0.0,0.0,0.0,1,74.25,639.65,1,0,1,0,1,0,0,0,1,0,0,1.0,37.125,0,0,1,1,0,0.0,7.425,8.50033222591362,0
1,1,0,3,1,0.0,0.0,0.0,0.0,0.0,1.0,0.0,1,80.4,224.05,1,0,1,0,1,0,0,0,0,1,0,1.0,40.2,1,0,0,1,1,1.0,20.1,2.7524570024570023,0
0,1,1,71,1,1.0,1.0,0.0,0.0,0.0,1.0,1.0,1,97.2,6910.3,0,0,1,0,0,0,1,0,0,1,0,4.0,19.44,1,1,0,0,0,0.0,1.35,70.36965376782078,3
0,0,1,43,0,0.0,1.0,1.0,1.0,0.0,0.0,0.0,1,40.45,1912.85,0,1,0,0,1,0,0,0,0,1,0,3.0,10.1125,0,0,0,0,1,0.0,0.9193181818181819,46.14837153196622,2
0,1,1,26,1,0.0,0.0,0.0,0.0,0.0,0.0,0.0,0,19.65,494.9,1,0,0,1,0,0,1,0,1,0,0,0.0,19.65,0,1,1,0,0,0.0,0.7277777777777777,23.966101694915256,1
0,0,0,60,1,0.0,0.0,1.0,1.0,0.0,1.0,1.0,1,99.65,5941.05,1,0,1,0,0,0,1,0,0,1,0,4.0,19.93,1,1,0,0,0,1.0,1.6336065573770493,59.02682563338301,2
1,1,0,45,1,0.0,0.0,0.0,1.0,0.0,0.0,1.0,1,86.1,3861.45,1,0,1,0,1,0,0,0,0,1,0,2.0,28.7,1,0,0,1,1,1.0,1.8717391304347826,44.333524684270955,2
0,1,1,56,1,0.0,0.0,0.0,0.0,0.0,1.0,1.0,0,88.9,4968.0,1,0,1,0,0,1,0,1,0,0,0,2.0,29.633333333333336,1,1,1,0,0,1.0,1.5596491228070177,55.26140155728587,2
0,1,1,32,1,0.0,0.0,0.0,0.0,0.0,0.0,0.0,1,69.75,2347.9,0,0,1,0,1,0,0,1,0,0,0,0.0,69.75,0,0,1,1,0,1.0,2.1136363636363638,33.18586572438163,1
0,0,0,1,1,0.0,0.0,1.0,0.0,0.0,0.0,0.0,0,50.55,50.55,1,1,0,0,1,0,0,0,0,1,0,1.0,25.275,0,0,0,0,1,0.0,25.275,0.9806013579049466,0
0,1,1,72,1,1.0,1.0,1.0,1.0,1.0,0.0,1.0,1,104.9,7732.65,0,0,1,0,0,0,1,0,1,0,0,6.0,14.985714285714286,1,1,1,0,0,0.0,1.4369863013698632,73.0184135977337,3
1,1,0,54,1,0.0,0.0,0.0,1.0,1.0,1.0,1.0,1,99.1,5437.1,1,0,1,0,0,1,0,0,0,1,0,4.0,19.82,1,1,0,0,0,0.0,1.8018181818181818,54.316683316683324,2
1,0,0,52,1,1.0,0.0,0.0,0.0,0.0,0.0,0.0,1,72.95,3829.75,0,0,1,0,1,0,0,1,0,0,0,1.0,36.475,0,0,1,1,0,1.0,1.3764150943396227,51.78837052062204,2
0,0,1,12,1,0.0,1.0,0.0,0.0,0.0,1.0,1.0,1,69.85,837.5,0,1,0,0,1,0,0,0,0,0,1,3.0,17.4625,1,0,0,0,0,0.0,5.373076923076923,11.82074805928017,0
0,0,0,49,1,1.0,0.0,0.0,0.0,0.0,0.0,0.0,1,74.6,3720.35,0,0,1,0,1,0,0,1,0,0,0,1.0,37.3,0,0,1,1,0,1.0,1.492,49.210978835978835,2
1,1,0,71,0,0.0,1.0,1.0,1.0,1.0,0.0,0.0,0,46.35,3353.4,0,1,0,0,0,0,1,0,1,0,0,4.0,9.27,0,1,1,0,0,0.0,0.64375,70.82154171066526,3
0,1,1,58,1,0.0,0.0,1.0,0.0,0.0,1.0,1.0,1,92.85,5305.05,0,0,1,0,1,0,0,0,0,1,0,3.0,23.2125,1,0,0,1,1,1.0,1.573728813559322,56.52690463505595,2
0,0,0,46,1,0.0,0.0,1.0,1.0,1.0,1.0,1.0,1,104.4,4904.2,1,0,1,0,0,0,1,1,0,0,0,5.0,17.400000000000002,1,1,1,0,0,0.0,2.221276595744681,46.52941176470588,2
0,0,0,2,1,0.0,0.0,0.0,0.0,0.0,0.0,0.0,0,19.95,47.7,0,0,0,1,0,1,0,0,0,0,1,0.0,19.95,0,1,0,0,0,0.0,6.6499999999999995,2.2768496420047737,0
0,0,1,6,1,0.0,0.0,0.0,0.0,0.0,0.0,0.0,1,20.2,98.35,0,0,0,1,1,0,0,0,0,0,1,0.0,20.2,0,0,0,0,0,0.0,2.8857142857142857,4.639150943396226,0
1,1,0,1,0,0.0,0.0,0.0,0.0,0.0,0.0,0.0,1,24.8,24.8,1,1,0,0,1,0,0,0,0,1,0,0.0,24.8,0,0,0,0,1,0.0,12.4,0.9612403100775194,0
0,1,1,34,1,0.0,0.0,1.0,1.0,0.0,1.0,0.0,1,89.85,3091.75,0,0,1,0,1,0,0,0,0,1,0,3.0,22.4625,1,0,0,1,1,1.0,2.567142857142857,34.03137039075399,1
0,1,1,35,1,0.0,0.0,0.0,0.0,0.0,0.0,0.0,0,19.7,730.4,1,0,0,1,0,0,1,0,1,0,0,0.0,19.7,0,1,1,0,0,0.0,0.5472222222222222,35.28502415458937,1
1,0,0,12,1,1.0,0.0,1.0,0.0,0.0,1.0,0.0,1,91.3,1094.5,1,0,1,0,1,0,0,0,0,1,0,3.0,22.825,1,0,0,1,1,1.0,7.023076923076923,11.858071505958831,0
0,0,0,7,0,0.0,0.0,1.0,0.0,0.0,0.0,1.0,1,40.1,293.3,1,1,0,0,1,0,0,0,1,0,0,2.0,13.366666666666667,1,0,1,0,0,0.0,5.0125,7.13625304136253,0
0,0,0,56,1,0.0,0.0,1.0,1.0,1.0,1.0,1.0,1,81.8,4534.45,0,1,0,0,0,0,1,0,1,0,0,5.0,13.633333333333333,1,1,1,0,0,0.0,1.4350877192982456,54.763888888888886,2
0,1,1,71,1,1.0,1.0,0.0,1.0,1.0,1.0,1.0,0,85.45,6300.85,0,1,0,0,0,1,0,0,0,1,0,6.0,12.207142857142857,1,1,0,0,0,0.0,1.1868055555555557,72.88432620011568,3
0,1,0,72,1,1.0,0.0,1.0,1.0,1.0,1.0,1.0,1,110.15,7998.8,1,0,1,0,0,0,1,0,0,1,0,6.0,15.735714285714286,1,1,0,0,0,0.0,1.5089041095890412,71.96401259559154,3
0,1,1,49,1,1.0,0.0,0.0,0.0,0.0,0.0,0.0,0,25.25,1211.65,1,0,0,1,0,0,1,0,0,0,1,1.0,12.625,0,1,0,0,0,0.0,0.505,46.15809523809524,2
0,0,1,35,1,1.0,0.0,0.0,0.0,0.0,0.0,0.0,0,50.15,1655.35,1,1,0,0,1,0,0,0,0,0,1,1.0,25.075,0,0,0,0,0,0.0,1.3930555555555555,32.36265884652981,1
1,1,0,72,1,1.0,1.0,1.0,1.0,1.0,1.0,1.0,1,115.75,8443.7,1,0,1,0,0,0,1,0,1,0,0,7.0,14.46875,1,1,1,0,0,0.0,1.5856164383561644,72.32291220556746,3
0,1,0,60,0,0.0,1.0,1.0,0.0,1.0,0.0,0.0,0,37.7,2288.7,1,1,0,0,0,0,1,1,0,0,0,3.0,9.425,0,1,1,0,0,0.0,0.618032786885246,59.13953488372092,2
0,0,0,55,1,1.0,0.0,0.0,0.0,0.0,1.0,1.0,1,96.8,5283.95,0,0,1,0,1,0,0,0,0,1,0,3.0,24.2,1,0,0,1,1,1.0,1.7285714285714284,54.02811860940695,2
0,1,1,37,1,0.0,0.0,0.0,0.0,0.0,1.0,1.0,0,91.2,3247.55,0,0,1,0,0,1,0,0,1,0,0,2.0,30.400000000000002,1,1,1,0,0,1.0,2.4,35.22288503253796,2
0,0,0,15,1,0.0,0.0,0.0,1.0,0.0,0.0,1.0,1,59.45,892.65,1,1,0,0,1,0,0,0,0,1,0,2.0,19.816666666666666,1,0,0,0,1,0.0,3.715625,14.766749379652605,1
0,0,0,54,1,0.0,1.0,0.0,1.0,1.0,0.0,0.0,0,84.4,4484.05,0,0,1,0,0,1,0,0,0,1,0,3.0,21.1,0,1,0,0,0,0.0,1.5345454545454547,52.50644028103044,2
0,1,1,72,1,1.0,1.0,0.0,1.0,1.0,0.0,0.0,0,66.85,4758.8,1,1,0,0,0,0,1,1,0,0,0,4.0,13.37,0,1,1,0,0,0.0,0.9157534246575342,70.13706705969051,3
0,0,0,38,1,0.0,0.0,0.0,0.0,0.0,0.0,0.0,0,20.05,741.5,1,0,0,1,0,0,1,0,0,0,1,0.0,20.05,0,1,0,0,0,0.0,0.5141025641025642,35.22565320665083,2
0,0,0,9,1,0.0,0.0,0.0,0.0,0.0,0.0,0.0,1,20.15,163.7,0,0,0,1,0,1,0,0,0,0,1,0.0,20.15,0,1,0,0,0,0.0,2.0149999999999997,7.739952718676123,0
0,0,0,3,1,1.0,0.0,0.0,0.0,1.0,1.0,0.0,1,63.6,155.65,1,1,0,0,1,0,0,0,0,1,0,3.0,15.9,1,0,0,0,1,0.0,15.9,2.409442724458205,0
0,0,0,25,1,0.0,0.0,0.0,0.0,0.0,0.0,0.0,1,20.15,536.35,0,0,0,1,1,0,0,0,0,0,1,0.0,20.15,0,0,0,0,0,0.0,0.7749999999999999,25.359338061465724,1
0,0,0,41,1,1.0,0.0,0.0,1.0,1.0,0.0,1.0,1,68.6,2877.05,1,1,0,0,0,1,0,0,0,1,0,4.0,13.719999999999999,1,1,0,0,0,0.0,1.6333333333333333,41.33692528735633,2
0,0,0,5,1,0.0,0.0,0.0,1.0,0.0,1.0,1.0,1,70.0,347.4,0,1,0,0,0,1,0,0,0,0,1,3.0,17.5,1,1,0,0,0,0.0,11.666666666666666,4.8929577464788725,0
0,0,0,60,1,0.0,0.0,0.0,0.0,0.0,0.0,0.0,0,20.6,1093.0,1,0,0,1,0,0,1,0,0,0,1,0.0,20.6,0,1,0,0,0,0.0,0.3377049180327869,50.60185185185185,2
0,0,0,30,1,0.0,0.0,0.0,0.0,0.0,1.0,1.0,1,90.25,2755.35,0,0,1,0,1,0,0,0,0,1,0,2.0,30.083333333333332,1,0,0,1,1,1.0,2.911290322580645,30.195616438356165,1
0,0,0,43,1,1.0,0.0,1.0,0.0,0.0,1.0,1.0,1,101.4,4528.0,0,0,1,0,1,0,0,0,0,1,0,4.0,20.28,1,0,0,1,1,1.0,2.3045454545454547,44.21875,2
0,0,0,6,1,0.0,0.0,0.0,0.0,1.0,0.0,0.0,1,49.5,312.7,0,1,0,0,1,0,0,0,1,0,0,1.0,24.75,0,0,1,0,0,0.0,7.071428571428571,6.192079207920792,0
0,0,0,40,1,0.0,0.0,1.0,0.0,0.0,0.0,0.0,0,74.8,2971.7,1,0,1,0,1,0,0,0,1,0,0,1.0,37.4,0,0,1,1,0,1.0,1.8243902439024389,39.20448548812665,2
0,0,0,1,1,0.0,0.0,0.0,0.0,0.0,0.0,0.0,1,43.85,43.85,0,1,0,0,1,0,0,1,0,0,0,0.0,43.85,0,0,1,0,0,0.0,21.925,0.9777034559643255,0
0,1,1,5,1,0.0,0.0,0.0,0.0,0.0,0.0,0.0,0,44.8,220.45,1,1,0,0,1,0,0,0,0,0,1,0.0,44.8,0,0,0,0,0,0.0,7.466666666666666,4.813318777292577,0
0,0,0,1,1,0.0,0.0,0.0,0.0,0.0,0.0,0.0,0,71.1,71.1,1,0,1,0,1,0,0,0,0,0,1,0.0,71.1,0,0,0,1,0,1.0,35.55,0.986130374479889,0
0,1,1,64,0,0.0,0.0,1.0,1.0,1.0,0.0,1.0,0,49.85,3210.35,1,1,0,0,0,0,1,0,0,1,0,4.0,9.97,1,1,0,0,0,0.0,0.7669230769230769,63.13372664700098,3
0,0,0,8,1,1.0,1.0,0.0,0.0,1.0,0.0,1.0,0,71.15,563.65,1,1,0,0,1,0,0,0,0,1,0,4.0,14.23,1,0,0,0,1,0.0,7.905555555555556,7.812196812196811,0
1,1,0,58,1,0.0,1.0,1.0,0.0,1.0,1.0,1.0,1,105.5,6205.5,1,0,1,0,0,1,0,0,1,0,0,5.0,17.583333333333332,1,1,1,0,0,0.0,1.7881355932203389,58.267605633802816,2
0,1,0,60,1,1.0,0.0,1.0,1.0,0.0,1.0,1.0,0,102.5,6157.6,0,0,1,0,0,1,0,1,0,0,0,5.0,17.083333333333332,1,1,1,0,0,1.0,1.680327868852459,59.49371980676329,2
0,0,0,2,1,1.0,0.0,1.0,0.0,0.0,0.0,0.0,1,82.0,184.65,0,0,1,0,1,0,0,0,0,1,0,2.0,27.333333333333332,0,0,0,1,1,1.0,27.333333333333332,2.224698795180723,0
0,0,0,1,1,0.0,0.0,0.0,0.0,0.0,0.0,0.0,1,69.2,69.2,1,0,1,0,1,0,0,0,0,1,0,0.0,69.2,0,0,0,1,1,1.0,34.6,0.9857549857549858,0
0,1,0,72,1,1.0,0.0,0.0,0.0,0.0,0.0,0.0,1,26.0,1776.0,1,0,0,1,0,0,1,0,0,0,1,1.0,13.0,0,1,0,0,0,0.0,0.3561643835616438,65.77777777777777,3
0,1,1,23,1,1.0,0.0,0.0,0.0,0.0,0.0,1.0,0,85.6,1868.4,1,0,1,0,1,0,0,0,0,1,0,2.0,28.53333333333333,1,0,0,1,1,1.0,3.5666666666666664,21.575057736720556,1
0,1,0,62,1,1.0,0.0,0.0,1.0,1.0,1.0,1.0,1,107.6,6912.7,0,0,1,0,0,0,1,1,0,0,0,5.0,17.933333333333334,1,1,1,0,0,0.0,1.7079365079365079,63.65285451197054,3
0,1,1,4,1,1.0,0.0,0.0,0.0,0.0,0.0,1.0,1,85.95,381.3,1,0,1,0,1,0,0,0,0,1,0,2.0,28.650000000000002,1,0,0,1,1,1.0,17.19,4.385278895917194,0
0,1,1,64,1,1.0,0.0,1.0,1.0,0.0,0.0,1.0,1,92.85,5980.75,1,0,1,0,0,1,0,0,0,1,0,4.0,18.57,1,1,0,0,0,1.0,1.4284615384615384,63.7266915290357,3
0,1,1,4,1,0.0,0.0,0.0,0.0,0.0,0.0,0.0,0,18.85,84.2,0,0,0,1,1,0,0,0,0,0,1,0.0,18.85,0,0,0,0,0,0.0,3.7700000000000005,4.241813602015113,0
1,1,0,13,1,0.0,0.0,0.0,0.0,0.0,0.0,0.0,0,70.45,849.1,0,0,1,0,1,0,0,1,0,0,0,0.0,70.45,0,0,1,1,0,1.0,5.0321428571428575,11.883834849545137,1
0,1,1,28,0,0.0,1.0,0.0,1.0,1.0,1.0,0.0,0,50.8,1386.8,0,1,0,0,0,1,0,0,0,0,1,4.0,10.16,1,1,0,0,0,0.0,1.7517241379310344,26.772200772200772,1
0,1,1,57,1,0.0,0.0,1.0,0.0,0.0,1.0,1.0,1,95.0,5535.8,1,0,1,0,0,1,0,0,0,1,0,3.0,23.75,1,1,0,0,0,1.0,1.6379310344827587,57.66458333333333,2
0,1,1,52,1,0.0,1.0,0.0,1.0,1.0,0.0,0.0,1,84.05,4326.8,1,0,1,0,1,0,0,1,0,0,0,3.0,21.0125,0,0,1,1,0,0.0,1.5858490566037735,50.87360376249266,2
0,1,1,72,1,1.0,1.0,1.0,1.0,1.0,1.0,0.0,1,106.1,7548.6,0,0,1,0,0,0,1,0,1,0,0,6.0,15.157142857142857,1,1,1,0,0,0.0,1.4534246575342464,70.48179271708685,3
0,1,0,25,1,1.0,0.0,0.0,1.0,0.0,0.0,0.0,0,55.55,1405.3,0,1,0,0,1,0,0,0,1,0,0,2.0,18.516666666666666,0,0,1,0,0,0.0,2.1365384615384615,24.850574712643677,1
0,1,1,27,1,0.0,1.0,1.0,0.0,0.0,0.0,0.0,1,80.65,2209.75,0,0,1,0,0,1,0,0,1,0,0,2.0,26.883333333333336,0,1,1,0,0,0.0,2.880357142857143,27.06368646662584,1
0,0,0,53,0,0.0,1.0,1.0,0.0,0.0,0.0,1.0,1,46.3,2546.85,0,1,0,0,1,0,0,1,0,0,0,3.0,11.575,1,0,1,0,0,0.0,0.8574074074074074,53.844608879492604,2
0,1,0,72,1,0.0,0.0,0.0,0.0,0.0,0.0,0.0,0,19.3,1304.8,0,0,0,1,0,0,1,0,1,0,0,0.0,19.3,0,1,1,0,0,0.0,0.26438356164383564,64.27586206896551,3
0,0,0,5,1,1.0,0.0,1.0,1.0,0.0,0.0,1.0,0,96.55,500.1,0,0,1,0,1,0,0,0,0,1,0,4.0,19.31,1,0,0,1,1,1.0,16.091666666666665,5.126601742696054,0
0,1,1,72,1,0.0,0.0,1.0,1.0,0.0,1.0,1.0,1,75.4,5480.25,0,1,0,0,0,0,1,1,0,0,0,4.0,15.080000000000002,1,1,1,0,0,0.0,1.0328767123287672,71.73102094240838,3
1,1,1,62,1,1.0,0.0,1.0,1.0,0.0,0.0,1.0,1,96.1,6019.35,1,0,1,0,1,0,0,0,1,0,0,4.0,19.22,1,0,1,1,0,1.0,1.5253968253968253,61.99124613800207,3
0,1,0,42,1,1.0,0.0,0.0,0.0,0.0,0.0,0.0,0,25.25,1108.2,1,0,0,1,0,0,1,0,0,1,0,1.0,12.625,0,1,0,0,0,0.0,0.5872093023255814,42.21714285714286,2
0,0,0,18,1,0.0,1.0,0.0,0.0,0.0,0.0,0.0,0,49.4,874.8,0,1,0,0,1,0,0,0,0,1,0,1.0,24.7,0,0,0,0,1,0.0,2.6,17.357142857142858,1
1,0,0,70,1,1.0,0.0,1.0,1.0,1.0,1.0,0.0,1,75.5,5212.65,1,1,0,0,0,0,1,1,0,0,0,5.0,12.583333333333334,1,1,1,0,0,0.0,1.0633802816901408,68.13921568627451,3
0,0,0,9,0,0.0,0.0,0.0,0.0,0.0,0.0,0.0,1,24.95,190.25,0,1,0,0,1,0,0,0,0,1,0,0.0,24.95,0,0,0,0,1,0.0,2.495,7.331406551059731,0
0,0,0,2,1,0.0,0.0,0.0,0.0,0.0,0.0,0.0,1,19.65,31.2,0,0,0,1,1,0,0,0,0,1,0,0.0,19.65,0,0,0,0,1,0.0,6.55,1.5108958837772397,0
0,0,1,5,1,0.0,0.0,0.0,0.0,0.0,0.0,0.0,0,20.2,83.75,0,0,0,1,1,0,0,0,0,0,1,0.0,20.2,0,0,0,0,0,0.0,3.3666666666666667,3.9504716981132075,0
1,0,0,65,1,0.0,0.0,1.0,1.0,0.0,1.0,1.0,1,99.1,6496.15,0,0,1,0,1,0,0,1,0,0,0,4.0,19.82,1,0,1,1,0,1.0,1.5015151515151515,64.8966033966034,3
0,1,1,52,1,0.0,0.0,0.0,0.0,0.0,0.0,0.0,0,19.85,1070.5,1,0,0,1,0,0,1,0,0,0,1,0.0,19.85,0,1,0,0,0,0.0,0.3745283018867925,51.34292565947242,2
0,0,0,7,1,0.0,0.0,0.0,1.0,1.0,1.0,1.0,1,100.4,715.0,1,0,1,0,1,0,0,0,0,1,0,4.0,20.080000000000002,1,0,0,1,1,0.0,12.55,7.051282051282051,0
0,1,0,1,1,0.0,1.0,1.0,0.0,0.0,0.0,0.0,1,53.55,53.55,1,1,0,0,1,0,0,0,0,0,1,2.0,17.849999999999998,0,0,0,0,0,0.0,26.775,0.9816681943171403,0
0,0,0,18,1,1.0,0.0,0.0,1.0,1.0,0.0,1.0,1,95.05,1679.4,1,0,1,0,1,0,0,1,0,0,0,4.0,19.009999999999998,1,0,1,1,0,0.0,5.002631578947368,17.48464341488808,1
0,1,1,60,1,0.0,0.0,0.0,0.0,0.0,0.0,0.0,1,20.95,1270.55,0,0,0,1,0,0,1,1,0,0,0,0.0,20.95,0,1,1,0,0,0.0,0.3434426229508197,57.88382687927107,2
0,0,0,1,1,0.0,0.0,0.0,0.0,0.0,0.0,0.0,1,20.15,20.15,1,0,0,1,1,0,0,0,0,0,1,0.0,20.15,0,0,0,0,0,0.0,10.075,0.9527186761229315,0
1,0,0,2,1,0.0,0.0,0.0,0.0,0.0,0.0,0.0,1,44.15,92.65,0,1,0,0,1,0,0,0,0,1,0,0.0,44.15,0,0,0,0,1,0.0,14.716666666666667,2.0520487264673313,0
0,0,0,72,1,1.0,1.0,1.0,1.0,1.0,1.0,1.0,1,114.9,8496.7,1,0,1,0,0,0,1,0,0,1,0,7.0,14.3625,1,1,0,0,0,0.0,1.573972602739726,73.31061259706644,3
0,0,0,2,1,0.0,0.0,0.0,0.0,0.0,0.0,0.0,1,20.05,39.25,1,0,0,1,1,0,0,0,0,0,1,0.0,20.05,0,0,0,0,0,0.0,6.683333333333334,1.8646080760095012,0
1,1,0,50,1,1.0,0.0,1.0,0.0,0.0,1.0,0.0,1,88.05,4367.35,1,0,1,0,1,0,0,0,0,1,0,3.0,22.0125,1,0,0,1,1,1.0,1.726470588235294,49.04379562043796,2
0,1,1,1,1,0.0,0.0,0.0,0.0,0.0,0.0,0.0,1,69.95,69.95,0,0,1,0,1,0,0,0,1,0,0,0.0,69.95,0,0,1,1,0,1.0,34.975,0.9859055673009162,0
0,1,0,64,1,1.0,0.0,1.0,1.0,1.0,1.0,0.0,1,76.1,4818.8,0,1,0,0,0,0,1,1,0,0,0,5.0,12.683333333333332,1,1,1,0,0,0.0,1.1707692307692308,62.500648508430615,3
1,1,0,43,0,0.0,0.0,1.0,1.0,0.0,1.0,1.0,0,55.55,2342.2,1,1,0,0,1,0,0,0,1,0,0,4.0,11.11,1,0,1,0,0,0.0,1.2625,41.41821396993811,2
1,0,0,1,1,0.0,0.0,0.0,0.0,0.0,0.0,0.0,1,45.85,45.85,0,1,0,0,1,0,0,0,0,0,1,0.0,45.85,0,0,0,0,0,0.0,22.925,0.9786552828175027,0
0,0,0,26,1,0.0,0.0,0.0,0.0,0.0,0.0,0.0,0,20.9,518.3,0,0,0,1,1,0,0,0,0,0,1,0.0,20.9,0,0,0,0,0,0.0,0.774074074074074,23.666666666666668,1
1,1,0,68,1,1.0,1.0,1.0,0.0,0.0,0.0,1.0,1,96.55,6581.9,1,0,1,0,0,1,0,0,1,0,0,4.0,19.31,1,1,1,0,0,0.0,1.3992753623188405,67.47206560738083,3
0,0,1,13,0,0.0,0.0,1.0,0.0,0.0,0.0,0.0,0,30.15,382.2,1,1,0,0,1,0,0,0,0,1,0,1.0,15.075,0,0,0,0,1,0.0,2.1535714285714285,12.269662921348315,1
0,0,0,7,1,1.0,0.0,0.0,1.0,0.0,1.0,0.0,1,90.45,593.45,0,0,1,0,1,0,0,0,0,1,0,3.0,22.6125,1,0,0,1,1,1.0,11.30625,6.489338436303991,0
0,1,1,43,1,0.0,1.0,0.0,1.0,0.0,1.0,1.0,0,75.2,3254.35,1,1,0,0,0,0,1,1,0,0,0,4.0,15.040000000000001,1,1,1,0,0,0.0,1.7090909090909092,42.70800524934383,2
0,0,1,19,1,0.0,1.0,1.0,1.0,0.0,0.0,0.0,1,60.6,1297.8,1,1,0,0,1,0,0,0,0,1,0,3.0,15.15,0,0,0,0,1,0.0,3.0300000000000002,21.068181818181817,1
0,1,1,55,1,0.0,0.0,0.0,0.0,0.0,0.0,0.0,0,20.0,1087.25,1,0,0,1,1,0,0,0,1,0,0,0.0,20.0,0,0,1,0,0,0.0,0.35714285714285715,51.773809523809526,2
0,1,1,72,1,0.0,1.0,1.0,1.0,1.0,1.0,1.0,0,111.95,8033.1,0,0,1,0,0,0,1,1,0,0,0,6.0,15.992857142857144,1,1,1,0,0,0.0,1.5335616438356166,71.12084993359893,3
0,1,1,28,1,0.0,0.0,0.0,0.0,0.0,0.0,0.0,1,19.55,543.8,1,0,0,1,1,0,0,1,0,0,0,0.0,19.55,0,0,1,0,0,0.0,0.6741379310344828,26.462287104622867,1
0,0,0,37,1,1.0,0.0,0.0,0.0,1.0,1.0,1.0,0,98.8,3475.55,0,0,1,0,1,0,0,1,0,0,0,4.0,19.759999999999998,1,0,1,1,0,0.0,2.6,34.82515030060121,2
1,1,0,10,1,1.0,0.0,0.0,0.0,0.0,0.0,1.0,0,85.55,851.75,0,0,1,0,1,0,0,0,0,1,0,2.0,28.516666666666666,1,0,0,1,1,1.0,7.777272727272727,9.841132293471983,0
0,1,1,72,1,1.0,1.0,1.0,0.0,0.0,1.0,0.0,1,95.9,6954.15,1,0,1,0,0,0,1,1,0,0,0,4.0,19.18,1,1,1,0,0,0.0,1.3136986301369864,71.76625386996903,3
0,0,0,11,1,1.0,0.0,0.0,1.0,0.0,1.0,0.0,1,89.2,990.3,1,0,1,0,1,0,0,0,0,1,0,3.0,22.3,1,0,0,1,1,1.0,7.433333333333334,10.978935698447893,0
0,1,1,72,1,1.0,1.0,1.0,1.0,1.0,1.0,1.0,1,116.4,8543.25,1,0,1,0,0,0,1,0,1,0,0,7.0,14.55,1,1,1,0,0,0.0,1.5945205479452056,72.77044293015332,3
0,0,0,2,0,0.0,0.0,1.0,1.0,1.0,0.0,0.0,1,40.4,77.15,0,1,0,0,1,0,0,0,1,0,0,3.0,10.1,0,0,1,0,0,0.0,13.466666666666667,1.8635265700483095,0
0,1,1,26,1,0.0,0.0,0.0,0.0,0.0,0.0,0.0,1,19.15,515.75,0,0,0,1,0,0,1,0,1,0,0,0.0,19.15,0,1,1,0,0,0.0,0.7092592592592593,25.595533498759306,1
0,1,1,64,1,1.0,0.0,1.0,1.0,1.0,1.0,1.0,1,109.2,6741.15,0,0,1,0,0,0,1,0,1,0,0,6.0,15.6,1,1,1,0,0,0.0,1.68,61.171960072595276,3
1,1,0,68,1,0.0,0.0,1.0,1.0,1.0,0.0,0.0,1,60.65,3975.9,1,1,0,0,0,1,0,1,0,0,0,3.0,15.1625,0,1,1,0,0,0.0,0.8789855072463768,64.49148418491484,3
0,1,1,35,0,0.0,1.0,0.0,0.0,1.0,1.0,0.0,1,46.35,1662.05,1,1,0,0,0,0,1,0,1,0,0,3.0,11.5875,1,1,1,0,0,0.0,1.2875,35.101372756071804,1
0,0,1,1,1,0.0,0.0,0.0,0.0,0.0,0.0,0.0,1,70.45,70.45,0,0,1,0,1,0,0,0,0,0,1,0.0,70.45,0,0,0,1,0,1.0,35.225,0.9860041987403779,0
0,0,0,23,0,0.0,0.0,0.0,0.0,0.0,1.0,1.0,1,44.95,996.85,1,1,0,0,1,0,0,0,0,1,0,2.0,14.983333333333334,1,0,0,0,1,0.0,1.8729166666666668,21.69423286180631,1
0,1,0,17,0,0.0,0.0,1.0,0.0,0.0,1.0,1.0,1,49.8,836.35,0,1,0,0,1,0,0,0,0,0,1,3.0,12.45,1,0,0,0,0,0.0,2.7666666666666666,16.463582677165356,1
1,1,0,66,0,0.0,0.0,1.0,1.0,0.0,1.0,0.0,0,45.55,3027.25,1,1,0,0,0,1,0,1,0,0,0,3.0,11.3875,1,1,1,0,0,0.0,0.6798507462686567,65.03222341568207,3
0,0,0,3,1,0.0,0.0,0.0,0.0,0.0,0.0,1.0,0,54.65,189.1,0,1,0,0,1,0,0,0,0,0,1,1.0,27.325,1,0,0,0,0,0.0,13.6625,3.398023360287511,0
0,0,0,30,1,0.0,1.0,0.0,1.0,0.0,0.0,0.0,1,55.65,1653.85,0,1,0,0,0,0,1,0,0,0,1,2.0,18.55,0,1,0,0,0,0.0,1.7951612903225806,29.19417475728155,1
1,0,0,6,1,0.0,0.0,0.0,0.0,0.0,1.0,0.0,1,79.7,497.6,0,0,1,0,1,0,0,0,0,1,0,1.0,39.85,1,0,0,1,1,1.0,11.385714285714286,6.166047087980173,0
1,1,1,12,0,0.0,0.0,0.0,0.0,1.0,0.0,0.0,1,29.3,355.9,1,1,0,0,1,0,0,0,0,0,1,1.0,14.65,0,0,0,0,0,0.0,2.253846153846154,11.745874587458745,0
0,1,0,68,1,0.0,1.0,1.0,0.0,1.0,1.0,1.0,1,79.6,5515.8,1,1,0,0,0,0,1,1,0,0,0,5.0,13.266666666666666,1,1,1,0,0,0.0,1.153623188405797,68.43424317617867,3
0,1,0,48,1,0.0,0.0,0.0,1.0,1.0,1.0,1.0,1,100.05,4834.0,1,0,1,0,1,0,0,0,1,0,0,4.0,20.009999999999998,1,0,1,1,0,0.0,2.0418367346938773,47.83770410687779,2
0,1,0,57,1,0.0,1.0,1.0,0.0,1.0,1.0,0.0,1,70.35,4124.65,1,1,0,0,0,0,1,0,1,0,0,4.0,14.069999999999999,1,1,1,0,0,0.0,1.2129310344827586,57.80868955851437,2
1,1,0,18,1,0.0,0.0,0.0,0.0,0.0,0.0,1.0,0,78.55,1422.65,0,0,1,0,1,0,0,0,0,1,0,1.0,39.275,1,0,0,1,1,1.0,4.13421052631579,17.88372093023256,1
0,0,0,21,0,0.0,1.0,0.0,0.0,1.0,1.0,0.0,1,43.55,1011.5,0,1,0,0,1,0,0,0,0,0,1,3.0,10.8875,1,0,0,0,0,0.0,1.9795454545454545,22.70482603815937,1
0,1,0,26,1,0.0,0.0,0.0,0.0,0.0,0.0,0.0,0,19.2,459.6,1,0,0,1,0,1,0,0,0,0,1,0.0,19.2,0,1,0,0,0,0.0,0.7111111111111111,22.752475247524753,1
0,0,1,4,1,1.0,0.0,0.0,1.0,1.0,0.0,0.0,1,87.1,341.45,1,0,1,0,1,0,0,0,0,0,1,3.0,21.775,0,0,0,1,0,0.0,17.419999999999998,3.8757094211123726,0
0,1,0,72,1,1.0,1.0,0.0,1.0,1.0,1.0,1.0,1,110.9,8240.85,0,0,1,0,0,0,1,0,1,0,0,6.0,15.842857142857143,1,1,1,0,0,0.0,1.5191780821917809,73.64477211796246,3
1,0,0,1,1,0.0,0.0,0.0,1.0,0.0,0.0,0.0,1,75.3,75.3,1,0,1,0,1,0,0,1,0,0,0,1.0,37.65,0,0,1,1,0,1.0,37.65,0.9868938401048493,0
1,1,0,40,1,1.0,1.0,0.0,0.0,0.0,1.0,1.0,0,101.85,4086.3,0,0,1,0,1,0,0,0,0,1,0,4.0,20.369999999999997,1,0,0,1,1,0.0,2.4841463414634144,39.73067574137093,2
0,1,1,62,1,0.0,0.0,0.0,0.0,0.0,0.0,0.0,0,19.95,1244.8,0,0,0,1,0,1,0,1,0,0,0,0.0,19.95,0,1,1,0,0,0.0,0.31666666666666665,59.417661097852026,3
0,1,0,48,1,1.0,0.0,1.0,0.0,1.0,1.0,1.0,1,105.1,5083.55,1,0,1,0,1,0,0,0,1,0,0,5.0,17.516666666666666,1,0,1,1,0,0.0,2.144897959183673,47.91281809613572,2
0,1,0,14,1,0.0,0.0,1.0,1.0,1.0,1.0,1.0,0,81.95,1181.75,0,1,0,0,0,0,1,0,0,0,1,5.0,13.658333333333333,1,1,0,0,0,0.0,5.463333333333334,14.24653405666064,1
0,1,1,39,1,1.0,0.0,1.0,1.0,1.0,0.0,0.0,1,89.55,3474.45,1,0,1,0,0,1,0,0,0,1,0,4.0,17.91,0,1,0,0,0,0.0,2.23875,38.37051352843733,2
0,0,0,9,1,0.0,1.0,0.0,1.0,1.0,1.0,0.0,1,69.5,653.25,0,1,0,0,1,0,0,0,0,0,1,4.0,13.9,1,0,0,0,0,0.0,6.95,9.26595744680851,0
0,1,1,57,1,1.0,0.0,1.0,0.0,0.0,1.0,1.0,1,100.6,5611.7,1,0,1,0,1,0,0,0,0,1,0,4.0,20.119999999999997,1,0,0,1,1,1.0,1.7344827586206895,55.23326771653544,2
0,0,0,28,0,0.0,0.0,0.0,0.0,1.0,0.0,0.0,1,30.1,810.85,0,1,0,0,1,0,0,0,1,0,0,1.0,15.05,0,0,1,0,0,0.0,1.0379310344827586,26.072347266881028,1
0,1,1,22,1,1.0,0.0,0.0,1.0,0.0,1.0,0.0,1,88.75,1885.15,0,0,1,0,1,0,0,0,0,1,0,3.0,22.1875,1,0,0,1,1,1.0,3.858695652173913,21.004456824512538,1
0,1,0,45,1,1.0,0.0,0.0,0.0,0.0,0.0,0.0,0,25.5,1121.05,1,0,0,1,0,0,1,0,0,0,1,1.0,12.75,0,1,0,0,0,0.0,0.5543478260869565,42.303773584905656,2
0,1,0,70,1,0.0,1.0,1.0,1.0,1.0,0.0,0.0,0,64.95,4523.25,0,1,0,0,0,0,1,0,1,0,0,4.0,12.99,0,1,1,0,0,0.0,0.9147887323943662,68.5860500379075,3
0,0,0,1,1,0.0,0.0,0.0,0.0,0.0,0.0,0.0,0,20.2,20.2,0,0,0,1,1,0,0,0,0,0,1,0.0,20.2,0,0,0,0,0,0.0,10.1,0.9528301886792453,0
0,1,1,16,1,0.0,1.0,1.0,0.0,0.0,0.0,0.0,1,55.85,857.8,0,1,0,0,0,1,0,0,0,0,1,2.0,18.616666666666667,0,1,0,0,0,0.0,3.2852941176470587,15.088830255057166,1
0,1,1,41,1,0.0,0.0,0.0,0.0,0.0,0.0,0.0,1,20.0,879.8,0,0,0,1,0,0,1,0,0,0,1,0.0,20.0,0,1,0,0,0,0.0,0.47619047619047616,41.89523809523809,2
0,1,1,53,1,0.0,1.0,1.0,0.0,1.0,1.0,0.0,1,69.7,3729.6,0,1,0,0,0,0,1,0,0,0,1,4.0,13.940000000000001,1,1,0,0,0,0.0,1.2907407407407407,52.75247524752475,2
0,0,0,26,1,0.0,0.0,0.0,1.0,1.0,1.0,1.0,1,98.65,2537.0,0,0,1,0,1,0,0,0,0,1,0,4.0,19.73,1,0,0,1,1,0.0,3.653703703703704,25.459106874059206,1
0,1,1,14,1,1.0,0.0,0.0,0.0,0.0,1.0,0.0,1,84.8,1203.9,1,0,1,0,1,0,0,0,0,1,0,2.0,28.266666666666666,1,0,0,1,1,1.0,5.653333333333333,14.031468531468533,1
0,1,1,70,1,1.0,0.0,0.0,0.0,0.0,0.0,0.0,0,25.4,1782.05,0,0,0,1,0,0,1,0,0,0,1,1.0,12.7,0,1,0,0,0,0.0,0.3577464788732394,67.50189393939394,3
0,0,0,26,1,0.0,1.0,0.0,1.0,1.0,0.0,0.0,1,87.15,2274.1,1,0,1,0,0,1,0,0,1,0,0,3.0,21.7875,0,1,1,0,0,0.0,3.227777777777778,25.798071469086782,1
0,0,0,57,1,0.0,0.0,1.0,1.0,1.0,1.0,0.0,0,69.75,3894.4,1,1,0,0,0,0,1,0,0,0,1,4.0,13.95,1,1,0,0,0,0.0,1.2025862068965518,55.04452296819788,2
0,1,1,70,1,1.0,1.0,1.0,0.0,0.0,1.0,0.0,1,69.2,4872.35,1,1,0,0,0,0,1,0,1,0,0,4.0,13.84,1,1,1,0,0,0.0,0.9746478873239437,69.40669515669516,3
0,1,1,72,1,1.0,0.0,1.0,1.0,0.0,1.0,1.0,1,104.45,7459.0,0,0,1,0,0,1,0,0,1,0,0,5.0,17.408333333333335,1,1,1,0,0,1.0,1.4308219178082193,70.73494547178757,3
1,0,0,49,1,1.0,1.0,1.0,1.0,1.0,0.0,1.0,0,103.0,5166.2,1,0,1,0,0,1,0,1,0,0,0,6.0,14.714285714285714,1,1,1,0,0,0.0,2.06,49.675,2
0,1,1,72,1,1.0,1.0,0.0,0.0,0.0,0.0,0.0,0,79.05,5730.7,1,0,1,0,0,0,1,1,0,0,0,2.0,26.349999999999998,0,1,1,0,0,0.0,1.082876712328767,71.5890068707058,3
0,0,0,37,1,1.0,1.0,1.0,1.0,1.0,1.0,1.0,1,90.6,3358.65,0,1,0,0,0,1,0,1,0,0,0,7.0,11.325,1,1,1,0,0,0.0,2.384210526315789,36.66648471615721,2
0,1,1,60,1,0.0,1.0,1.0,1.0,0.0,0.0,0.0,0,60.5,3694.45,0,1,0,0,0,0,1,1,0,0,0,3.0,15.125,0,1,1,0,0,0.0,0.9918032786885246,60.072357723577234,2
0,1,1,64,1,1.0,1.0,1.0,1.0,1.0,1.0,1.0,0,113.35,7222.75,1,0,1,0,0,1,0,0,0,1,0,7.0,14.16875,1,1,0,0,0,0.0,1.7438461538461538,63.16353301268037,3
0,0,1,12,1,1.0,0.0,0.0,0.0,0.0,0.0,0.0,1,73.75,871.4,0,0,1,0,1,0,0,0,1,0,0,1.0,36.875,0,0,1,1,0,1.0,5.673076923076923,11.65752508361204,0
0,0,0,7,1,1.0,0.0,0.0,0.0,0.0,0.0,0.0,1,73.85,511.25,1,0,1,0,1,0,0,0,0,1,0,1.0,36.925,0,0,0,1,1,1.0,9.23125,6.830327321309285,0
0,0,0,4,1,0.0,0.0,0.0,0.0,0.0,0.0,0.0,1,70.2,237.95,0,0,1,0,1,0,0,0,0,1,0,0.0,70.2,0,0,0,1,1,1.0,14.040000000000001,3.3419943820224716,0
0,0,0,3,1,1.0,0.0,0.0,0.0,0.0,0.0,0.0,1,75.8,246.3,1,0,1,0,1,0,0,0,0,1,0,1.0,37.9,0,0,0,1,1,1.0,18.95,3.2070312500000004,0
1,0,1,1,1,0.0,0.0,0.0,1.0,0.0,0.0,0.0,1,50.15,50.15,0,1,0,0,1,0,0,0,0,0,1,1.0,25.075,0,0,0,0,0,0.0,25.075,0.9804496578690127,0
0,1,1,3,1,1.0,0.0,0.0,0.0,0.0,0.0,1.0,1,84.75,264.85,1,0,1,0,1,0,0,1,0,0,0,2.0,28.25,1,0,1,1,0,1.0,21.1875,3.0886297376093297,0
0,0,0,2,1,0.0,0.0,0.0,0.0,0.0,0.0,0.0,1,46.6,87.9,0,1,0,0,1,0,0,1,0,0,0,0.0,46.6,0,0,1,0,0,0.0,15.533333333333333,1.846638655462185,0
0,0,0,23,1,1.0,0.0,0.0,0.0,0.0,0.0,0.0,0,75.6,1758.6,1,0,1,0,1,0,0,1,0,0,0,1.0,37.8,0,0,1,1,0,1.0,3.15,22.95822454308094,1
1,1,0,9,1,0.0,0.0,0.0,0.0,0.0,0.0,0.0,1,21.25,204.55,0,0,0,1,1,0,0,0,0,0,1,0.0,21.25,0,0,0,0,0,0.0,2.125,9.193258426966292,0
0,1,0,72,1,1.0,1.0,1.0,1.0,1.0,1.0,0.0,1,103.95,7556.9,1,0,1,0,0,0,1,1,0,0,0,6.0,14.85,1,1,1,0,0,0.0,1.4239726027397261,72.00476417341591,3
0,1,0,51,1,0.0,1.0,1.0,1.0,1.0,1.0,1.0,1,83.85,4307.1,0,1,0,0,0,0,1,0,1,0,0,6.0,11.978571428571428,1,1,1,0,0,0.0,1.6124999999999998,50.76134354743666,2
0,1,1,72,0,0.0,1.0,1.0,1.0,1.0,1.0,1.0,0,65.7,4575.35,1,1,0,0,0,0,1,1,0,0,0,6.0,9.385714285714286,1,1,1,0,0,0.0,0.9,68.595952023988,3
0,1,1,69,1,0.0,0.0,1.0,1.0,1.0,0.0,0.0,0,59.1,4134.7,1,1,0,0,0,1,0,1,0,0,0,3.0,14.775,0,1,1,0,0,0.0,0.8442857142857143,68.79700499168052,3
0,0,0,35,1,0.0,0.0,0.0,0.0,0.0,1.0,0.0,0,55.0,2010.55,0,1,0,0,1,0,0,0,0,0,1,1.0,27.5,1,0,0,0,0,0.0,1.5277777777777777,35.902678571428574,1
0,1,0,12,1,0.0,0.0,0.0,0.0,0.0,0.0,0.0,1,20.05,264.55,1,0,0,1,0,0,1,0,0,1,0,0.0,20.05,0,1,0,0,0,0.0,1.5423076923076924,12.56769596199525,0
0,0,0,1,1,0.0,0.0,0.0,0.0,0.0,1.0,0.0,1,79.05,79.05,0,0,1,0,1,0,0,0,0,1,0,1.0,39.525,1,0,0,1,1,1.0,39.525,0.9875078076202374,0
0,1,1,60,1,0.0,0.0,1.0,1.0,1.0,1.0,1.0,1,80.6,4946.7,1,1,0,0,0,0,1,1,0,0,0,5.0,13.433333333333332,1,1,1,0,0,0.0,1.321311475409836,60.62132352941177,2
1,1,0,70,1,1.0,0.0,1.0,1.0,0.0,1.0,1.0,1,104.8,7308.95,0,0,1,0,0,1,0,0,0,1,0,5.0,17.466666666666665,1,1,0,0,0,1.0,1.476056338028169,69.08270321361059,3
0,0,0,1,1,0.0,0.0,0.0,0.0,0.0,0.0,1.0,1,55.0,55.0,0,1,0,0,1,0,0,0,0,1,0,1.0,27.5,1,0,0,0,1,0.0,27.5,0.9821428571428571,0
0,0,0,30,1,0.0,1.0,1.0,1.0,0.0,0.0,0.0,1,84.3,2438.6,0,0,1,0,1,0,0,0,1,0,0,3.0,21.075,0,0,1,1,0,0.0,2.7193548387096773,28.588511137162953,1
0,0,0,10,1,1.0,1.0,0.0,0.0,0.0,0.0,0.0,1,54.5,568.2,0,1,0,0,1,0,0,0,1,0,0,2.0,18.166666666666668,0,0,1,0,0,0.0,4.954545454545454,10.237837837837839,0
0,0,0,11,1,0.0,1.0,0.0,1.0,0.0,0.0,0.0,1,79.5,795.65,0,0,1,0,1,0,0,1,0,0,0,2.0,26.5,0,0,1,1,0,0.0,6.625,9.883850931677019,0
0,0,0,5,1,0.0,0.0,0.0,0.0,0.0,0.0,0.0,0,21.05,113.85,0,0,0,1,1,0,0,0,0,0,1,0.0,21.05,0,0,0,0,0,0.0,3.5083333333333333,5.163265306122448,0
0,1,1,72,1,1.0,1.0,0.0,1.0,0.0,1.0,0.0,1,71.45,5025.85,1,1,0,0,0,0,1,1,0,0,0,4.0,14.290000000000001,1,1,1,0,0,0.0,0.9787671232876712,69.36991028295377,3
0,1,0,31,1,0.0,1.0,1.0,1.0,1.0,0.0,1.0,1,75.5,2424.45,0,1,0,0,0,1,0,0,1,0,0,5.0,12.583333333333334,1,1,1,0,0,0.0,2.359375,31.692156862745097,1
1,0,0,38,1,0.0,1.0,1.0,0.0,0.0,0.0,0.0,1,57.15,2250.65,1,1,0,0,1,0,0,0,1,0,0,2.0,19.05,0,0,1,0,0,0.0,1.4653846153846153,38.704213241616515,2
0,0,0,12,1,0.0,0.0,0.0,1.0,0.0,1.0,1.0,1,96.0,1062.1,1,0,1,0,1,0,0,0,0,1,0,3.0,24.0,1,0,0,1,1,1.0,7.384615384615385,10.949484536082473,0
1,0,0,34,1,0.0,0.0,1.0,1.0,0.0,1.0,1.0,1,99.85,3343.15,0,0,1,0,0,1,0,0,0,1,0,4.0,19.97,1,1,0,0,0,1.0,2.8528571428571428,33.149727317798714,1
0,1,0,22,1,0.0,1.0,0.0,0.0,0.0,1.0,0.0,1,59.75,1374.35,0,1,0,0,0,1,0,1,0,0,0,2.0,19.916666666666668,1,1,1,0,0,0.0,2.597826086956522,22.62304526748971,1
0,0,0,33,1,1.0,0.0,1.0,1.0,0.0,1.0,1.0,0,107.55,3645.5,1,0,1,0,1,0,0,0,0,1,0,5.0,17.925,1,0,0,1,1,1.0,3.163235294117647,33.5836020267158,1
0,0,0,58,1,0.0,0.0,0.0,0.0,0.0,0.0,0.0,0,20.3,1131.5,0,0,0,1,0,0,1,0,1,0,0,0.0,20.3,0,1,1,0,0,0.0,0.3440677966101695,53.12206572769953,2
0,0,0,64,1,1.0,1.0,1.0,0.0,0.0,0.0,0.0,1,84.3,5289.05,0,0,1,0,0,1,0,0,1,0,0,3.0,21.075,0,1,1,0,0,0.0,1.2969230769230768,62.0052754982415,3
0,1,1,72,1,1.0,1.0,1.0,1.0,1.0,1.0,1.0,1,115.6,8220.4,1,0,1,0,0,0,1,1,0,0,0,7.0,14.45,1,1,1,0,0,0.0,1.5835616438356164,70.5008576329331,3
0,1,1,25,1,0.0,0.0,1.0,1.0,0.0,0.0,0.0,0,53.65,1355.45,0,1,0,0,0,1,0,0,0,0,1,2.0,17.883333333333333,0,1,0,0,0,0.0,2.0634615384615382,24.80237877401647,1
0,0,0,11,1,0.0,1.0,0.0,0.0,0.0,0.0,0.0,0,76.4,838.7,1,0,1,0,1,0,0,0,0,1,0,1.0,38.2,0,0,0,1,1,0.0,6.366666666666667,10.835917312661499,0
1,0,0,9,1,1.0,0.0,0.0,0.0,0.0,0.0,1.0,1,84.45,762.5,1,0,1,0,1,0,0,0,0,1,0,2.0,28.150000000000002,1,0,0,1,1,1.0,8.445,8.923346986541837,0
0,1,0,37,1,1.0,0.0,0.0,1.0,0.0,1.0,1.0,1,99.5,3762.0,1,0,1,0,1,0,0,0,0,1,0,4.0,19.9,1,0,0,1,1,1.0,2.6184210526315788,37.43283582089552,2
0,1,1,2,0,0.0,0.0,1.0,0.0,0.0,0.0,0.0,1,30.25,63.75,1,1,0,0,1,0,0,0,0,0,1,1.0,15.125,0,0,0,0,0,0.0,10.083333333333334,2.04,0
1,0,0,2,1,1.0,0.0,0.0,0.0,0.0,0.0,0.0,1,74.85,156.4,0,0,1,0,1,0,0,0,0,0,1,1.0,37.425,0,0,0,1,0,1.0,24.95,2.0619644034278184,0
0,1,0,4,0,0.0,0.0,1.0,0.0,0.0,1.0,1.0,1,48.55,201.0,0,1,0,0,1,0,0,0,0,1,0,3.0,12.1375,1,0,0,0,1,0.0,9.709999999999999,4.056508577194753,0
0,0,0,58,1,1.0,1.0,1.0,1.0,1.0,0.0,0.0,1,71.1,4299.2,1,1,0,0,0,1,0,0,1,0,0,5.0,11.85,0,1,1,0,0,0.0,1.2050847457627119,59.62829403606103,2
0,0,0,4,1,0.0,0.0,0.0,1.0,0.0,0.0,1.0,1,82.85,319.6,1,0,1,0,1,0,0,0,1,0,0,2.0,27.616666666666664,1,0,1,1,0,1.0,16.57,3.8115682766845564,0
0,0,0,1,1,0.0,0.0,0.0,1.0,1.0,1.0,1.0,1,75.5,75.5,0,1,0,0,1,0,0,0,0,1,0,4.0,15.1,1,0,0,0,1,0.0,37.75,0.9869281045751634,0
0,1,0,62,0,0.0,1.0,1.0,0.0,1.0,0.0,0.0,1,38.6,2345.55,0,1,0,0,0,0,1,0,1,0,0,3.0,9.65,0,1,1,0,0,0.0,0.6126984126984127,59.23106060606061,3
0,1,0,55,1,1.0,1.0,1.0,0.0,1.0,0.0,0.0,1,66.05,3462.1,1,1,0,0,0,1,0,0,1,0,0,4.0,13.209999999999999,0,1,1,0,0,0.0,1.1794642857142856,51.634601043997016,2
1,1,0,66,1,1.0,0.0,1.0,1.0,1.0,1.0,1.0,1,107.35,7051.95,0,0,1,0,0,1,0,1,0,0,0,6.0,15.335714285714285,1,1,1,0,0,0.0,1.6022388059701491,65.08491001384402,3
1,1,0,72,1,1.0,1.0,1.0,1.0,1.0,1.0,1.0,1,114.65,8333.95,1,0,1,0,0,0,1,1,0,0,0,7.0,14.33125,1,1,1,0,0,0.0,1.5705479452054796,72.06182447038478,3
0,1,0,52,1,0.0,1.0,0.0,0.0,0.0,1.0,0.0,0,84.1,4348.65,0,0,1,0,1,0,0,0,0,1,0,2.0,28.03333333333333,1,0,0,1,1,0.0,1.5867924528301887,51.10047003525264,2
1,0,0,19,1,0.0,1.0,0.0,0.0,0.0,0.0,1.0,1,87.3,1637.3,0,0,1,0,1,0,0,0,0,1,0,2.0,29.099999999999998,1,0,0,1,1,0.0,4.365,18.54246885617214,1
0,1,1,6,1,0.0,1.0,0.0,0.0,0.0,0.0,0.0,1,49.15,295.65,0,1,0,0,1,0,0,0,0,1,0,1.0,24.575,0,0,0,0,1,0.0,7.021428571428571,5.89531405782652,0
1,0,0,53,1,0.0,0.0,1.0,0.0,0.0,0.0,0.0,1,73.8,4003.85,1,0,1,0,1,0,0,0,1,0,0,1.0,36.9,0,0,1,1,0,1.0,1.3666666666666667,53.5274064171123,2
0,0,0,12,1,0.0,1.0,0.0,0.0,1.0,0.0,0.0,0,56.65,654.85,0,1,0,0,1,0,0,0,0,0,1,2.0,18.883333333333333,0,0,0,0,0,0.0,4.357692307692307,11.359063313096271,0
0,1,1,15,1,0.0,0.0,0.0,0.0,0.0,0.0,0.0,0,20.05,284.3,1,0,0,1,1,0,0,0,0,0,1,0.0,20.05,0,0,0,0,0,0.0,1.253125,13.505938242280285,1
0,1,1,71,1,1.0,1.0,1.0,0.0,1.0,0.0,0.0,1,66.85,4748.7,0,1,0,0,0,1,0,0,1,0,0,4.0,13.37,0,1,1,0,0,0.0,0.9284722222222221,69.98820928518792,3
0,1,0,30,1,0.0,0.0,0.0,0.0,0.0,0.0,0.0,0,19.8,576.65,0,0,0,1,0,1,0,0,1,0,0,0.0,19.8,0,1,1,0,0,0.0,0.6387096774193549,27.72355769230769,1
0,1,1,72,1,1.0,0.0,1.0,1.0,0.0,1.0,1.0,1,103.2,7362.9,1,0,1,0,0,1,0,0,1,0,0,5.0,17.2,1,1,1,0,0,1.0,1.4136986301369863,70.66122840690979,3
0,0,0,16,1,0.0,0.0,0.0,0.0,0.0,0.0,0.0,0,20.0,275.7,0,0,0,1,1,0,0,0,0,0,1,0.0,20.0,0,0,0,0,0,0.0,1.1764705882352942,13.128571428571428,1
1,1,0,70,1,0.0,1.0,1.0,1.0,0.0,1.0,1.0,0,105.35,7511.9,0,0,1,0,0,0,1,0,1,0,0,5.0,17.558333333333334,1,1,1,0,0,0.0,1.4838028169014084,70.633756464504,3
0,0,0,25,1,1.0,0.0,0.0,0.0,0.0,0.0,1.0,1,84.8,2043.45,0,0,1,0,1,0,0,0,0,1,0,2.0,28.266666666666666,1,0,0,1,1,1.0,3.2615384615384615,23.816433566433567,1
0,0,0,13,1,1.0,1.0,0.0,0.0,0.0,0.0,0.0,1,80.0,1029.35,1,0,1,0,1,0,0,0,1,0,0,2.0,26.666666666666668,0,0,1,1,0,0.0,5.714285714285714,12.708024691358023,1
0,0,0,63,1,1.0,1.0,1.0,1.0,1.0,0.0,0.0,0,71.5,4576.3,0,1,0,0,0,1,0,0,0,1,0,5.0,11.916666666666666,0,1,0,0,0,0.0,1.1171875,63.12137931034483,3
0,1,0,29,1,0.0,0.0,0.0,1.0,0.0,0.0,0.0,1,75.3,2263.4,0,0,1,0,1,0,0,0,1,0,0,1.0,37.65,0,0,1,1,0,1.0,2.51,29.664482306684143,1
0,0,0,1,0,0.0,0.0,1.0,0.0,1.0,0.0,1.0,1,44.65,44.65,0,1,0,0,1,0,0,0,0,0,1,3.0,11.1625,1,0,0,0,0,0.0,22.325,0.9780941949616648,0
0,1,1,26,1,0.0,0.0,0.0,0.0,0.0,1.0,1.0,1,90.8,2361.8,1,0,1,0,1,0,0,0,0,1,0,2.0,30.266666666666666,1,0,0,1,1,1.0,3.3629629629629627,25.727668845315907,1
0,0,0,10,1,0.0,0.0,0.0,0.0,0.0,0.0,0.0,0,19.75,208.25,0,0,0,1,1,0,0,0,1,0,0,0.0,19.75,0,0,1,0,0,0.0,1.7954545454545454,10.036144578313253,0
0,1,1,10,1,0.0,0.0,1.0,0.0,0.0,0.0,0.0,0,49.55,475.7,0,1,0,0,0,1,0,0,0,0,1,1.0,24.775,0,1,0,0,0,0.0,4.504545454545454,9.410484668644907,0
0,0,0,9,1,1.0,0.0,0.0,0.0,0.0,0.0,0.0,1,75.2,633.85,1,0,1,0,1,0,0,0,1,0,0,1.0,37.6,0,0,1,1,0,1.0,7.5200000000000005,8.318241469816273,0
0,0,0,1,1,1.0,0.0,0.0,0.0,0.0,0.0,1.0,1,85.45,85.45,1,0,1,0,1,0,0,0,0,0,1,2.0,28.483333333333334,1,0,0,1,0,1.0,42.725,0.9884326200115674,0
0,0,0,10,1,0.0,0.0,0.0,0.0,0.0,0.0,0.0,0,19.5,225.85,0,0,0,1,0,1,0,0,0,0,1,0.0,19.5,0,1,0,0,0,0.0,1.7727272727272727,11.017073170731708,0
0,0,0,54,1,1.0,1.0,0.0,1.0,1.0,1.0,1.0,0,87.1,4735.2,0,1,0,0,0,0,1,1,0,0,0,6.0,12.442857142857141,1,1,1,0,0,0.0,1.5836363636363635,53.74801362088536,2
0,1,1,38,1,0.0,0.0,0.0,0.0,0.0,0.0,0.0,0,20.3,749.35,1,0,0,1,0,1,0,0,0,0,1,0.0,20.3,0,1,0,0,0,0.0,0.5205128205128206,35.18075117370892,2
0,0,0,12,1,1.0,0.0,0.0,0.0,0.0,1.0,1.0,1,96.05,1148.1,0,0,1,0,1,0,0,0,0,1,0,3.0,24.0125,1,0,0,1,1,1.0,7.388461538461538,11.82998454404946,0
1,0,0,40,1,1.0,0.0,0.0,1.0,1.0,1.0,1.0,1,103.75,4188.4,1,0,1,0,0,1,0,0,1,0,0,5.0,17.291666666666668,1,1,1,0,0,0.0,2.5304878048780486,39.98472553699283,2
0,0,0,46,1,0.0,0.0,0.0,0.0,0.0,0.0,0.0,1,21.1,937.1,1,0,0,1,0,0,1,0,0,1,0,0.0,21.1,0,1,0,0,0,0.0,0.448936170212766,42.40271493212669,2
0,0,0,56,1,1.0,1.0,1.0,0.0,1.0,0.0,0.0,1,64.65,3665.55,0,1,0,0,0,1,0,1,0,0,0,4.0,12.930000000000001,0,1,1,0,0,0.0,1.1342105263157896,55.83472962680883,2
0,1,0,54,1,1.0,1.0,1.0,1.0,1.0,1.0,1.0,1,114.65,6049.5,1,0,1,0,0,1,0,0,0,0,1,7.0,14.33125,1,1,0,0,0,0.0,2.0845454545454545,52.30869001297017,2
0,1,0,46,1,0.0,1.0,1.0,1.0,1.0,0.0,0.0,0,65.65,3047.15,0,1,0,0,0,0,1,0,0,0,1,4.0,13.13,0,1,0,0,0,0.0,1.396808510638298,45.71867966991748,2
0,1,1,24,1,1.0,1.0,1.0,0.0,0.0,1.0,1.0,0,78.4,1832.4,1,1,0,0,0,1,0,0,0,1,0,5.0,13.066666666666668,1,1,0,0,0,0.0,3.136,23.07808564231738,1
0,0,0,68,1,1.0,1.0,1.0,1.0,0.0,0.0,1.0,0,76.75,5233.25,0,1,0,0,0,1,0,0,1,0,0,5.0,12.791666666666666,1,1,1,0,0,0.0,1.1123188405797102,67.30868167202573,3
0,1,1,11,1,0.0,0.0,0.0,0.0,0.0,1.0,1.0,0,90.6,1020.2,0,0,1,0,1,0,0,0,0,1,0,2.0,30.2,1,0,0,1,1,1.0,7.55,11.13755458515284,0
0,0,0,31,1,1.0,0.0,1.0,1.0,0.0,1.0,1.0,1,103.45,3066.45,0,0,1,0,0,1,0,0,0,1,0,5.0,17.241666666666667,1,1,0,0,0,1.0,3.2328125,29.358066060315938,1
0,0,0,15,1,0.0,1.0,0.0,1.0,1.0,1.0,1.0,0,105.1,1582.75,1,0,1,0,1,0,0,0,0,1,0,5.0,17.516666666666666,1,0,0,1,1,0.0,6.56875,14.917530631479737,1
0,0,0,6,1,0.0,1.0,1.0,0.0,0.0,0.0,0.0,1,55.7,335.65,0,1,0,0,1,0,0,1,0,0,0,2.0,18.566666666666666,0,0,1,0,0,0.0,7.957142857142857,5.919753086419752,0
0,1,1,72,1,0.0,1.0,1.0,1.0,1.0,1.0,1.0,1,108.65,7726.35,1,0,1,0,0,0,1,1,0,0,0,6.0,15.521428571428572,1,1,1,0,0,0.0,1.4883561643835617,70.46374829001368,3
0,1,0,40,1,1.0,0.0,1.0,0.0,0.0,0.0,0.0,0,56.6,2379.1,1,1,0,0,1,0,0,0,1,0,0,2.0,18.866666666666667,0,0,1,0,0,0.0,1.380487804878049,41.30381944444444,2
1,0,0,57,1,1.0,0.0,1.0,1.0,0.0,1.0,1.0,1,79.75,4438.2,0,1,0,0,0,0,1,1,0,0,0,5.0,13.291666666666666,1,1,1,0,0,0.0,1.375,54.96222910216718,2
0,1,1,63,0,0.0,0.0,1.0,1.0,1.0,0.0,0.0,0,39.35,2395.05,0,1,0,0,0,0,1,1,0,0,0,3.0,9.8375,0,1,1,0,0,0.0,0.61484375,59.35687732342008,3
0,0,0,3,1,0.0,0.0,1.0,0.0,1.0,1.0,1.0,1,75.3,244.1,1,1,0,0,1,0,0,0,0,1,0,4.0,15.059999999999999,1,0,0,0,1,0.0,18.825,3.199213630406291,0
0,0,0,10,1,0.0,0.0,0.0,0.0,0.0,0.0,0.0,0,45.25,428.7,1,1,0,0,1,0,0,0,0,0,1,0.0,45.25,0,0,0,0,0,0.0,4.113636363636363,9.26918918918919,0
0,0,0,13,1,1.0,1.0,0.0,1.0,0.0,1.0,1.0,1,78.75,995.35,1,1,0,0,1,0,0,0,0,1,0,5.0,13.125,1,0,0,0,1,0.0,5.625,12.480877742946708,1
0,1,0,70,1,1.0,1.0,0.0,1.0,1.0,0.0,1.0,1,74.8,5315.8,0,1,0,0,0,0,1,0,1,0,0,5.0,12.466666666666667,1,1,1,0,0,0.0,1.0535211267605633,70.1292875989446,3
0,1,1,30,1,0.0,0.0,1.0,1.0,0.0,0.0,0.0,0,82.05,2570.2,0,0,1,0,1,0,0,1,0,0,0,2.0,27.349999999999998,0,0,1,1,0,1.0,2.646774193548387,30.94762191450933,1
0,0,1,40,1,0.0,1.0,0.0,0.0,1.0,1.0,0.0,1,64.1,2460.35,1,1,0,0,1,0,0,0,1,0,0,3.0,16.025,1,0,1,0,0,0.0,1.5634146341463413,37.793394777265746,2
1,0,0,22,1,1.0,0.0,0.0,0.0,0.0,1.0,1.0,1,96.7,2082.95,0,0,1,0,1,0,0,0,0,1,0,3.0,24.175,1,0,0,1,1,1.0,4.2043478260869565,21.319856704196518,1
0,0,0,40,1,0.0,0.0,0.0,0.0,1.0,0.0,0.0,1,51.1,2092.9,0,1,0,0,1,0,0,0,0,1,0,1.0,25.55,0,0,0,0,1,0.0,1.2463414634146341,40.170825335892516,2
0,0,0,1,1,0.0,0.0,0.0,0.0,0.0,0.0,0.0,0,19.3,19.3,1,0,0,1,1,0,0,0,0,1,0,0.0,19.3,0,0,0,0,1,0.0,9.65,0.9507389162561576,0
0,0,0,47,1,0.0,1.0,1.0,1.0,1.0,1.0,1.0,1,86.95,4138.9,0,1,0,0,0,1,0,1,0,0,0,6.0,12.421428571428573,1,1,1,0,0,0.0,1.8114583333333334,47.05969300739056,2
0,1,0,27,1,0.0,0.0,1.0,0.0,1.0,0.0,0.0,1,53.8,1389.85,0,1,0,0,1,0,0,0,0,1,0,2.0,17.933333333333334,0,0,0,0,1,0.0,1.9214285714285713,25.36222627737226,1
0,0,0,1,1,0.0,0.0,0.0,0.0,0.0,0.0,0.0,1,45.6,45.6,0,1,0,0,1,0,0,0,0,1,0,0.0,45.6,0,0,0,0,1,0.0,22.8,0.9785407725321889,0
0,1,0,10,1,1.0,0.0,0.0,1.0,0.0,1.0,1.0,1,98.5,1037.75,0,0,1,0,1,0,0,0,0,1,0,4.0,19.7,1,0,0,1,1,1.0,8.954545454545455,10.42964824120603,0
0,0,0,18,1,1.0,0.0,1.0,0.0,0.0,0.0,0.0,1,80.65,1451.9,0,0,1,0,1,0,0,0,0,1,0,2.0,26.883333333333336,0,0,0,1,1,1.0,4.244736842105263,17.78199632578077,1
1,1,0,46,1,1.0,0.0,0.0,1.0,0.0,1.0,1.0,1,101.0,4680.05,0,0,1,0,1,0,0,0,0,1,0,4.0,20.2,1,0,0,1,1,1.0,2.148936170212766,45.8828431372549,2
0,0,0,1,1,0.0,0.0,0.0,0.0,0.0,0.0,0.0,1,20.25,20.25,0,0,0,1,1,0,0,0,0,0,1,0.0,20.25,0,0,0,0,0,0.0,10.125,0.9529411764705882,0
0,1,1,57,1,1.0,1.0,1.0,0.0,1.0,0.0,0.0,0,65.2,3687.85,1,1,0,0,1,0,0,1,0,0,0,4.0,13.040000000000001,0,0,1,0,0,0.0,1.1241379310344828,55.707703927492446,2
0,0,0,1,1,0.0,0.0,0.0,0.0,0.0,0.0,0.0,1,69.8,69.8,0,0,1,0,1,0,0,0,0,1,0,0.0,69.8,0,0,0,1,1,1.0,34.9,0.9858757062146892,0
0,1,0,3,1,1.0,0.0,0.0,0.0,0.0,0.0,0.0,1,74.1,228.0,1,0,1,0,1,0,0,0,1,0,0,1.0,37.05,0,0,1,1,0,1.0,18.525,3.0359520639147806,0
0,0,0,6,1,0.0,1.0,1.0,0.0,0.0,0.0,0.0,0,56.25,389.1,1,1,0,0,1,0,0,0,0,1,0,2.0,18.75,0,0,0,0,1,0.0,8.035714285714286,6.796506550218341,0
0,1,0,64,1,0.0,1.0,1.0,0.0,1.0,1.0,1.0,1,104.05,6605.55,0,0,1,0,0,0,1,0,1,0,0,5.0,17.341666666666665,1,1,1,0,0,0.0,1.6007692307692307,62.88005711565921,3
0,0,0,72,1,1.0,1.0,1.0,1.0,1.0,1.0,1.0,0,113.4,8164.1,0,0,1,0,0,0,1,1,0,0,0,7.0,14.175,1,1,1,0,0,0.0,1.5534246575342467,71.3645104895105,3
0,1,0,63,1,0.0,1.0,0.0,1.0,0.0,1.0,1.0,0,99.7,6330.4,0,0,1,0,0,0,1,0,1,0,0,4.0,19.94,1,1,1,0,0,0.0,1.5578125,62.86395233366434,3
0,0,0,12,0,0.0,0.0,1.0,0.0,1.0,0.0,0.0,0,34.0,442.45,0,1,0,0,1,0,0,0,0,0,1,2.0,11.333333333333334,0,0,0,0,0,0.0,2.6153846153846154,12.641428571428571,0
0,0,0,12,1,1.0,0.0,0.0,0.0,1.0,1.0,1.0,1,99.95,1132.75,0,0,1,0,1,0,0,0,0,0,1,4.0,19.990000000000002,1,0,0,1,0,0.0,7.688461538461539,11.22090143635463,0
0,1,1,72,1,1.0,1.0,1.0,1.0,0.0,1.0,1.0,1,83.6,5959.3,1,1,0,0,0,0,1,0,1,0,0,6.0,11.942857142857141,1,1,1,0,0,0.0,1.1452054794520548,70.44089834515367,3
0,1,1,44,1,0.0,0.0,1.0,0.0,1.0,0.0,0.0,1,54.9,2549.1,0,1,0,0,1,0,0,1,0,0,0,2.0,18.3,0,0,1,0,0,0.0,1.22,45.601073345259394,2
0,0,0,4,1,0.0,0.0,0.0,0.0,0.0,0.0,0.0,1,19.85,63.0,0,0,0,1,1,0,0,0,0,1,0,0.0,19.85,0,0,0,0,1,0.0,3.97,3.0215827338129495,0
0,1,1,29,1,0.0,0.0,0.0,0.0,0.0,0.0,0.0,1,20.65,654.85,0,0,0,1,1,0,0,0,0,0,1,0.0,20.65,0,0,0,0,0,0.0,0.6883333333333332,30.24711316397229,1
1,1,1,72,0,0.0,1.0,1.0,1.0,1.0,1.0,1.0,1,64.8,4732.35,0,1,0,0,0,0,1,1,0,0,0,6.0,9.257142857142856,1,1,1,0,0,0.0,0.8876712328767122,71.92021276595746,3
0,0,0,2,1,1.0,0.0,0.0,0.0,0.0,0.0,0.0,1,73.25,131.05,0,0,1,0,1,0,0,0,1,0,0,1.0,36.625,0,0,1,1,0,1.0,24.416666666666668,1.764983164983165,0
0,1,0,72,1,1.0,0.0,0.0,0.0,0.0,0.0,0.0,1,24.15,1776.45,1,0,0,1,0,0,1,0,1,0,0,1.0,12.075,0,1,1,0,0,0.0,0.3308219178082192,70.63419483101393,3
0,1,1,64,1,1.0,0.0,0.0,0.0,0.0,0.0,0.0,1,24.05,1559.15,1,0,0,1,0,0,1,0,0,0,1,1.0,12.025,0,1,0,0,0,0.0,0.37,62.24151696606786,3
0,1,0,43,1,0.0,1.0,1.0,1.0,0.0,0.0,0.0,1,86.1,3551.65,0,0,1,0,1,0,0,0,1,0,0,3.0,21.525,0,0,1,1,0,0.0,1.9568181818181818,40.77669345579794,2
0,1,0,71,1,1.0,1.0,1.0,0.0,1.0,1.0,0.0,0,73.5,5357.75,0,1,0,0,0,0,1,0,1,0,0,5.0,12.25,1,1,1,0,0,0.0,1.0208333333333333,71.91610738255034,3
0,1,0,69,1,1.0,0.0,1.0,0.0,1.0,1.0,0.0,1,92.45,6460.55,0,0,1,0,0,0,1,0,0,0,1,4.0,18.490000000000002,1,1,0,0,0,0.0,1.3207142857142857,69.13376136971642,3
1,1,0,41,1,0.0,0.0,1.0,0.0,0.0,1.0,1.0,1,94.55,3851.45,0,0,1,0,1,0,0,0,0,1,0,3.0,23.6375,1,0,0,1,1,1.0,2.251190476190476,40.30821559392988,2
0,0,0,2,0,0.0,0.0,1.0,0.0,0.0,1.0,1.0,0,51.4,96.8,1,1,0,0,1,0,0,0,0,1,0,3.0,12.85,1,0,0,0,1,0.0,17.133333333333333,1.8473282442748091,0
1,0,0,71,1,1.0,1.0,1.0,0.0,1.0,1.0,0.0,1,99.65,7181.25,1,0,1,0,0,1,0,0,1,0,0,5.0,16.608333333333334,1,1,1,0,0,0.0,1.3840277777777779,71.34873323397913,3
0,0,0,8,1,0.0,0.0,0.0,0.0,0.0,0.0,0.0,0,70.7,553.4,0,0,1,0,1,0,0,1,0,0,0,0.0,70.7,0,0,1,1,0,1.0,7.855555555555556,7.718270571827056,0
0,1,0,14,1,0.0,0.0,0.0,0.0,1.0,0.0,0.0,0,48.8,664.4,0,1,0,0,1,0,0,1,0,0,0,1.0,24.4,0,0,1,0,0,0.0,3.253333333333333,13.34136546184739,1
0,0,0,6,1,0.0,1.0,0.0,1.0,1.0,1.0,1.0,0,78.65,483.3,0,1,0,0,1,0,0,0,1,0,0,5.0,13.108333333333334,1,0,1,0,0,0.0,11.235714285714286,6.067796610169491,0
0,0,1,18,1,1.0,1.0,0.0,0.0,0.0,0.0,0.0,0,57.65,992.7,1,1,0,0,1,0,0,0,0,0,1,2.0,19.216666666666665,0,0,0,0,0,0.0,3.0342105263157895,16.925831202046037,1
0,0,0,3,1,1.0,0.0,0.0,0.0,0.0,0.0,0.0,1,50.65,151.3,1,1,0,0,1,0,0,0,0,0,1,1.0,25.325,0,0,0,0,0,0.0,12.6625,2.9293320425943854,0
0,0,0,64,1,1.0,0.0,0.0,1.0,0.0,1.0,1.0,1,100.05,6254.2,1,0,1,0,0,1,0,0,1,0,0,4.0,20.009999999999998,1,1,1,0,0,1.0,1.5392307692307692,61.89213260761999,3
0,0,0,66,1,1.0,0.0,0.0,0.0,0.0,0.0,0.0,0,25.1,1697.7,0,0,0,1,0,0,1,0,0,0,1,1.0,12.55,0,1,0,0,0,0.0,0.37462686567164183,65.04597701149424,3
0,1,1,56,1,1.0,1.0,0.0,1.0,1.0,1.0,1.0,1,109.6,5953.0,1,0,1,0,1,0,0,0,0,0,1,6.0,15.657142857142857,1,0,0,1,0,0.0,1.9228070175438596,53.824593128390596,2
0,0,0,2,1,1.0,0.0,0.0,1.0,0.0,0.0,0.0,0,80.6,155.8,1,0,1,0,1,0,0,0,0,0,1,2.0,26.866666666666664,0,0,0,1,0,1.0,26.866666666666664,1.9093137254901964,0
0,0,0,22,1,1.0,0.0,0.0,0.0,0.0,0.0,0.0,0,26.25,605.9,1,0,0,1,0,0,1,0,0,0,1,1.0,13.125,0,1,0,0,0,0.0,1.141304347826087,22.2348623853211,1
0,0,0,57,1,1.0,0.0,0.0,0.0,0.0,1.0,0.0,1,86.9,4939.25,0,0,1,0,0,1,0,0,0,1,0,2.0,28.96666666666667,1,1,0,0,0,1.0,1.4982758620689656,56.191695108077354,2
0,1,0,68,0,0.0,1.0,0.0,1.0,0.0,1.0,1.0,1,54.4,3723.65,1,1,0,0,0,1,0,0,0,1,0,4.0,10.879999999999999,1,1,0,0,0,0.0,0.7884057971014492,67.21389891696751,3
0,0,0,10,1,0.0,0.0,0.0,0.0,0.0,0.0,0.0,1,20.0,198.6,0,0,0,1,1,0,0,0,1,0,0,0.0,20.0,0,0,1,0,0,0.0,1.8181818181818181,9.457142857142857,0
0,1,1,69,1,0.0,1.0,1.0,0.0,1.0,1.0,1.0,1,106.35,7261.75,0,0,1,0,0,0,1,0,1,0,0,5.0,17.724999999999998,1,1,1,0,0,0.0,1.5192857142857141,67.64555193292968,3
0,0,0,1,0,0.0,1.0,0.0,0.0,0.0,0.0,0.0,0,29.7,29.7,0,1,0,0,1,0,0,0,0,0,1,1.0,14.85,0,0,0,0,0,0.0,14.85,0.9674267100977199,0
0,0,0,1,1,0.0,0.0,0.0,0.0,0.0,0.0,0.0,1,70.3,70.3,1,0,1,0,1,0,0,0,0,1,0,0.0,70.3,0,0,0,1,1,1.0,35.15,0.9859747545582047,0
0,0,0,10,1,0.0,0.0,0.0,0.0,0.0,0.0,0.0,1,21.2,222.65,1,0,0,1,1,0,0,0,0,1,0,0.0,21.2,0,0,0,0,1,0.0,1.9272727272727272,10.02927927927928,0
1,1,0,65,1,1.0,1.0,0.0,0.0,0.0,1.0,1.0,1,100.75,6674.65,0,0,1,0,0,1,0,0,0,1,0,4.0,20.15,1,1,0,0,0,0.0,1.5265151515151516,65.5985257985258,3
0,0,0,38,1,1.0,1.0,1.0,1.0,1.0,0.0,0.0,0,69.95,2657.55,0,1,0,0,1,0,0,0,0,1,0,5.0,11.658333333333333,0,0,0,0,1,0.0,1.7935897435897437,37.45665961945032,2
0,1,0,50,1,1.0,0.0,0.0,0.0,1.0,1.0,1.0,0,99.4,5059.75,0,0,1,0,0,1,0,0,0,1,0,4.0,19.880000000000003,1,1,0,0,0,0.0,1.9490196078431374,50.39591633466135,2
0,1,1,6,1,1.0,0.0,0.0,0.0,1.0,0.0,0.0,1,80.5,502.85,1,0,1,0,1,0,0,0,0,1,0,2.0,26.833333333333332,0,0,0,1,1,0.0,11.5,6.169938650306749,0
0,0,1,9,1,0.0,0.0,0.0,1.0,1.0,1.0,1.0,1,72.9,651.4,1,1,0,0,1,0,0,0,0,0,1,4.0,14.580000000000002,1,0,0,0,0,0.0,7.290000000000001,8.814614343707712,0
0,0,0,1,1,0.0,0.0,0.0,1.0,0.0,0.0,0.0,1,49.65,49.65,0,1,0,0,1,0,0,0,0,0,1,1.0,24.825,0,0,0,0,0,0.0,24.825,0.9802566633761106,0
1,0,0,14,1,1.0,0.0,0.0,0.0,0.0,0.0,0.0,1,74.3,1096.25,1,0,1,0,1,0,0,0,0,1,0,1.0,37.15,0,0,0,1,1,1.0,4.953333333333333,14.558432934926959,1
0,1,1,72,1,1.0,0.0,1.0,1.0,0.0,1.0,1.0,1,103.4,7372.65,0,0,1,0,0,0,1,0,0,1,0,5.0,17.233333333333334,1,1,0,0,0,1.0,1.4164383561643836,70.61925287356321,3
0,1,0,72,1,1.0,1.0,0.0,0.0,0.0,0.0,0.0,0,80.45,5737.6,1,0,1,0,0,0,1,1,0,0,0,2.0,26.816666666666666,0,1,1,0,0,0.0,1.1020547945205479,70.44321669736034,3
1,1,0,18,0,0.0,0.0,0.0,1.0,0.0,1.0,1.0,1,48.35,810.7,1,1,0,0,1,0,0,0,0,1,0,3.0,12.0875,1,0,0,0,1,0.0,2.544736842105263,16.427558257345492,1
0,1,1,46,1,0.0,0.0,0.0,0.0,0.0,0.0,0.0,0,20.25,890.35,1,0,0,1,0,0,1,1,0,0,0,0.0,20.25,0,1,1,0,0,0.0,0.4308510638297872,41.898823529411764,2
0,0,0,15,1,0.0,0.0,0.0,0.0,0.0,0.0,0.0,0,19.4,289.3,1,0,0,1,1,0,0,1,0,0,0,0.0,19.4,0,0,1,0,0,0.0,1.2125,14.18137254901961,1
1,1,0,72,1,1.0,1.0,1.0,1.0,1.0,1.0,1.0,1,114.85,8317.95,1,0,1,0,0,0,1,1,0,0,0,7.0,14.35625,1,1,1,0,0,0.0,1.5732876712328767,71.79930945187743,3
0,0,1,3,0,0.0,0.0,1.0,0.0,0.0,0.0,0.0,0,29.65,90.05,1,1,0,0,1,0,0,0,0,0,1,1.0,14.825,0,0,0,0,0,0.0,7.4125,2.938009787928222,0
0,0,1,11,0,0.0,0.0,0.0,0.0,0.0,0.0,0.0,0,25.2,321.05,1,1,0,0,1,0,0,0,0,1,0,0.0,25.2,0,0,0,0,1,0.0,2.1,12.253816793893131,0
0,0,0,44,1,1.0,0.0,1.0,1.0,1.0,1.0,1.0,1,85.25,3704.15,0,1,0,0,0,1,0,1,0,0,0,6.0,12.178571428571429,1,1,1,0,0,0.0,1.8944444444444444,42.946666666666665,2
1,1,0,72,1,1.0,1.0,0.0,0.0,0.0,0.0,0.0,0,78.5,5602.25,1,0,1,0,0,0,1,1,0,0,0,2.0,26.166666666666668,0,1,1,0,0,0.0,1.0753424657534247,70.46855345911949,3
0,0,0,8,1,0.0,0.0,1.0,0.0,1.0,1.0,0.0,1,65.45,554.45,1,1,0,0,1,0,0,0,0,1,0,3.0,16.3625,1,0,0,0,1,0.0,7.272222222222222,8.343867569601205,0
0,1,1,72,1,1.0,0.0,0.0,0.0,0.0,0.0,0.0,0,25.2,1787.35,1,0,0,1,0,0,1,1,0,0,0,1.0,12.6,0,1,1,0,0,0.0,0.34520547945205476,68.21946564885496,3
0,1,0,6,1,0.0,0.0,1.0,1.0,0.0,0.0,1.0,1,91.0,531.0,0,0,1,0,1,0,0,0,0,1,0,3.0,22.75,1,0,0,1,1,1.0,13.0,5.771739130434782,0
0,0,0,24,1,0.0,0.0,0.0,0.0,0.0,0.0,1.0,1,79.85,2001.0,0,0,1,0,1,0,0,0,1,0,0,1.0,39.925,1,0,1,1,0,1.0,3.194,24.749536178107608,1
0,0,0,24,1,1.0,0.0,0.0,1.0,0.0,1.0,1.0,1,98.75,2407.3,1,0,1,0,1,0,0,0,0,1,0,4.0,19.75,1,0,0,1,1,1.0,3.95,24.133333333333336,1
0,1,0,72,1,1.0,0.0,1.0,1.0,1.0,1.0,1.0,1,110.6,7962.2,0,0,1,0,0,0,1,0,1,0,0,6.0,15.799999999999999,1,1,1,0,0,0.0,1.5150684931506848,71.34587813620072,3
0,1,0,64,1,0.0,1.0,0.0,0.0,0.0,0.0,0.0,1,73.55,4764.0,0,0,1,0,1,0,0,0,0,0,1,1.0,36.775,0,0,0,1,0,0.0,1.1315384615384616,63.903420523138834,3
0,0,0,36,0,0.0,1.0,1.0,1.0,1.0,0.0,1.0,1,53.1,1901.25,1,1,0,0,0,0,1,0,0,0,1,5.0,8.85,1,1,0,0,0,0.0,1.4351351351351351,35.14325323475046,1
0,1,0,72,1,1.0,1.0,1.0,1.0,1.0,1.0,1.0,0,115.8,8332.15,0,0,1,0,0,0,1,0,1,0,0,7.0,14.475,1,1,1,0,0,0.0,1.5863013698630137,71.3369006849315,3
0,0,0,48,1,0.0,1.0,0.0,1.0,1.0,1.0,1.0,1,102.5,4904.25,1,0,1,0,0,0,1,0,1,0,0,5.0,17.083333333333332,1,1,1,0,0,0.0,2.0918367346938775,47.38405797101449,2
0,0,0,56,1,0.0,1.0,0.0,1.0,1.0,0.0,0.0,1,60.25,3282.75,1,1,0,0,0,1,0,0,1,0,0,3.0,15.0625,0,1,1,0,0,0.0,1.0570175438596492,53.59591836734694,2
0,1,0,4,1,1.0,0.0,1.0,0.0,0.0,1.0,1.0,1,100.2,420.2,0,0,1,0,1,0,0,0,0,1,0,4.0,20.04,1,0,0,1,1,1.0,20.04,4.152173913043478,0
0,0,0,20,1,0.0,0.0,1.0,0.0,0.0,0.0,0.0,1,51.8,1023.85,0,1,0,0,1,0,0,0,0,0,1,1.0,25.9,0,0,0,0,0,0.0,2.4666666666666663,19.391098484848488,1
0,1,0,36,1,0.0,0.0,0.0,0.0,0.0,0.0,0.0,0,20.0,666.75,0,0,0,1,0,1,0,0,0,0,1,0.0,20.0,0,1,0,0,0,0.0,0.5405405405405406,31.75,1
0,1,1,21,1,0.0,0.0,1.0,0.0,0.0,1.0,0.0,1,58.85,1215.45,1,1,0,0,0,1,0,0,1,0,0,2.0,19.616666666666667,1,1,1,0,0,0.0,2.6750000000000003,20.30827067669173,1
0,0,0,28,1,1.0,0.0,1.0,0.0,0.0,1.0,1.0,0,100.2,2688.45,0,0,1,0,0,1,0,0,0,1,0,4.0,20.04,1,1,0,0,0,1.0,3.4551724137931035,26.56571146245059,1
0,1,0,41,1,1.0,0.0,0.0,1.0,0.0,1.0,1.0,1,73.0,3001.2,0,1,0,0,0,1,0,0,0,1,0,4.0,14.6,1,1,0,0,0,0.0,1.7380952380952381,40.556756756756755,2
0,0,0,53,1,0.0,0.0,0.0,0.0,0.0,0.0,0.0,0,20.25,1048.45,1,0,0,1,0,0,1,0,0,0,1,0.0,20.25,0,1,0,0,0,0.0,0.375,49.33882352941177,2
0,0,0,64,1,1.0,0.0,1.0,1.0,1.0,1.0,1.0,0,86.55,5632.55,0,1,0,0,0,0,1,0,1,0,0,6.0,12.364285714285714,1,1,1,0,0,0.0,1.3315384615384616,64.33523700742434,3
0,1,1,55,1,0.0,0.0,1.0,1.0,1.0,1.0,1.0,1,103.7,5656.75,1,0,1,0,0,1,0,1,0,0,0,5.0,17.283333333333335,1,1,1,0,0,0.0,1.8517857142857144,54.02817574021012,2
0,0,0,54,0,0.0,1.0,0.0,0.0,1.0,1.0,0.0,0,45.2,2460.55,0,1,0,0,0,0,1,0,1,0,0,3.0,11.3,1,1,1,0,0,0.0,0.8218181818181819,53.25865800865801,2
0,0,0,36,1,1.0,0.0,0.0,0.0,0.0,0.0,1.0,1,84.75,3050.15,0,0,1,0,1,0,0,0,0,1,0,2.0,28.25,1,0,0,1,1,1.0,2.2905405405405403,35.57026239067056,1
0,0,0,48,1,1.0,1.0,0.0,0.0,1.0,0.0,1.0,1,70.95,3629.2,0,1,0,0,0,1,0,1,0,0,0,4.0,14.190000000000001,1,1,1,0,0,0.0,1.4479591836734695,50.44058373870743,2
0,0,0,28,1,1.0,1.0,1.0,0.0,0.0,0.0,1.0,1,94.5,2659.4,0,0,1,0,1,0,0,0,1,0,0,4.0,18.9,1,0,1,1,0,0.0,3.2586206896551726,27.847120418848167,1
1,0,0,19,1,1.0,0.0,1.0,0.0,0.0,1.0,0.0,1,88.2,1775.8,0,0,1,0,1,0,0,0,0,1,0,3.0,22.05,1,0,0,1,1,1.0,4.41,19.90807174887892,1
0,1,1,72,1,1.0,1.0,0.0,1.0,0.0,1.0,1.0,0,105.25,7609.75,0,0,1,0,0,0,1,1,0,0,0,5.0,17.541666666666668,1,1,1,0,0,0.0,1.4417808219178083,71.62117647058824,3
1,0,0,50,1,1.0,0.0,0.0,1.0,1.0,1.0,1.0,1,104.95,5222.35,1,0,1,0,1,0,0,0,0,1,0,5.0,17.491666666666667,1,0,0,1,1,0.0,2.057843137254902,49.290703161868805,2
0,1,0,50,1,1.0,0.0,1.0,0.0,0.0,1.0,1.0,1,98.25,4858.7,0,0,1,0,0,1,0,0,0,1,0,4.0,19.65,1,1,0,0,0,1.0,1.9264705882352942,48.95415617128463,2
0,1,1,58,1,0.0,0.0,1.0,0.0,1.0,1.0,1.0,1,75.2,4300.8,0,1,0,0,0,1,0,0,1,0,0,4.0,15.040000000000001,1,1,1,0,0,0.0,1.2745762711864408,56.44094488188976,2
1,1,0,70,1,1.0,0.0,1.0,1.0,0.0,1.0,1.0,1,102.95,7101.5,0,0,1,0,1,0,0,0,0,1,0,5.0,17.158333333333335,1,0,0,1,1,1.0,1.45,68.31649831649831,3
0,1,0,3,1,0.0,0.0,0.0,0.0,0.0,0.0,0.0,1,70.3,208.85,0,0,1,0,1,0,0,0,0,1,0,0.0,70.3,0,0,0,1,1,1.0,17.575,2.929172510518934,0
0,1,0,20,1,0.0,0.0,0.0,0.0,0.0,0.0,0.0,0,19.25,375.25,1,0,0,1,1,0,0,1,0,0,0,0.0,19.25,0,0,1,0,0,0.0,0.9166666666666666,18.530864197530864,1
0,0,0,12,1,1.0,1.0,1.0,0.0,1.0,0.0,0.0,1,67.25,832.3,0,1,0,0,1,0,0,0,0,1,0,4.0,13.45,0,0,0,0,1,0.0,5.173076923076923,12.194871794871794,0
1,1,0,13,1,1.0,0.0,0.0,0.0,0.0,1.0,1.0,1,95.25,1233.65,0,0,1,0,1,0,0,0,0,1,0,3.0,23.8125,1,0,0,1,1,1.0,6.803571428571429,12.817142857142859,1
0,0,0,10,1,1.0,1.0,0.0,0.0,0.0,1.0,1.0,0,98.55,1008.55,0,0,1,0,1,0,0,0,0,1,0,4.0,19.71,1,0,0,1,1,0.0,8.959090909090909,10.131089904570567,0
0,1,0,19,1,1.0,1.0,1.0,0.0,1.0,0.0,0.0,1,88.8,1672.35,0,0,1,0,1,0,0,0,1,0,0,4.0,17.759999999999998,0,0,1,1,0,0.0,4.4399999999999995,18.62305122494432,1
0,1,0,52,0,0.0,1.0,1.0,1.0,1.0,1.0,1.0,0,66.25,3330.1,1,1,0,0,0,0,1,0,1,0,0,6.0,9.464285714285714,1,1,1,0,0,0.0,1.25,49.5182156133829,2
0,1,1,66,1,0.0,1.0,1.0,1.0,1.0,0.0,0.0,0,65.85,4097.05,0,1,0,0,0,0,1,0,0,0,1,4.0,13.169999999999998,0,1,0,0,0,0.0,0.9828358208955223,61.28721017202693,3
0,0,0,39,1,1.0,1.0,1.0,0.0,0.0,1.0,1.0,1,106.4,4040.65,0,0,1,0,1,0,0,0,0,1,0,5.0,17.733333333333334,1,0,0,1,1,0.0,2.66,37.62243947858473,2
0,0,1,27,1,0.0,0.0,0.0,0.0,0.0,0.0,0.0,0,19.7,509.3,0,0,0,1,0,0,1,0,1,0,0,0.0,19.7,0,1,1,0,0,0.0,0.7035714285714285,24.603864734299517,1
0,1,1,72,0,0.0,1.0,1.0,1.0,1.0,1.0,1.0,1,65.25,4478.85,0,1,0,0,0,0,1,0,1,0,0,6.0,9.321428571428571,1,1,1,0,0,0.0,0.8938356164383562,67.60528301886794,3
1,1,0,68,0,0.0,1.0,1.0,1.0,0.0,0.0,0.0,1,41.95,2965.75,0,1,0,0,0,0,1,0,0,1,0,3.0,10.4875,0,1,0,0,0,0.0,0.6079710144927537,69.0512223515716,3
1,0,0,35,0,0.0,0.0,0.0,1.0,0.0,1.0,0.0,1,39.85,1434.6,1,1,0,0,1,0,0,0,0,1,0,2.0,13.283333333333333,1,0,0,0,1,0.0,1.1069444444444445,35.118727050183594,1
0,1,0,63,1,1.0,1.0,0.0,0.0,1.0,0.0,0.0,1,84.65,5377.8,0,0,1,0,0,0,1,0,1,0,0,3.0,21.1625,0,1,1,0,0,0.0,1.32265625,62.78809106830122,3
0,0,0,1,1,1.0,0.0,0.0,0.0,0.0,0.0,0.0,1,24.05,24.05,0,0,0,1,1,0,0,0,0,0,1,1.0,12.025,0,0,0,0,0,0.0,12.025,0.9600798403193613,0
0,1,1,6,1,0.0,0.0,0.0,0.0,0.0,0.0,0.0,0,19.85,138.85,0,0,0,1,1,0,0,0,1,0,0,0.0,19.85,0,0,1,0,0,0.0,2.835714285714286,6.65947242206235,0
1,1,0,64,1,1.0,0.0,0.0,1.0,1.0,1.0,1.0,0,102.1,6538.45,0,0,1,0,0,0,1,0,0,1,0,5.0,17.016666666666666,1,1,0,0,0,0.0,1.5707692307692307,63.41852570320078,3
0,0,0,64,1,1.0,0.0,0.0,0.0,0.0,0.0,0.0,0,24.7,1642.75,1,0,0,1,0,1,0,0,0,0,1,1.0,12.35,0,1,0,0,0,0.0,0.38,63.92023346303502,3
0,1,0,13,1,1.0,0.0,0.0,1.0,0.0,1.0,1.0,1,102.25,1359.0,0,0,1,0,1,0,0,0,1,0,0,4.0,20.45,1,0,1,1,0,1.0,7.303571428571429,13.162227602905569,1
1,1,0,12,1,1.0,0.0,1.0,0.0,0.0,1.0,1.0,1,101.35,1218.55,0,0,1,0,1,0,0,0,0,1,0,4.0,20.27,1,0,0,1,1,1.0,7.796153846153846,11.9057156814851,0
0,1,1,30,1,0.0,0.0,0.0,1.0,1.0,1.0,0.0,1,64.5,1985.15,1,1,0,0,0,1,0,0,0,1,0,3.0,16.125,1,1,0,0,0,0.0,2.0806451612903225,30.30763358778626,1
0,0,0,3,1,0.0,0.0,0.0,0.0,0.0,0.0,0.0,1,19.8,58.15,0,0,0,1,1,0,0,0,0,0,1,0.0,19.8,0,0,0,0,0,0.0,4.95,2.7956730769230766,0
1,0,0,1,1,0.0,1.0,0.0,1.0,0.0,0.0,0.0,1,55.8,55.8,1,1,0,0,1,0,0,0,0,1,0,2.0,18.599999999999998,0,0,0,0,1,0.0,27.9,0.9823943661971831,0
0,1,0,69,1,1.0,0.0,0.0,0.0,0.0,0.0,0.0,1,24.95,1718.35,1,0,0,1,0,0,1,0,1,0,0,1.0,12.475,0,1,1,0,0,0.0,0.35642857142857143,66.21772639691714,3
0,1,1,70,1,0.0,0.0,1.0,1.0,1.0,1.0,1.0,1,80.4,5717.85,1,1,0,0,0,0,1,1,0,0,0,5.0,13.4,1,1,1,0,0,0.0,1.1323943661971831,70.24385749385749,3
0,0,0,1,1,0.0,0.0,0.0,0.0,0.0,0.0,0.0,1,20.3,20.3,1,0,0,1,1,0,0,0,0,0,1,0.0,20.3,0,0,0,0,0,0.0,10.15,0.9530516431924883,0
1,0,0,4,1,0.0,0.0,0.0,1.0,0.0,1.0,1.0,1,94.75,422.4,0,0,1,0,1,0,0,0,0,1,0,3.0,23.6875,1,0,0,1,1,1.0,18.95,4.4114882506527415,0
0,1,1,72,1,0.0,1.0,0.0,1.0,1.0,1.0,1.0,1,80.8,5728.55,0,1,0,0,0,0,1,0,0,1,0,5.0,13.466666666666667,1,1,0,0,0,0.0,1.106849315068493,70.03117359413203,3
0,1,0,72,1,1.0,0.0,0.0,1.0,0.0,1.0,1.0,1,97.85,6841.3,1,0,1,0,0,0,1,0,0,1,0,4.0,19.57,1,1,0,0,0,1.0,1.3404109589041096,69.20890237733941,3
0,0,0,2,1,0.0,1.0,1.0,0.0,0.0,0.0,0.0,1,53.85,108.15,0,1,0,0,1,0,0,0,0,0,1,2.0,17.95,0,0,0,0,0,0.0,17.95,1.9717411121239745,0
0,0,0,1,1,0.0,0.0,0.0,0.0,0.0,0.0,0.0,1,44.0,44.0,1,1,0,0,1,0,0,0,0,0,1,0.0,44.0,0,0,0,0,0,0.0,22.0,0.9777777777777777,0
0,1,1,1,1,0.0,0.0,0.0,0.0,0.0,0.0,0.0,1,19.0,19.0,1,0,0,1,1,0,0,0,0,0,1,0.0,19.0,0,0,0,0,0,0.0,9.5,0.95,0
0,1,1,72,1,1.0,1.0,0.0,1.0,0.0,1.0,1.0,1,106.1,7848.5,0,0,1,0,0,1,0,1,0,0,0,5.0,17.683333333333334,1,1,1,0,0,0.0,1.4534246575342464,73.28197945845005,3
0,1,0,24,1,1.0,1.0,1.0,1.0,0.0,0.0,0.0,0,66.3,1559.45,1,1,0,0,1,0,0,0,0,0,1,4.0,13.26,0,0,0,0,0,0.0,2.6519999999999997,23.171619613670135,1
1,1,1,65,1,1.0,0.0,1.0,1.0,0.0,1.0,1.0,1,107.45,7047.5,1,0,1,0,0,1,0,0,0,1,0,5.0,17.908333333333335,1,1,0,0,0,1.0,1.6280303030303032,64.98386353158138,3
0,0,0,8,1,1.0,0.0,0.0,0.0,0.0,0.0,0.0,1,73.5,632.2,1,0,1,0,1,0,0,0,0,1,0,1.0,36.75,0,0,0,1,1,1.0,8.166666666666666,8.485906040268457,0
0,1,0,71,1,1.0,1.0,1.0,1.0,1.0,1.0,1.0,0,90.55,6404.0,0,1,0,0,0,0,1,1,0,0,0,7.0,11.31875,1,1,1,0,0,0.0,1.2576388888888888,69.95084653194975,3
0,1,1,42,1,1.0,0.0,0.0,0.0,0.0,1.0,1.0,1,94.2,4186.3,1,0,1,0,1,0,0,0,0,1,0,3.0,23.55,1,0,0,1,1,1.0,2.1906976744186046,43.97373949579832,2
1,1,1,48,1,0.0,1.0,0.0,1.0,1.0,1.0,1.0,1,104.5,5068.05,1,0,1,0,1,0,0,0,0,1,0,5.0,17.416666666666668,1,0,0,1,1,0.0,2.13265306122449,48.03838862559242,2
0,1,1,11,1,0.0,0.0,0.0,0.0,0.0,0.0,0.0,0,20.95,267.35,0,0,0,1,1,0,0,1,0,0,0,0.0,20.95,0,0,1,0,0,0.0,1.7458333333333333,12.179954441913441,0
0,1,0,16,1,0.0,1.0,1.0,0.0,0.0,0.0,0.0,0,80.75,1321.3,0,0,1,0,1,0,0,1,0,0,0,2.0,26.916666666666668,0,0,1,1,0,0.0,4.75,16.16269113149847,1
0,0,0,13,1,0.0,1.0,0.0,0.0,0.0,1.0,1.0,1,71.95,923.85,1,1,0,0,1,0,0,0,0,1,0,3.0,17.9875,1,0,0,0,1,0.0,5.139285714285714,12.664153529814941,1
0,0,0,5,1,0.0,0.0,0.0,0.0,0.0,0.0,0.0,0,20.35,92.75,0,0,0,1,1,0,0,0,0,0,1,0.0,20.35,0,0,0,0,0,0.0,3.391666666666667,4.3442622950819665,0
0,1,0,41,1,1.0,1.0,1.0,1.0,1.0,1.0,1.0,1,113.6,4594.95,1,0,1,0,1,0,0,1,0,0,0,7.0,14.2,1,0,1,1,0,0.0,2.7047619047619045,40.095549738219894,2
0,0,0,19,1,1.0,0.0,0.0,1.0,0.0,0.0,0.0,1,56.1,1033.9,1,1,0,0,1,0,0,0,0,0,1,2.0,18.7,0,0,0,0,0,0.0,2.805,18.106830122591944,1
0,0,0,1,1,0.0,0.0,0.0,0.0,0.0,0.0,0.0,0,19.55,19.55,1,0,0,1,1,0,0,0,0,0,1,0.0,19.55,0,0,0,0,0,0.0,9.775,0.9513381995133819,0
1,0,0,46,1,0.0,0.0,1.0,0.0,0.0,1.0,1.0,0,95.25,4424.2,1,0,1,0,0,1,0,0,1,0,0,3.0,23.8125,1,1,1,0,0,1.0,2.026595744680851,45.965714285714284,2
0,0,0,1,1,0.0,0.0,0.0,0.0,0.0,0.0,0.0,1,19.75,19.75,0,0,0,1,1,0,0,0,1,0,0,0.0,19.75,0,0,1,0,0,0.0,9.875,0.9518072289156626,0
0,0,0,13,1,0.0,0.0,0.0,0.0,0.0,0.0,0.0,1,20.3,275.4,1,0,0,1,1,0,0,0,0,0,1,0.0,20.3,0,0,0,0,0,0.0,1.45,12.92957746478873,1
0,1,1,42,0,0.0,1.0,0.0,1.0,1.0,1.0,0.0,0,48.15,2032.3,0,1,0,0,0,0,1,0,1,0,0,4.0,9.629999999999999,1,1,1,0,0,0.0,1.119767441860465,41.34893184130214,2
0,0,0,23,1,1.0,0.0,0.0,1.0,0.0,0.0,0.0,1,81.0,1917.1,0,0,1,0,1,0,0,0,0,1,0,2.0,27.0,0,0,0,1,1,1.0,3.375,23.379268292682926,1
0,0,0,19,1,0.0,0.0,0.0,0.0,0.0,0.0,0.0,1,19.95,373.5,0,0,0,1,0,0,1,0,0,0,1,0.0,19.95,0,1,0,0,0,0.0,0.9974999999999999,17.828162291169452,1
0,0,0,9,1,1.0,1.0,0.0,0.0,0.0,0.0,0.0,1,81.15,784.45,0,0,1,0,1,0,0,0,0,1,0,2.0,27.05,0,0,0,1,1,0.0,8.115,9.548995739500914,0
0,0,0,3,0,0.0,1.0,1.0,0.0,0.0,0.0,0.0,1,35.45,106.85,0,1,0,0,1,0,0,0,0,0,1,2.0,11.816666666666668,0,0,0,0,0,0.0,8.8625,2.931412894375857,0
0,1,0,38,1,1.0,0.0,0.0,1.0,1.0,0.0,1.0,0,69.0,2669.45,0,1,0,0,0,1,0,0,1,0,0,4.0,13.8,1,1,1,0,0,0.0,1.7692307692307692,38.135,2
1,0,0,2,1,0.0,1.0,0.0,0.0,0.0,0.0,0.0,1,49.25,91.1,0,1,0,0,1,0,0,0,0,1,0,1.0,24.625,0,0,0,0,1,0.0,16.416666666666668,1.8129353233830845,0
0,0,0,64,1,1.0,0.0,1.0,1.0,0.0,1.0,1.0,1,104.4,6692.65,0,0,1,0,0,0,1,1,0,0,0,5.0,17.400000000000002,1,1,1,0,0,1.0,1.6061538461538463,63.497628083491456,3
1,1,0,24,0,0.0,0.0,0.0,1.0,0.0,0.0,1.0,1,40.65,933.3,1,1,0,0,1,0,0,0,1,0,0,2.0,13.549999999999999,1,0,1,0,0,0.0,1.626,22.408163265306122,1
0,0,0,4,1,0.0,0.0,0.0,0.0,0.0,0.0,0.0,0,19.95,68.2,0,0,0,1,0,1,0,0,0,0,1,0.0,19.95,0,1,0,0,0,0.0,3.9899999999999998,3.2553699284009547,0
0,0,1,7,1,0.0,0.0,0.0,0.0,0.0,0.0,0.0,0,20.05,96.8,1,0,0,1,0,1,0,0,0,0,1,0.0,20.05,0,1,0,0,0,0.0,2.50625,4.598574821852731,0
0,0,0,1,1,0.0,1.0,0.0,0.0,0.0,0.0,0.0,0,50.15,50.15,1,1,0,0,1,0,0,0,0,1,0,1.0,25.075,0,0,0,0,1,0.0,25.075,0.9804496578690127,0
0,0,0,72,1,1.0,1.0,1.0,1.0,1.0,1.0,1.0,1,118.2,8547.15,0,0,1,0,0,0,1,0,0,1,0,7.0,14.775,1,1,0,0,0,0.0,1.619178082191781,71.70427852348993,3
0,0,0,28,1,0.0,1.0,1.0,0.0,0.0,0.0,0.0,0,56.05,1522.65,1,1,0,0,1,0,0,0,0,1,0,2.0,18.683333333333334,0,0,0,0,1,0.0,1.932758620689655,26.689745836985104,1
0,0,0,15,1,0.0,1.0,1.0,0.0,0.0,1.0,1.0,1,99.1,1426.4,1,0,1,0,1,0,0,0,1,0,0,4.0,19.82,1,0,1,1,0,0.0,6.19375,14.249750249750251,1
0,0,0,28,1,1.0,1.0,0.0,1.0,0.0,0.0,0.0,0,59.0,1654.45,1,1,0,0,0,1,0,0,0,0,1,3.0,14.75,0,1,0,0,0,0.0,2.0344827586206895,27.574166666666667,1
0,1,0,13,1,1.0,1.0,0.0,0.0,0.0,0.0,1.0,1,65.85,902.25,0,1,0,0,1,0,0,0,0,1,0,3.0,16.4625,1,0,0,0,1,0.0,4.703571428571428,13.496634255796561,1
0,0,0,70,1,1.0,0.0,1.0,1.0,1.0,0.0,0.0,1,90.25,6385.95,1,0,1,0,0,1,0,1,0,0,0,4.0,18.05,0,1,1,0,0,0.0,1.2711267605633803,69.98301369863013,3
0,1,1,5,1,0.0,0.0,0.0,0.0,0.0,0.0,0.0,0,20.1,85.1,0,0,0,1,0,1,0,0,0,0,1,0.0,20.1,0,1,0,0,0,0.0,3.35,4.033175355450236,0
1,1,0,28,1,1.0,0.0,1.0,1.0,1.0,1.0,1.0,1,110.85,3204.4,1,0,1,0,1,0,0,0,0,1,0,6.0,15.835714285714285,1,0,0,1,1,0.0,3.822413793103448,28.649083594099242,1
0,1,1,8,1,0.0,0.0,0.0,0.0,0.0,0.0,0.0,0,19.5,159.35,1,0,0,1,0,0,1,1,0,0,0,0.0,19.5,0,1,1,0,0,0.0,2.1666666666666665,7.773170731707316,0
0,0,0,12,1,0.0,0.0,0.0,0.0,0.0,0.0,0.0,0,43.8,540.95,1,1,0,0,1,0,0,1,0,0,0,0.0,43.8,0,0,1,0,0,0.0,3.369230769230769,12.074776785714288,0
0,0,0,10,1,0.0,0.0,0.0,0.0,0.0,0.0,0.0,1,19.8,198.25,1,0,0,1,0,1,0,0,0,0,1,0.0,19.8,0,1,0,0,0,0.0,1.8,9.53125,0
0,0,0,43,1,1.0,0.0,1.0,0.0,0.0,0.0,0.0,1,77.85,3365.85,0,0,1,0,1,0,0,0,0,1,0,2.0,25.95,0,0,0,1,1,1.0,1.7693181818181818,42.68674698795181,2
1,1,0,11,1,1.0,0.0,0.0,1.0,0.0,1.0,1.0,1,99.55,1131.2,1,0,1,0,1,0,0,0,0,1,0,4.0,19.91,1,0,0,1,1,1.0,8.295833333333333,11.250124316260568,0
1,0,0,67,1,1.0,0.0,0.0,0.0,0.0,0.0,0.0,0,25.1,1672.15,0,0,0,1,0,0,1,0,1,0,0,1.0,12.55,0,1,1,0,0,0.0,0.36911764705882355,64.06704980842912,3
0,1,0,65,1,1.0,1.0,1.0,0.0,1.0,1.0,0.0,1,100.15,6643.5,1,0,1,0,0,1,0,1,0,0,0,5.0,16.691666666666666,1,1,1,0,0,0.0,1.5174242424242426,65.67968363816114,3
0,1,1,55,1,0.0,0.0,0.0,0.0,0.0,0.0,0.0,0,19.15,998.1,1,0,0,1,0,1,0,0,1,0,0,0.0,19.15,0,1,1,0,0,0.0,0.34196428571428567,49.53349875930522,2
0,0,0,46,1,1.0,0.0,0.0,0.0,0.0,0.0,0.0,0,72.8,3249.4,0,0,1,0,1,0,0,1,0,0,0,1.0,36.4,0,0,1,1,0,1.0,1.548936170212766,44.02981029810299,2
0,0,1,6,1,0.0,0.0,0.0,1.0,0.0,1.0,1.0,0,94.5,575.45,0,0,1,0,1,0,0,0,0,0,1,3.0,23.625,1,0,0,1,0,1.0,13.5,6.02565445026178,0
1,1,0,65,1,1.0,0.0,1.0,1.0,0.0,1.0,1.0,1,103.15,6792.45,0,0,1,0,0,1,0,1,0,0,0,5.0,17.191666666666666,1,1,1,0,0,1.0,1.562878787878788,65.21795487277964,3
0,0,0,31,1,0.0,0.0,0.0,1.0,1.0,1.0,1.0,0,99.45,3109.9,0,0,1,0,0,0,1,1,0,0,0,4.0,19.89,1,1,1,0,0,0.0,3.1078125,30.95968143354903,1
0,0,1,1,1,0.0,0.0,0.0,1.0,0.0,0.0,0.0,0,48.95,48.95,0,1,0,0,1,0,0,0,0,1,0,1.0,24.475,0,0,0,0,1,0.0,24.475,0.97997997997998,0
0,1,1,2,1,0.0,0.0,0.0,0.0,0.0,0.0,0.0,0,20.3,40.25,0,0,0,1,1,0,0,0,0,0,1,0.0,20.3,0,0,0,0,0,0.0,6.766666666666667,1.8896713615023473,0
0,0,1,50,0,0.0,1.0,1.0,0.0,0.0,1.0,0.0,1,43.05,2208.05,0,1,0,0,0,1,0,1,0,0,0,3.0,10.7625,1,1,1,0,0,0.0,0.8441176470588235,50.12599318955733,2
0,0,0,10,1,0.0,0.0,1.0,0.0,1.0,0.0,1.0,0,64.9,685.55,1,1,0,0,0,1,0,0,0,0,1,3.0,16.225,1,1,0,0,0,0.0,5.9,10.402883156297419,0
0,1,1,58,1,1.0,0.0,0.0,1.0,1.0,1.0,1.0,1,105.05,6004.85,0,0,1,0,0,1,0,1,0,0,0,5.0,17.508333333333333,1,1,1,0,0,0.0,1.7805084745762711,56.62281942479963,2
1,1,0,13,0,0.0,0.0,0.0,0.0,0.0,1.0,1.0,0,45.3,528.45,1,1,0,0,1,0,0,0,0,1,0,2.0,15.1,1,0,0,0,1,0.0,3.2357142857142853,11.413606911447086,1
0,0,0,22,1,0.0,0.0,1.0,1.0,0.0,1.0,0.0,0,65.25,1441.8,1,1,0,0,0,1,0,1,0,0,0,3.0,16.3125,1,1,1,0,0,0.0,2.8369565217391304,21.76301886792453,1
0,0,0,52,1,1.0,1.0,1.0,1.0,1.0,1.0,1.0,1,89.25,4652.4,0,1,0,0,0,0,1,0,0,0,1,7.0,11.15625,1,1,0,0,0,0.0,1.6839622641509433,51.55013850415512,2
0,1,1,41,1,0.0,0.0,0.0,0.0,0.0,0.0,0.0,0,19.5,798.2,0,0,0,1,0,1,0,1,0,0,0,0.0,19.5,0,1,1,0,0,0.0,0.4642857142857143,38.93658536585366,2
0,1,0,71,1,1.0,0.0,0.0,0.0,0.0,0.0,0.0,0,25.05,1873.7,1,0,0,1,0,0,1,0,1,0,0,1.0,12.525,0,1,1,0,0,0.0,0.34791666666666665,71.92706333973129,3
0,1,1,57,1,0.0,0.0,0.0,0.0,0.0,0.0,0.0,0,19.75,1272.05,1,0,0,1,0,0,1,1,0,0,0,0.0,19.75,0,1,1,0,0,0.0,0.34051724137931033,61.30361445783132,2
0,0,0,44,0,0.0,0.0,0.0,1.0,0.0,1.0,1.0,1,49.05,2265.0,1,1,0,0,0,1,0,0,0,1,0,3.0,12.2625,1,1,0,0,0,0.0,1.0899999999999999,45.25474525474526,2
0,1,1,61,1,0.0,0.0,0.0,0.0,0.0,0.0,0.0,0,19.1,1143.8,1,0,0,1,0,1,0,0,1,0,0,0.0,19.1,0,1,1,0,0,0.0,0.3080645161290323,56.905472636815915,3
0,1,1,72,1,1.0,1.0,0.0,1.0,1.0,1.0,1.0,1,110.45,8058.85,1,0,1,0,0,0,1,1,0,0,0,6.0,15.778571428571428,1,1,1,0,0,0.0,1.513013698630137,72.30910722296994,3
0,0,1,1,1,0.0,0.0,0.0,0.0,0.0,0.0,0.0,0,19.75,19.75,0,0,0,1,1,0,0,0,0,0,1,0.0,19.75,0,0,0,0,0,0.0,9.875,0.9518072289156626,0
0,1,0,71,1,1.0,1.0,1.0,1.0,1.0,1.0,1.0,0,93.2,6506.15,1,1,0,0,0,0,1,0,1,0,0,7.0,11.65,1,1,1,0,0,0.0,1.2944444444444445,69.06740976645435,3
0,1,1,38,1,1.0,0.0,0.0,1.0,1.0,1.0,0.0,1,94.9,3616.25,0,0,1,0,0,0,1,1,0,0,0,4.0,18.98,1,1,1,0,0,0.0,2.4333333333333336,37.708550573514074,2
0,0,0,45,1,0.0,1.0,1.0,0.0,0.0,1.0,1.0,1,100.3,4483.95,1,0,1,0,0,1,0,0,0,1,0,4.0,20.06,1,1,0,0,0,0.0,2.1804347826086956,44.26406712734452,2
0,1,0,57,1,1.0,0.0,0.0,1.0,0.0,1.0,1.0,1,100.75,5985.0,1,0,1,0,0,1,0,0,1,0,0,4.0,20.15,1,1,1,0,0,1.0,1.7370689655172413,58.82063882063882,2
0,0,0,59,1,1.0,1.0,1.0,1.0,1.0,0.0,1.0,0,79.85,4786.1,1,1,0,0,0,1,0,0,1,0,0,6.0,11.407142857142857,1,1,1,0,0,0.0,1.3308333333333333,59.19727891156464,2
1,0,0,56,1,1.0,1.0,0.0,1.0,1.0,0.0,1.0,0,73.25,4054.2,1,1,0,0,0,0,1,1,0,0,0,5.0,12.208333333333334,1,1,1,0,0,0.0,1.2850877192982457,54.6020202020202,2
0,1,0,54,0,0.0,0.0,1.0,0.0,0.0,0.0,0.0,0,30.4,1621.35,0,1,0,0,1,0,0,0,0,1,0,1.0,15.2,0,0,0,0,1,0.0,0.5527272727272727,51.63535031847134,2
0,1,1,22,1,0.0,0.0,0.0,0.0,0.0,0.0,0.0,0,19.05,454.05,1,0,0,1,1,0,0,1,0,0,0,0.0,19.05,0,0,1,0,0,0.0,0.8282608695652174,22.64588528678304,1
0,1,1,30,1,1.0,0.0,1.0,1.0,1.0,1.0,1.0,1,107.5,3242.5,1,0,1,0,1,0,0,0,0,1,0,6.0,15.357142857142858,1,0,0,1,1,0.0,3.467741935483871,29.88479262672811,1
0,0,0,27,1,0.0,0.0,0.0,0.0,0.0,0.0,0.0,0,19.85,470.0,0,0,0,1,0,0,1,0,1,0,0,0.0,19.85,0,1,1,0,0,0.0,0.7089285714285715,22.54196642685851,1
0,1,1,4,1,0.0,0.0,0.0,0.0,0.0,0.0,0.0,1,69.55,284.9,0,0,1,0,1,0,0,0,0,0,1,0.0,69.55,0,0,0,1,0,1.0,13.91,4.038270729978739,0
0,0,0,10,1,0.0,1.0,0.0,1.0,0.0,0.0,0.0,1,79.85,887.35,0,0,1,0,1,0,0,0,0,0,1,2.0,26.616666666666664,0,0,0,1,0,0.0,7.259090909090909,10.97526283240569,0
1,0,0,5,1,0.0,0.0,0.0,0.0,0.0,0.0,0.0,1,69.05,318.5,1,0,1,0,1,0,0,0,0,0,1,0.0,69.05,0,0,0,1,0,1.0,11.508333333333333,4.546752319771592,0
0,1,0,3,1,1.0,0.0,1.0,0.0,0.0,0.0,1.0,1,91.5,242.95,1,0,1,0,1,0,0,0,1,0,0,3.0,22.875,1,0,1,1,0,1.0,22.875,2.6264864864864865,0
0,1,1,72,1,1.0,1.0,1.0,1.0,1.0,1.0,1.0,1,116.6,8337.45,0,0,1,0,0,0,1,1,0,0,0,7.0,14.575,1,1,1,0,0,0.0,1.5972602739726027,70.8966836734694,3
0,0,1,3,1,0.0,0.0,0.0,0.0,0.0,0.0,0.0,0,69.65,220.1,0,0,1,0,1,0,0,0,0,1,0,0.0,69.65,0,0,0,1,1,1.0,17.4125,3.1153573956121723,0
0,1,1,45,1,0.0,0.0,0.0,0.0,0.0,0.0,0.0,1,20.0,886.4,1,0,0,1,0,0,1,1,0,0,0,0.0,20.0,0,1,1,0,0,0.0,0.43478260869565216,42.20952380952381,2
0,0,0,21,1,0.0,1.0,0.0,1.0,1.0,0.0,0.0,1,60.25,1258.35,1,1,0,0,0,1,0,0,0,1,0,3.0,15.0625,0,1,0,0,0,0.0,2.7386363636363638,20.544489795918366,1
0,1,1,59,1,0.0,0.0,0.0,0.0,0.0,0.0,0.0,0,20.6,1286.0,1,0,0,1,0,0,1,0,0,0,1,0.0,20.6,0,1,0,0,0,0.0,0.3433333333333334,59.53703703703703,2
0,1,1,4,1,0.0,0.0,0.0,1.0,0.0,0.0,0.0,1,73.75,325.45,1,0,1,0,1,0,0,0,0,1,0,1.0,36.875,0,0,0,1,1,1.0,14.75,4.3538461538461535,0
0,0,0,10,1,1.0,0.0,0.0,0.0,0.0,0.0,1.0,0,86.45,830.85,1,0,1,0,1,0,0,0,0,1,0,2.0,28.816666666666666,1,0,0,1,1,1.0,7.859090909090909,9.500857632933105,0
0,0,0,15,1,1.0,0.0,0.0,0.0,0.0,0.0,0.0,1,49.1,679.55,1,1,0,0,1,0,0,0,0,1,0,1.0,24.55,0,0,0,0,1,0.0,3.06875,13.56387225548902,1
0,0,0,9,0,0.0,1.0,0.0,1.0,1.0,0.0,1.0,0,50.8,463.6,0,1,0,0,0,1,0,0,0,0,1,4.0,10.16,1,1,0,0,0,0.0,5.08,8.94980694980695,0
0,1,1,48,0,0.0,1.0,1.0,0.0,1.0,0.0,0.0,0,39.4,1978.65,1,1,0,0,0,0,1,0,0,0,1,3.0,9.85,0,1,0,0,0,0.0,0.8040816326530612,48.976485148514854,2
0,1,0,10,1,0.0,0.0,0.0,0.0,0.0,0.0,0.0,1,19.95,187.75,1,0,0,1,1,0,0,1,0,0,0,0.0,19.95,0,0,1,0,0,0.0,1.8136363636363635,8.961813842482101,0
0,1,0,42,1,1.0,1.0,1.0,0.0,1.0,0.0,0.0,1,66.4,2727.8,1,1,0,0,1,0,0,0,1,0,0,4.0,13.280000000000001,0,0,1,0,0,0.0,1.544186046511628,40.47181008902077,2
0,0,0,36,1,1.0,0.0,1.0,0.0,0.0,1.0,1.0,1,99.15,3615.6,1,0,1,0,1,0,0,0,0,1,0,4.0,19.830000000000002,1,0,0,1,1,1.0,2.67972972972973,36.10184722915626,1
0,1,1,59,1,0.0,0.0,0.0,0.0,0.0,0.0,0.0,0,19.5,1147.85,0,0,0,1,0,0,1,0,0,0,1,0.0,19.5,0,1,0,0,0,0.0,0.325,55.99268292682926,2
0,1,1,47,1,0.0,0.0,1.0,0.0,1.0,0.0,1.0,0,63.8,3007.25,1,1,0,0,0,0,1,1,0,0,0,3.0,15.95,1,1,1,0,0,0.0,1.3291666666666666,46.408179012345684,2
0,0,0,6,1,0.0,1.0,0.0,0.0,0.0,0.0,1.0,1,59.15,336.7,0,1,0,0,1,0,0,1,0,0,0,2.0,19.716666666666665,1,0,1,0,0,0.0,8.45,5.597672485453034,0
0,0,1,54,1,0.0,1.0,1.0,0.0,1.0,1.0,1.0,1,105.85,5826.65,0,0,1,0,0,1,0,0,0,1,0,5.0,17.641666666666666,1,1,0,0,0,0.0,1.9245454545454543,54.53111839026673,2
0,1,1,72,1,1.0,1.0,1.0,1.0,1.0,1.0,1.0,1,91.95,6614.9,0,1,0,0,0,0,1,0,1,0,0,7.0,11.49375,1,1,1,0,0,0.0,1.2595890410958905,71.16621839698762,3
0,0,0,4,1,0.0,1.0,1.0,0.0,1.0,0.0,1.0,1,94.9,360.55,0,0,1,0,1,0,0,0,0,0,1,4.0,18.98,1,0,0,1,0,0.0,18.98,3.759645464025026,0
1,1,1,66,1,1.0,1.0,1.0,1.0,1.0,1.0,0.0,0,79.4,5154.6,0,1,0,0,0,0,1,0,1,0,0,6.0,11.342857142857143,1,1,1,0,0,0.0,1.1850746268656718,64.11194029850746,3
1,1,0,30,1,1.0,0.0,0.0,0.0,0.0,0.0,0.0,0,77.9,2351.45,0,0,1,0,1,0,0,0,0,0,1,1.0,38.95,0,0,0,1,0,1.0,2.512903225806452,29.802915082382757,1
0,0,0,22,1,1.0,1.0,0.0,0.0,1.0,0.0,0.0,1,59.05,1253.5,1,1,0,0,1,0,0,0,0,0,1,3.0,14.7625,0,0,0,0,0,0.0,2.567391304347826,20.87427144046628,1
0,0,0,47,1,0.0,0.0,0.0,0.0,0.0,0.0,0.0,0,20.15,1046.2,1,0,0,1,0,0,1,0,0,0,1,0.0,20.15,0,1,0,0,0,0.0,0.4197916666666666,49.46572104018913,2
1,0,0,27,1,1.0,0.0,1.0,1.0,0.0,0.0,0.0,1,86.45,2401.05,1,0,1,0,1,0,0,1,0,0,0,3.0,21.6125,0,0,1,1,0,1.0,3.0875,27.456260720411667,1
0,1,0,53,1,0.0,0.0,0.0,1.0,0.0,1.0,1.0,1,94.85,5000.2,1,0,1,0,0,1,0,1,0,0,0,3.0,23.7125,1,1,1,0,0,1.0,1.7564814814814813,52.16692749087115,2
0,1,1,33,1,1.0,0.0,0.0,0.0,0.0,0.0,1.0,0,86.15,2745.7,1,0,1,0,1,0,0,0,1,0,0,2.0,28.71666666666667,1,0,1,1,0,1.0,2.533823529411765,31.505450372920247,1
0,0,0,2,1,0.0,1.0,0.0,0.0,0.0,0.0,0.0,0,50.95,123.05,1,1,0,0,1,0,0,0,0,0,1,1.0,25.475,0,0,0,0,0,0.0,16.983333333333334,2.3686236766121267,0
0,1,1,46,1,1.0,1.0,0.0,1.0,1.0,0.0,1.0,0,99.65,4630.2,1,0,1,0,0,0,1,0,0,0,1,5.0,16.608333333333334,1,1,0,0,0,0.0,2.120212765957447,46.00298062593144,2
0,0,0,65,1,1.0,0.0,1.0,1.0,0.0,1.0,1.0,0,105.1,6631.85,0,0,1,0,0,0,1,0,1,0,0,5.0,17.516666666666666,1,1,1,0,0,1.0,1.5924242424242423,62.505655042412826,3
0,1,0,38,1,0.0,0.0,0.0,0.0,0.0,0.0,0.0,0,20.4,743.5,0,0,0,1,0,0,1,1,0,0,0,0.0,20.4,0,1,1,0,0,0.0,0.523076923076923,34.74299065420561,2
0,0,0,26,1,0.0,0.0,1.0,1.0,0.0,1.0,0.0,0,89.8,2335.3,0,0,1,0,1,0,0,0,0,1,0,3.0,22.45,1,0,0,1,1,1.0,3.325925925925926,25.719162995594715,1
0,0,0,1,1,0.0,0.0,0.0,0.0,0.0,0.0,0.0,1,44.9,44.9,0,1,0,0,1,0,0,0,0,0,1,0.0,44.9,0,0,0,0,0,0.0,22.45,0.9782135076252724,0
1,1,0,71,1,1.0,1.0,1.0,1.0,1.0,1.0,1.0,1,115.05,8016.6,0,0,1,0,0,0,1,1,0,0,0,7.0,14.38125,1,1,1,0,0,0.0,1.5979166666666667,69.07884532529083,3
0,0,0,4,1,1.0,0.0,1.0,0.0,0.0,0.0,1.0,1,90.05,368.1,0,0,1,0,1,0,0,0,0,1,0,3.0,22.5125,1,0,0,1,1,1.0,18.009999999999998,4.042833607907744,0
0,0,0,70,1,1.0,1.0,1.0,1.0,1.0,1.0,1.0,1,113.65,7939.25,1,0,1,0,0,0,1,1,0,0,0,7.0,14.20625,1,1,1,0,0,0.0,1.6007042253521127,69.2477104230266,3
0,1,1,63,0,0.0,1.0,1.0,1.0,0.0,1.0,1.0,0,59.0,3707.6,0,1,0,0,0,0,1,0,0,1,0,5.0,9.833333333333334,1,1,0,0,0,0.0,0.921875,61.79333333333333,3
0,1,1,22,1,0.0,0.0,0.0,0.0,0.0,0.0,0.0,0,20.15,419.9,0,0,0,1,0,1,0,0,0,0,1,0.0,20.15,0,1,0,0,0,0.0,0.8760869565217391,19.85342789598109,1
0,0,0,56,1,1.0,0.0,1.0,0.0,1.0,0.0,1.0,1,94.45,5124.6,0,0,1,0,1,0,0,0,0,1,0,4.0,18.89,1,0,0,1,1,0.0,1.6570175438596493,53.68884232582504,2
0,1,1,58,1,0.0,0.0,0.0,0.0,0.0,0.0,0.0,0,19.55,1079.65,1,0,0,1,0,0,1,0,1,0,0,0.0,19.55,0,1,1,0,0,0.0,0.3313559322033898,52.53771289537713,2
0,0,0,5,1,1.0,0.0,0.0,1.0,0.0,1.0,1.0,1,100.5,514.0,1,0,1,0,1,0,0,0,0,1,0,4.0,20.1,1,0,0,1,1,1.0,16.75,5.064039408866995,0
0,0,0,64,1,0.0,1.0,1.0,0.0,0.0,1.0,1.0,1,100.3,6603.8,0,0,1,0,0,1,0,0,1,0,0,4.0,20.06,1,1,1,0,0,0.0,1.543076923076923,65.19052319842054,3
0,0,0,63,1,1.0,1.0,1.0,1.0,1.0,0.0,1.0,1,80.3,4995.35,1,1,0,0,0,0,1,0,1,0,0,6.0,11.471428571428572,1,1,1,0,0,0.0,1.2546875,61.44341943419435,3
0,1,1,17,1,0.0,0.0,0.0,0.0,0.0,0.0,0.0,0,20.75,418.25,1,0,0,1,0,1,0,0,0,0,1,0.0,20.75,0,1,0,0,0,0.0,1.1527777777777777,19.229885057471265,1
1,1,0,69,1,1.0,1.0,0.0,1.0,1.0,1.0,1.0,1,110.55,7610.1,0,0,1,0,0,1,0,0,0,0,1,6.0,15.792857142857143,1,1,0,0,0,0.0,1.5792857142857142,68.22142536978934,3
0,1,1,70,1,1.0,1.0,1.0,1.0,1.0,0.0,1.0,0,78.35,5445.95,0,1,0,0,0,1,0,1,0,0,0,6.0,11.192857142857141,1,1,1,0,0,0.0,1.1035211267605634,68.63201008191557,3
0,0,0,7,1,0.0,0.0,0.0,0.0,0.0,1.0,1.0,1,66.85,458.1,1,1,0,0,1,0,0,0,0,1,0,2.0,22.28333333333333,1,0,0,0,1,0.0,8.35625,6.751658069270451,0
0,0,0,24,1,0.0,1.0,0.0,0.0,1.0,0.0,0.0,0,54.95,1348.5,0,1,0,0,1,0,0,0,0,1,0,2.0,18.316666666666666,0,0,0,0,1,0.0,2.198,24.101876675603215,1
0,0,0,6,1,0.0,1.0,1.0,0.0,0.0,0.0,0.0,0,55.15,322.9,1,1,0,0,1,0,0,0,0,0,1,2.0,18.383333333333333,0,0,0,0,0,0.0,7.878571428571428,5.7506678539626,0
0,0,0,10,1,1.0,0.0,1.0,0.0,0.0,0.0,0.0,1,80.7,788.8,0,0,1,0,1,0,0,1,0,0,0,2.0,26.900000000000002,0,0,1,1,0,1.0,7.336363636363637,9.654834761321908,0
1,0,0,30,1,1.0,0.0,1.0,0.0,0.0,1.0,1.0,1,99.7,2967.35,1,0,1,0,1,0,0,0,0,1,0,4.0,19.94,1,0,0,1,1,1.0,3.2161290322580647,29.467229394240317,1
1,1,1,72,1,1.0,1.0,1.0,1.0,1.0,1.0,1.0,1,88.05,6425.65,1,1,0,0,0,0,1,0,1,0,0,7.0,11.00625,1,1,1,0,0,0.0,1.2061643835616438,72.1577765300393,3
0,1,0,72,1,1.0,0.0,1.0,1.0,1.0,1.0,1.0,1,85.45,6227.5,0,1,0,0,0,0,1,0,1,0,0,6.0,12.207142857142857,1,1,1,0,0,0.0,1.1705479452054794,72.03585887796415,3
1,1,0,4,1,1.0,1.0,0.0,0.0,0.0,1.0,1.0,1,99.6,347.65,1,0,1,0,1,0,0,0,0,1,0,4.0,19.919999999999998,1,0,0,1,1,0.0,19.919999999999998,3.4557654075546718,0
0,0,1,16,1,0.0,0.0,0.0,0.0,0.0,1.0,0.0,1,81.0,1312.15,1,0,1,0,1,0,0,0,0,1,0,1.0,40.5,1,0,0,1,1,1.0,4.764705882352941,16.001829268292685,1
0,0,0,1,1,0.0,0.0,0.0,0.0,0.0,0.0,0.0,0,20.45,20.45,0,0,0,1,1,0,0,0,0,0,1,0.0,20.45,0,0,0,0,0,0.0,10.225,0.9533799533799534,0
0,1,0,29,1,0.0,0.0,0.0,0.0,0.0,0.0,0.0,0,19.85,573.05,1,0,0,1,1,0,0,0,0,0,1,0.0,19.85,0,0,0,0,0,0.0,0.6616666666666667,27.484412470023976,1
0,0,0,13,1,0.0,0.0,0.0,0.0,0.0,0.0,0.0,1,20.4,251.65,0,0,0,1,1,0,0,0,0,1,0,0.0,20.4,0,0,0,0,1,0.0,1.457142857142857,11.759345794392525,1
1,1,0,1,1,0.0,0.0,0.0,0.0,0.0,0.0,0.0,1,20.85,20.85,1,0,0,1,1,0,0,0,0,0,1,0.0,20.85,0,0,0,0,0,0.0,10.425,0.954233409610984,0
0,1,0,70,1,1.0,0.0,0.0,1.0,0.0,1.0,1.0,1,97.65,6982.5,1,0,1,0,0,1,0,0,0,1,0,4.0,19.53,1,1,0,0,0,1.0,1.3753521126760564,70.78053725291434,3
0,1,1,69,1,1.0,1.0,1.0,1.0,1.0,1.0,0.0,1,105.1,7234.8,1,0,1,0,0,1,0,0,1,0,0,6.0,15.014285714285714,1,1,1,0,0,0.0,1.5014285714285713,68.1885014137606,3
0,1,1,46,1,0.0,1.0,0.0,1.0,1.0,1.0,1.0,0,81.0,3846.35,0,1,0,0,0,0,1,0,0,0,1,5.0,13.5,1,1,0,0,0,0.0,1.7234042553191489,46.90670731707317,2
0,0,1,1,1,0.0,0.0,0.0,0.0,0.0,0.0,0.0,1,44.4,44.4,0,1,0,0,1,0,0,0,0,1,0,0.0,44.4,0,0,0,0,1,0.0,22.2,0.9779735682819384,0
1,1,0,37,1,1.0,0.0,0.0,0.0,0.0,1.0,0.0,1,85.7,3171.15,0,0,1,0,1,0,0,0,0,1,0,2.0,28.566666666666666,1,0,0,1,1,1.0,2.255263157894737,36.57612456747405,2
0,1,1,41,1,0.0,0.0,0.0,0.0,0.0,0.0,0.0,0,19.7,804.25,1,0,0,1,0,0,1,1,0,0,0,0.0,19.7,0,1,1,0,0,0.0,0.46904761904761905,38.85265700483092,2
0,1,0,1,1,0.0,1.0,0.0,0.0,0.0,1.0,1.0,1,95.0,95.0,0,0,1,0,1,0,0,0,0,1,0,3.0,23.75,1,0,0,1,1,0.0,47.5,0.9895833333333334,0
0,1,0,63,1,1.0,0.0,0.0,1.0,1.0,1.0,1.0,0,79.8,5034.05,0,1,0,0,0,0,1,0,1,0,0,5.0,13.299999999999999,1,1,1,0,0,0.0,1.246875,62.302599009900995,3
0,0,1,1,1,1.0,0.0,0.0,0.0,0.0,0.0,0.0,0,25.4,25.4,1,0,0,1,1,0,0,0,0,0,1,1.0,12.7,0,0,0,0,0,0.0,12.7,0.9621212121212122,0
0,1,1,41,1,1.0,1.0,1.0,1.0,0.0,1.0,0.0,1,74.55,3023.55,0,1,0,0,1,0,0,0,1,0,0,5.0,12.424999999999999,1,0,1,0,0,0.0,1.775,40.02051621442754,2
0,1,1,72,0,0.0,1.0,1.0,1.0,1.0,0.0,1.0,1,55.45,4179.2,0,1,0,0,0,0,1,0,1,0,0,5.0,9.241666666666667,1,1,1,0,0,0.0,0.7595890410958904,74.03365810451726,3
1,0,0,16,1,0.0,0.0,0.0,0.0,1.0,1.0,0.0,0,59.4,1023.9,1,1,0,0,1,0,0,0,0,1,0,2.0,19.8,1,0,0,0,1,0.0,3.4941176470588236,16.95198675496689,1
0,0,1,13,1,0.0,1.0,0.0,0.0,0.0,0.0,0.0,1,52.1,670.65,0,1,0,0,1,0,0,0,1,0,0,1.0,26.05,0,0,1,0,0,0.0,3.7214285714285715,12.629943502824858,1
0,1,0,68,1,0.0,0.0,1.0,0.0,1.0,1.0,0.0,0,64.1,4326.25,1,1,0,0,0,0,1,1,0,0,0,3.0,16.025,1,1,1,0,0,0.0,0.9289855072463767,66.45545314900154,3
0,0,1,22,0,0.0,0.0,0.0,1.0,0.0,1.0,1.0,1,49.45,1031.4,1,1,0,0,0,1,0,0,1,0,0,3.0,12.3625,1,1,1,0,0,0.0,2.15,20.444003964321112,1
0,0,0,7,1,0.0,0.0,0.0,0.0,0.0,1.0,0.0,1,80.3,526.7,1,0,1,0,1,0,0,0,0,0,1,1.0,40.15,1,0,0,1,0,1.0,10.0375,6.478474784747848,0
0,1,1,9,1,0.0,0.0,0.0,1.0,1.0,1.0,1.0,0,103.1,970.45,0,0,1,0,1,0,0,0,0,1,0,4.0,20.619999999999997,1,0,0,1,1,0.0,10.309999999999999,9.322286263208454,0
1,1,0,4,1,1.0,0.0,0.0,0.0,0.0,0.0,0.0,0,74.95,308.7,0,0,1,0,1,0,0,0,0,1,0,1.0,37.475,0,0,0,1,1,1.0,14.99,4.064516129032258,0
0,1,0,71,1,1.0,0.0,1.0,1.0,1.0,1.0,1.0,1,83.3,5894.5,1,1,0,0,0,0,1,0,1,0,0,6.0,11.9,1,1,1,0,0,0.0,1.1569444444444443,69.92289442467379,3
0,1,1,72,1,1.0,1.0,1.0,1.0,1.0,1.0,1.0,1,115.8,8476.5,1,0,1,0,0,0,1,1,0,0,0,7.0,14.475,1,1,1,0,0,0.0,1.5863013698630137,72.57277397260275,3
0,1,1,52,1,0.0,0.0,0.0,0.0,0.0,0.0,0.0,0,19.2,1054.75,0,0,0,1,0,0,1,0,0,0,1,0.0,19.2,0,1,0,0,0,0.0,0.3622641509433962,52.21534653465347,2
1,0,0,54,1,1.0,0.0,1.0,0.0,1.0,1.0,0.0,0,72.1,3886.05,1,1,0,0,0,1,0,0,0,0,1,4.0,14.419999999999998,1,1,0,0,0,0.0,1.3109090909090908,53.16073871409029,2
0,1,1,63,1,0.0,0.0,0.0,0.0,0.0,0.0,0.0,0,19.7,1275.85,0,0,0,1,0,0,1,0,0,0,1,0.0,19.7,0,1,0,0,0,0.0,0.3078125,61.63526570048309,3
1,1,0,60,1,1.0,0.0,1.0,1.0,0.0,1.0,1.0,1,105.9,6401.25,1,0,1,0,1,0,0,0,0,1,0,5.0,17.650000000000002,1,0,0,1,1,1.0,1.736065573770492,59.88072965388213,2
0,1,1,22,1,0.0,0.0,0.0,0.0,0.0,0.0,1.0,1,80.15,1790.65,1,0,1,0,1,0,0,0,0,1,0,1.0,40.075,1,0,0,1,1,1.0,3.4847826086956526,22.06592729513247,1
0,1,1,8,1,1.0,0.0,0.0,0.0,0.0,0.0,0.0,0,24.4,203.95,0,0,0,1,0,1,0,0,0,0,1,1.0,12.2,0,1,0,0,0,0.0,2.711111111111111,8.029527559055119,0
1,1,0,27,1,1.0,1.0,0.0,1.0,0.0,0.0,0.0,1,85.9,2220.1,0,0,1,0,0,1,0,0,0,1,0,3.0,21.475,0,1,0,0,0,0.0,3.067857142857143,25.547756041426926,1
0,0,0,1,1,0.0,0.0,0.0,0.0,0.0,0.0,1.0,1,55.7,55.7,0,1,0,0,1,0,0,0,0,0,1,1.0,27.85,1,0,0,0,0,0.0,27.85,0.982363315696649,0
0,0,0,52,0,0.0,1.0,1.0,0.0,1.0,0.0,0.0,0,39.1,1982.1,1,1,0,0,0,0,1,0,0,0,1,3.0,9.775,0,1,0,0,0,0.0,0.7377358490566038,49.428927680798004,2
1,0,0,9,1,1.0,0.0,0.0,0.0,0.0,0.0,1.0,1,83.85,790.15,0,0,1,0,1,0,0,0,0,1,0,2.0,27.95,1,0,0,1,1,1.0,8.385,9.312315851502651,0
0,1,1,33,1,0.0,0.0,0.0,0.0,0.0,0.0,0.0,0,20.1,579.4,1,0,0,1,0,1,0,0,0,0,1,0.0,20.1,0,1,0,0,0,0.0,0.5911764705882353,27.459715639810423,1
0,1,1,40,1,1.0,0.0,0.0,0.0,0.0,0.0,0.0,1,24.8,1024.7,1,0,0,1,0,0,1,0,0,0,1,1.0,12.4,0,1,0,0,0,0.0,0.6048780487804878,39.71705426356589,2
1,0,0,6,1,0.0,1.0,0.0,0.0,0.0,1.0,0.0,1,85.15,503.6,0,0,1,0,1,0,0,1,0,0,0,2.0,28.383333333333336,1,0,1,1,0,0.0,12.164285714285715,5.845618107951248,0
0,0,0,5,1,0.0,0.0,0.0,1.0,0.0,1.0,1.0,1,70.05,346.4,0,1,0,0,1,0,0,0,0,1,0,3.0,17.5125,1,0,0,0,1,0.0,11.674999999999999,4.875439831104855,0
0,1,1,5,1,0.0,0.0,1.0,0.0,0.0,0.0,1.0,1,83.6,404.2,1,0,1,0,1,0,0,0,0,1,0,2.0,27.866666666666664,1,0,0,1,1,1.0,13.933333333333332,4.777777777777778,0
0,0,0,13,1,1.0,0.0,0.0,0.0,0.0,0.0,0.0,1,75.0,999.45,1,0,1,0,1,0,0,0,0,0,1,1.0,37.5,0,0,0,1,0,1.0,5.357142857142857,13.150657894736844,1
0,0,0,1,1,0.0,0.0,0.0,0.0,0.0,0.0,0.0,0,45.8,45.8,1,1,0,0,1,0,0,0,0,1,0,0.0,45.8,0,0,0,0,1,0.0,22.9,0.9786324786324786,0
0,0,0,15,1,1.0,1.0,0.0,0.0,0.0,1.0,0.0,1,87.75,1242.2,0,0,1,0,1,0,0,1,0,0,0,3.0,21.9375,1,0,1,1,0,0.0,5.484375,13.99661971830986,1
0,1,1,13,1,0.0,0.0,0.0,0.0,0.0,0.0,0.0,0,20.0,218.55,0,0,0,1,0,1,0,0,0,0,1,0.0,20.0,0,1,0,0,0,0.0,1.4285714285714286,10.407142857142858,1
0,0,0,12,1,1.0,0.0,0.0,0.0,1.0,1.0,1.0,1,75.85,854.45,1,1,0,0,0,1,0,0,0,0,1,4.0,15.169999999999998,1,1,0,0,0,0.0,5.834615384615384,11.118412491867275,0
0,0,0,19,1,0.0,0.0,0.0,0.0,0.0,0.0,0.0,1,45.0,865.85,0,1,0,0,1,0,0,1,0,0,0,0.0,45.0,0,0,1,0,0,0.0,2.25,18.82282608695652,1
0,1,1,56,1,1.0,0.0,0.0,0.0,0.0,0.0,0.0,1,24.45,1431.65,0,0,0,1,0,1,0,0,0,0,1,1.0,12.225,0,1,0,0,0,0.0,0.42894736842105263,56.253438113948924,2
0,0,0,72,1,0.0,0.0,0.0,0.0,0.0,0.0,0.0,0,19.85,1434.1,0,0,0,1,0,0,1,1,0,0,0,0.0,19.85,0,1,1,0,0,0.0,0.2719178082191781,68.78177458033572,3
0,1,1,30,1,0.0,0.0,1.0,1.0,1.0,1.0,1.0,0,80.8,2369.3,1,1,0,0,0,0,1,1,0,0,0,5.0,13.466666666666667,1,1,1,0,0,0.0,2.606451612903226,28.964547677261617,1
1,1,0,10,1,0.0,1.0,0.0,0.0,0.0,0.0,0.0,0,75.3,720.45,0,0,1,0,1,0,0,0,0,1,0,1.0,37.65,0,0,0,1,1,0.0,6.845454545454545,9.442332896461338,0
0,0,0,20,1,0.0,0.0,0.0,0.0,0.0,0.0,0.0,1,19.7,415.9,0,0,0,1,0,1,0,0,0,0,1,0.0,19.7,0,1,0,0,0,0.0,0.9380952380952381,20.091787439613526,1
0,0,0,5,1,0.0,0.0,0.0,0.0,1.0,0.0,0.0,1,49.2,216.9,0,1,0,0,1,0,0,0,0,1,0,1.0,24.6,0,0,0,0,1,0.0,8.200000000000001,4.320717131474104,0
0,0,0,9,1,0.0,0.0,0.0,0.0,0.0,0.0,0.0,1,19.9,164.6,0,0,0,1,0,1,0,0,0,1,0,0.0,19.9,0,1,0,0,0,0.0,1.9899999999999998,7.875598086124402,0
0,0,0,34,0,0.0,0.0,0.0,0.0,0.0,0.0,0.0,1,25.05,852.7,0,1,0,0,1,0,0,1,0,0,0,0.0,25.05,0,0,1,0,0,0.0,0.7157142857142857,32.73320537428023,1
0,1,0,27,1,0.0,1.0,0.0,0.0,0.0,0.0,0.0,0,48.7,1421.75,0,1,0,0,0,1,0,0,1,0,0,1.0,24.35,0,1,1,0,0,0.0,1.7392857142857143,28.606639839034205,1
0,0,0,24,1,1.0,0.0,0.0,0.0,0.0,1.0,1.0,1,94.1,2322.85,0,0,1,0,1,0,0,0,0,1,0,3.0,23.525,1,0,0,1,1,1.0,3.764,24.42534174553102,1
1,1,0,34,1,0.0,0.0,0.0,1.0,1.0,1.0,0.0,0,64.2,2106.3,1,1,0,0,0,1,0,1,0,0,0,3.0,16.05,1,1,1,0,0,0.0,1.8342857142857143,32.30521472392638,1
0,1,1,21,1,1.0,1.0,0.0,0.0,0.0,1.0,1.0,1,75.9,1549.75,0,1,0,0,0,1,0,1,0,0,0,4.0,15.180000000000001,1,1,1,0,0,0.0,3.45,20.152795838751626,1
0,1,1,7,1,0.0,0.0,0.0,0.0,0.0,0.0,0.0,0,44.75,333.65,0,1,0,0,1,0,0,0,0,1,0,0.0,44.75,0,0,0,0,1,0.0,5.59375,7.292896174863388,0
0,0,0,46,1,0.0,0.0,0.0,0.0,0.0,0.0,0.0,0,44.95,2168.9,1,1,0,0,1,0,0,1,0,0,0,0.0,44.95,0,0,1,0,0,0.0,0.9563829787234043,47.201305767138194,2
0,1,1,5,1,1.0,0.0,1.0,0.0,0.0,0.0,0.0,1,80.15,385.0,0,0,1,0,1,0,0,0,0,1,0,2.0,26.71666666666667,0,0,0,1,1,1.0,13.358333333333334,4.74430067775724,0
0,0,0,65,1,1.0,1.0,0.0,1.0,1.0,1.0,1.0,1,110.0,7138.65,0,0,1,0,0,1,0,0,1,0,0,6.0,15.714285714285714,1,1,1,0,0,0.0,1.6666666666666667,64.31216216216215,3
0,0,0,2,1,0.0,0.0,0.0,0.0,0.0,0.0,0.0,0,70.7,129.2,0,0,1,0,1,0,0,0,0,0,1,0.0,70.7,0,0,0,1,0,1.0,23.566666666666666,1.8019525801952578,0
0,1,1,65,1,1.0,1.0,1.0,1.0,0.0,0.0,1.0,0,72.45,4653.85,0,1,0,0,0,1,0,0,1,0,0,5.0,12.075000000000001,1,1,1,0,0,0.0,1.0977272727272727,63.360789652825055,3
1,1,0,24,1,1.0,0.0,0.0,0.0,0.0,1.0,1.0,1,93.55,2264.05,1,0,1,0,1,0,0,0,0,1,0,3.0,23.3875,1,0,0,1,1,1.0,3.742,23.945531464833426,1
0,0,0,43,1,0.0,1.0,0.0,0.0,0.0,0.0,0.0,1,75.2,3198.6,0,0,1,0,1,0,0,0,0,1,0,1.0,37.6,0,0,0,1,1,0.0,1.7090909090909092,41.976377952755904,2
0,1,1,18,1,0.0,1.0,0.0,1.0,1.0,1.0,1.0,0,83.25,1611.15,0,1,0,0,1,0,0,0,0,1,0,5.0,13.875,1,0,0,0,1,0.0,4.381578947368421,19.123442136498518,1
0,1,1,39,0,0.0,0.0,0.0,0.0,0.0,0.0,0.0,1,25.25,947.75,0,1,0,0,0,1,0,0,1,0,0,0.0,25.25,0,1,1,0,0,0.0,0.63125,36.10476190476191,2
0,0,0,22,1,1.0,0.0,1.0,0.0,0.0,0.0,0.0,1,78.85,1600.25,0,0,1,0,1,0,0,0,0,0,1,2.0,26.28333333333333,0,0,0,1,0,1.0,3.428260869565217,20.040701314965563,1
0,0,0,1,1,0.0,0.0,0.0,0.0,0.0,0.0,1.0,0,79.6,79.6,0,0,1,0,1,0,0,0,0,1,0,1.0,39.8,1,0,0,1,1,1.0,39.8,0.9875930521091811,0
0,0,1,25,1,0.0,0.0,0.0,0.0,0.0,0.0,0.0,0,20.8,460.2,0,0,0,1,1,0,0,0,0,0,1,0.0,20.8,0,0,0,0,0,0.0,0.8,21.110091743119266,1
0,0,0,29,1,1.0,1.0,1.0,0.0,1.0,0.0,0.0,0,67.45,1801.1,1,1,0,0,1,0,0,0,0,0,1,4.0,13.49,0,0,0,0,0,0.0,2.2483333333333335,26.31263696128561,1
0,0,0,29,1,1.0,0.0,0.0,0.0,0.0,1.0,1.0,1,71.0,2080.1,1,1,0,0,0,1,0,0,1,0,0,3.0,17.75,1,1,1,0,0,0.0,2.3666666666666667,28.890277777777776,1
0,1,1,1,1,0.0,0.0,0.0,0.0,0.0,0.0,0.0,0,20.35,20.35,1,0,0,1,0,0,1,0,0,0,1,0.0,20.35,0,1,0,0,0,0.0,10.175,0.9531615925058547,0
0,1,1,72,1,0.0,1.0,1.0,1.0,1.0,0.0,1.0,1,74.35,5237.4,1,1,0,0,0,0,1,0,0,1,0,5.0,12.391666666666666,1,1,0,0,0,0.0,1.0184931506849315,69.50763105507632,3
1,0,0,55,0,0.0,0.0,0.0,1.0,0.0,1.0,1.0,1,50.05,2743.45,0,1,0,0,0,1,0,1,0,0,0,3.0,12.5125,1,1,1,0,0,0.0,0.8937499999999999,53.74045053868756,2
0,1,0,48,1,1.0,1.0,1.0,1.0,0.0,1.0,0.0,1,96.9,4473.45,0,0,1,0,0,0,1,1,0,0,0,5.0,16.150000000000002,1,1,1,0,0,0.0,1.9775510204081634,45.69407558733401,2
0,1,0,70,1,1.0,1.0,1.0,1.0,1.0,1.0,1.0,1,94.8,6859.05,1,1,0,0,0,0,1,0,1,0,0,7.0,11.85,1,1,1,0,0,0.0,1.3352112676056338,71.59759916492693,3
0,0,0,8,1,0.0,0.0,0.0,0.0,0.0,1.0,0.0,1,80.1,679.3,1,0,1,0,1,0,0,1,0,0,0,1.0,40.05,1,0,1,1,0,1.0,8.899999999999999,8.376078914919852,0
1,0,0,10,1,0.0,0.0,0.0,0.0,0.0,0.0,1.0,1,79.25,793.55,0,0,1,0,1,0,0,0,0,1,0,1.0,39.625,1,0,0,1,1,1.0,7.204545454545454,9.88847352024922,0
0,0,0,64,1,1.0,0.0,1.0,0.0,1.0,1.0,1.0,1,105.65,6903.1,0,0,1,0,0,1,0,0,1,0,0,5.0,17.608333333333334,1,1,1,0,0,0.0,1.6253846153846154,64.72667604313173,3
0,1,1,27,1,0.0,1.0,1.0,0.0,0.0,0.0,0.0,1,54.75,1510.3,0,1,0,0,1,0,0,0,1,0,0,2.0,18.25,0,0,1,0,0,0.0,1.9553571428571428,27.090582959641253,1
0,0,0,48,1,1.0,1.0,1.0,1.0,0.0,1.0,1.0,1,83.45,3887.85,1,1,0,0,0,1,0,0,1,0,0,6.0,11.921428571428573,1,1,1,0,0,0.0,1.703061224489796,46.03730017761989,2
0,1,1,45,1,1.0,0.0,0.0,0.0,0.0,0.0,0.0,1,25.9,1216.6,1,0,0,1,0,1,0,0,1,0,0,1.0,12.95,0,1,1,0,0,0.0,0.5630434782608695,45.226765799256505,2
0,0,0,12,1,1.0,0.0,0.0,0.0,0.0,0.0,1.0,1,86.55,1066.9,1,0,1,0,1,0,0,0,0,1,0,2.0,28.849999999999998,1,0,0,1,1,1.0,6.657692307692307,12.186179326099372,0
0,1,0,71,1,1.0,0.0,0.0,0.0,0.0,0.0,0.0,0,24.45,1730.65,0,0,0,1,0,0,1,1,0,0,0,1.0,12.225,0,1,1,0,0,0.0,0.33958333333333335,68.00196463654224,3
0,0,0,1,1,0.0,0.0,0.0,0.0,0.0,0.0,0.0,0,70.5,70.5,1,0,1,0,1,0,0,0,0,1,0,0.0,70.5,0,0,0,1,1,1.0,35.25,0.986013986013986,0
0,1,1,70,1,0.0,0.0,0.0,0.0,0.0,0.0,0.0,0,20.05,1360.25,0,0,0,1,0,0,1,0,1,0,0,0.0,20.05,0,1,1,0,0,0.0,0.2823943661971831,64.61995249406175,3
1,0,0,29,1,1.0,1.0,1.0,0.0,0.0,0.0,0.0,1,58.55,1718.95,1,1,0,0,1,0,0,1,0,0,0,3.0,14.6375,0,0,1,0,0,0.0,1.9516666666666667,28.865659109991604,1
0,1,1,58,1,0.0,0.0,1.0,1.0,0.0,1.0,0.0,1,91.55,5511.65,1,0,1,0,1,0,0,0,0,1,0,3.0,22.8875,1,0,0,1,1,1.0,1.5516949152542372,59.55321447866018,2
0,0,0,5,1,0.0,1.0,0.0,0.0,1.0,1.0,0.0,1,64.35,352.65,1,1,0,0,1,0,0,0,0,1,0,3.0,16.0875,1,0,0,0,1,0.0,10.725,5.396327467482785,0
0,0,0,6,1,0.0,0.0,0.0,0.0,0.0,0.0,0.0,0,20.65,109.3,0,0,0,1,1,0,0,0,0,0,1,0.0,20.65,0,0,0,0,0,0.0,2.9499999999999997,5.0484988452655895,0
0,1,1,71,0,0.0,1.0,1.0,0.0,1.0,1.0,1.0,0,59.7,4122.65,1,1,0,0,0,0,1,1,0,0,0,5.0,9.950000000000001,1,1,1,0,0,0.0,0.8291666666666667,67.91845140032947,3
0,1,1,68,0,0.0,1.0,1.0,0.0,0.0,1.0,0.0,0,44.8,2983.65,0,1,0,0,0,1,0,0,0,0,1,3.0,11.2,1,1,0,0,0,0.0,0.6492753623188405,65.14519650655022,3
0,0,0,1,1,0.0,0.0,0.0,0.0,0.0,0.0,0.0,0,70.6,70.6,0,0,1,0,1,0,0,0,0,0,1,0.0,70.6,0,0,0,1,0,1.0,35.3,0.9860335195530726,0
0,1,1,50,1,0.0,1.0,0.0,0.0,1.0,1.0,1.0,0,75.5,4025.6,0,1,0,0,0,1,0,0,0,1,0,4.0,15.1,1,1,0,0,0,0.0,1.4803921568627452,52.62222222222222,2
0,0,0,39,1,0.0,0.0,0.0,0.0,1.0,0.0,1.0,0,59.3,2209.15,1,1,0,0,0,1,0,0,0,1,0,2.0,19.766666666666666,1,1,0,0,0,0.0,1.4825,36.63598673300166,2
0,0,0,66,1,0.0,1.0,0.0,1.0,1.0,1.0,1.0,1,105.65,6844.5,0,0,1,0,0,0,1,1,0,0,0,5.0,17.608333333333334,1,1,1,0,0,0.0,1.576865671641791,64.17721518987341,3
0,1,1,67,1,0.0,1.0,1.0,0.0,1.0,0.0,0.0,0,60.05,3994.05,0,1,0,0,0,1,0,0,0,0,1,3.0,15.0125,0,1,0,0,0,0.0,0.8830882352941176,65.42260442260442,3
0,1,0,66,1,0.0,1.0,1.0,1.0,1.0,1.0,1.0,1,85.9,5595.3,0,1,0,0,0,0,1,1,0,0,0,6.0,12.271428571428572,1,1,1,0,0,0.0,1.282089552238806,64.38780207134637,3
0,0,0,9,1,0.0,0.0,1.0,1.0,0.0,0.0,0.0,0,80.55,653.9,1,0,1,0,1,0,0,0,0,1,0,2.0,26.849999999999998,0,0,0,1,1,1.0,8.055,8.018393623543838,0
1,0,0,39,1,1.0,0.0,0.0,0.0,0.0,1.0,1.0,1,95.65,3759.05,0,0,1,0,1,0,0,1,0,0,0,3.0,23.9125,1,0,1,1,0,1.0,2.3912500000000003,38.893429901707194,2
0,0,0,12,1,0.0,0.0,1.0,0.0,0.0,0.0,0.0,1,49.4,611.65,1,1,0,0,1,0,0,0,0,1,0,1.0,24.7,0,0,0,0,1,0.0,3.8,12.135912698412698,0
0,0,0,17,1,0.0,0.0,0.0,0.0,0.0,0.0,0.0,0,19.15,343.45,0,0,0,1,0,0,1,0,0,0,1,0.0,19.15,0,1,0,0,0,0.0,1.0638888888888889,17.04466501240695,1
1,0,0,26,1,0.0,0.0,0.0,0.0,0.0,0.0,0.0,0,19.3,504.2,0,0,0,1,0,1,0,0,1,0,0,0.0,19.3,0,1,1,0,0,0.0,0.7148148148148148,24.83743842364532,1
0,1,0,12,1,0.0,0.0,0.0,1.0,1.0,1.0,1.0,1,74.15,741.4,0,1,0,0,1,0,0,0,0,1,0,4.0,14.830000000000002,1,0,0,0,1,0.0,5.703846153846154,9.865602129075182,0
1,0,0,16,1,1.0,1.0,0.0,0.0,0.0,0.0,0.0,1,54.1,889.0,1,1,0,0,1,0,0,0,0,1,0,2.0,18.033333333333335,0,0,0,0,1,0.0,3.182352941176471,16.13430127041742,1
0,1,0,56,1,1.0,0.0,1.0,0.0,0.0,1.0,1.0,0,100.3,5614.45,0,0,1,0,0,1,0,0,1,0,0,4.0,20.06,1,1,1,0,0,1.0,1.7596491228070175,55.423988153998025,2
0,0,0,50,1,0.0,0.0,0.0,1.0,1.0,0.0,1.0,1,89.7,4304.5,1,0,1,0,0,0,1,1,0,0,0,3.0,22.425,1,1,1,0,0,0.0,1.7588235294117647,47.45865490628445,2
0,1,1,64,1,0.0,1.0,0.0,0.0,1.0,1.0,0.0,0,65.8,4068.0,1,1,0,0,0,1,0,0,0,0,1,3.0,16.45,1,1,0,0,0,0.0,1.0123076923076924,60.898203592814376,3
0,0,0,13,1,0.0,1.0,0.0,0.0,0.0,0.0,0.0,1,73.75,956.65,0,0,1,0,1,0,0,0,1,0,0,1.0,36.875,0,0,1,1,0,0.0,5.267857142857143,12.79799331103679,1
0,0,1,6,1,0.0,0.0,0.0,0.0,0.0,0.0,0.0,0,19.7,111.65,0,0,0,1,1,0,0,0,0,0,1,0.0,19.7,0,0,0,0,0,0.0,2.814285714285714,5.393719806763285,0
0,1,1,1,1,0.0,0.0,0.0,0.0,0.0,0.0,0.0,0,18.8,18.8,0,0,0,1,0,1,0,0,0,0,1,0.0,18.8,0,1,0,0,0,0.0,9.4,0.9494949494949495,0
0,0,0,69,1,1.0,1.0,1.0,1.0,1.0,0.0,1.0,1,81.5,5553.25,0,1,0,0,0,0,1,0,1,0,0,6.0,11.642857142857142,1,1,1,0,0,0.0,1.1642857142857144,67.31212121212121,3
0,1,1,15,1,0.0,0.0,0.0,0.0,0.0,0.0,0.0,1,20.0,288.05,0,0,0,1,1,0,0,0,0,1,0,0.0,20.0,0,0,0,0,1,0.0,1.25,13.716666666666667,1
0,0,0,15,1,0.0,0.0,0.0,1.0,0.0,1.0,0.0,0,85.3,1219.85,0,0,1,0,1,0,0,0,0,1,0,2.0,28.433333333333334,1,0,0,1,1,1.0,5.33125,14.134994206257241,1
0,0,0,14,1,0.0,0.0,0.0,0.0,1.0,0.0,1.0,0,59.1,772.85,1,1,0,0,0,1,0,0,1,0,0,2.0,19.7,1,1,1,0,0,0.0,3.94,12.859400998336106,1
0,1,1,69,1,1.0,0.0,1.0,1.0,0.0,1.0,1.0,1,105.0,7297.75,0,0,1,0,0,0,1,0,0,1,0,5.0,17.5,1,1,0,0,0,1.0,1.5,68.84669811320755,3
0,0,0,18,1,1.0,0.0,0.0,1.0,1.0,1.0,1.0,1,82.0,1425.45,0,1,0,0,0,1,0,0,1,0,0,5.0,13.666666666666666,1,1,1,0,0,0.0,4.315789473684211,17.174096385542168,1
1,1,0,21,1,0.0,0.0,0.0,0.0,0.0,0.0,0.0,1,69.1,1474.75,0,0,1,0,1,0,0,0,0,1,0,0.0,69.1,0,0,0,1,1,1.0,3.1409090909090907,21.037803138373754,1
0,0,0,25,1,1.0,0.0,0.0,0.0,0.0,1.0,0.0,1,84.6,2088.05,1,0,1,0,1,0,0,0,0,0,1,2.0,28.2,1,0,0,1,0,1.0,3.253846153846154,24.393107476635517,1
0,1,0,57,1,1.0,0.0,1.0,1.0,1.0,1.0,0.0,0,74.6,4368.95,1,1,0,0,0,1,0,1,0,0,0,5.0,12.433333333333332,1,1,1,0,0,0.0,1.286206896551724,57.79034391534392,2
0,0,0,5,1,0.0,0.0,0.0,1.0,1.0,1.0,1.0,0,75.15,392.65,0,1,0,0,1,0,0,1,0,0,0,4.0,15.030000000000001,1,0,1,0,0,0.0,12.525,5.1562705187130655,0
0,0,1,6,1,0.0,0.0,0.0,0.0,0.0,0.0,0.0,0,19.65,100.9,0,0,0,1,1,0,0,0,0,0,1,0.0,19.65,0,0,0,0,0,0.0,2.807142857142857,4.886198547215497,0
1,0,0,4,1,1.0,0.0,0.0,0.0,0.0,1.0,1.0,1,94.3,424.45,1,0,1,0,1,0,0,0,0,1,0,3.0,23.575,1,0,0,1,1,1.0,18.86,4.45383001049318,0
1,1,0,7,1,0.0,0.0,0.0,0.0,0.0,0.0,0.0,1,70.1,467.55,0,0,1,0,1,0,0,0,0,0,1,0.0,70.1,0,0,0,1,0,1.0,8.7625,6.575949367088608,0
0,0,0,3,0,0.0,0.0,0.0,0.0,0.0,0.0,0.0,0,25.1,79.8,0,1,0,0,1,0,0,0,0,1,0,0.0,25.1,0,0,0,0,1,0.0,6.275,3.0574712643678157,0
0,1,1,60,0,0.0,1.0,0.0,1.0,1.0,1.0,1.0,0,59.85,3590.2,1,1,0,0,0,0,1,0,1,0,0,5.0,9.975,1,1,1,0,0,0.0,0.9811475409836066,59.000821692686934,2
0,0,1,31,1,1.0,0.0,0.0,0.0,0.0,1.0,0.0,1,86.55,2697.4,1,0,1,0,1,0,0,0,1,0,0,2.0,28.849999999999998,1,0,1,1,0,1.0,2.7046875,30.80982295830954,1
0,1,1,23,1,0.0,1.0,1.0,0.0,1.0,0.0,0.0,1,57.75,1282.85,1,1,0,0,0,1,0,0,0,0,1,3.0,14.4375,0,1,0,0,0,0.0,2.40625,21.83574468085106,1
0,0,0,20,0,0.0,1.0,1.0,1.0,1.0,1.0,0.0,1,55.0,1165.55,0,1,0,0,1,0,0,0,1,0,0,5.0,9.166666666666666,1,0,1,0,0,0.0,2.619047619047619,20.813392857142855,1
0,1,0,67,1,1.0,0.0,1.0,1.0,1.0,1.0,1.0,0,86.15,5883.85,1,1,0,0,0,0,1,1,0,0,0,6.0,12.307142857142859,1,1,1,0,0,0.0,1.2669117647058825,67.5140562248996,3
0,0,0,9,1,0.0,0.0,0.0,0.0,0.0,0.0,0.0,0,20.15,238.15,1,0,0,1,1,0,0,1,0,0,0,0.0,20.15,0,0,1,0,0,0.0,2.0149999999999997,11.260047281323878,0
0,1,1,72,1,0.0,1.0,1.0,1.0,0.0,0.0,1.0,0,68.75,4888.2,1,1,0,0,0,0,1,0,1,0,0,4.0,13.75,1,1,1,0,0,0.0,0.9417808219178082,70.08172043010752,3
0,0,0,41,1,0.0,0.0,0.0,0.0,0.0,0.0,0.0,0,20.45,775.6,1,0,0,1,1,0,0,0,0,1,0,0.0,20.45,0,0,0,0,1,0.0,0.4869047619047619,36.15850815850816,2
0,1,1,45,1,1.0,1.0,1.0,1.0,1.0,1.0,0.0,0,81.3,3541.1,1,1,0,0,1,0,0,0,0,0,1,6.0,11.614285714285714,1,0,0,0,0,0.0,1.767391304347826,43.026731470230864,2
0,1,1,53,1,0.0,0.0,1.0,0.0,1.0,1.0,0.0,0,65.0,3363.8,0,1,0,0,1,0,0,0,1,0,0,3.0,16.25,1,0,1,0,0,0.0,1.2037037037037037,50.96666666666667,2
0,1,1,52,1,1.0,0.0,0.0,0.0,0.0,0.0,0.0,0,24.8,1229.1,0,0,0,1,0,0,1,0,0,0,1,1.0,12.4,0,1,0,0,0,0.0,0.4679245283018868,47.63953488372093,2
0,1,0,63,1,0.0,1.0,1.0,1.0,1.0,1.0,1.0,1,110.1,6705.7,0,0,1,0,0,0,1,0,1,0,0,6.0,15.728571428571428,1,1,1,0,0,0.0,1.7203125,60.35733573357336,3
0,0,0,54,1,1.0,0.0,1.0,0.0,0.0,1.0,1.0,1,97.2,5129.45,1,0,1,0,0,0,1,1,0,0,0,4.0,19.44,1,1,1,0,0,1.0,1.7672727272727273,52.234725050916495,2
0,0,0,9,1,0.0,0.0,0.0,0.0,0.0,0.0,0.0,0,20.4,181.8,0,0,0,1,1,0,0,0,0,0,1,0.0,20.4,0,0,0,0,0,0.0,2.04,8.49532710280374,0
0,1,0,69,1,1.0,1.0,1.0,1.0,1.0,1.0,1.0,1,116.0,8182.85,1,0,1,0,0,0,1,0,0,1,0,7.0,14.5,1,1,0,0,0,0.0,1.6571428571428573,69.9388888888889,3
0,1,1,13,1,1.0,0.0,0.0,0.0,0.0,0.0,0.0,1,25.0,332.5,1,0,0,1,0,0,1,1,0,0,0,1.0,12.5,0,1,1,0,0,0.0,1.7857142857142858,12.788461538461538,1
0,0,0,72,1,1.0,0.0,0.0,1.0,1.0,1.0,1.0,1,107.5,7853.7,1,0,1,0,0,0,1,0,1,0,0,5.0,17.916666666666668,1,1,1,0,0,0.0,1.4726027397260273,72.38433179723502,3
0,1,0,9,1,1.0,1.0,1.0,1.0,0.0,0.0,0.0,0,91.75,865.8,1,0,1,0,1,0,0,1,0,0,0,4.0,18.35,0,0,1,1,0,0.0,9.175,9.33477088948787,0
0,1,1,72,1,0.0,0.0,0.0,0.0,0.0,0.0,0.0,0,20.35,1354.4,0,0,0,1,0,0,1,0,0,1,0,0.0,20.35,0,1,0,0,0,0.0,0.2787671232876712,63.43793911007026,3
0,0,0,66,1,0.0,1.0,1.0,1.0,0.0,0.0,0.0,1,61.15,4017.45,1,1,0,0,0,0,1,1,0,0,0,3.0,15.2875,0,1,1,0,0,0.0,0.9126865671641791,64.64119066773934,3
1,0,0,15,1,0.0,0.0,1.0,0.0,0.0,0.0,0.0,1,74.4,1074.3,0,0,1,0,1,0,0,0,0,1,0,1.0,37.2,0,0,0,1,1,1.0,4.65,14.248010610079573,1
1,0,0,4,1,0.0,0.0,1.0,0.0,0.0,0.0,0.0,0,72.75,317.75,1,0,1,0,1,0,0,0,0,1,0,1.0,36.375,0,0,0,1,1,1.0,14.55,4.308474576271187,0
0,1,1,15,1,0.0,0.0,1.0,1.0,1.0,1.0,1.0,0,76.5,1155.6,1,1,0,0,1,0,0,1,0,0,0,5.0,12.75,1,0,1,0,0,0.0,4.78125,14.910967741935483,1
0,1,1,51,0,0.0,1.0,1.0,1.0,0.0,1.0,1.0,0,59.3,3014.65,0,1,0,0,0,1,0,0,0,1,0,5.0,9.883333333333333,1,1,0,0,0,0.0,1.1403846153846153,49.994195688225545,2
0,0,0,41,1,0.0,0.0,0.0,0.0,0.0,0.0,0.0,0,70.25,2868.05,1,0,1,0,1,0,0,1,0,0,0,0.0,70.25,0,0,1,1,0,1.0,1.6726190476190477,40.25333333333334,2
0,0,0,64,1,0.0,0.0,0.0,0.0,0.0,0.0,0.0,0,19.55,1240.15,0,0,0,1,0,0,1,0,0,0,1,0.0,19.55,0,1,0,0,0,0.0,0.3007692307692308,60.34793187347932,3
0,1,1,45,0,0.0,0.0,1.0,1.0,1.0,0.0,1.0,0,51.0,2264.5,1,1,0,0,0,1,0,1,0,0,0,4.0,10.2,1,1,1,0,0,0.0,1.108695652173913,43.54807692307692,2
0,1,1,15,1,0.0,1.0,0.0,0.0,1.0,1.0,1.0,0,101.9,1667.25,0,0,1,0,0,1,0,0,0,1,0,4.0,20.380000000000003,1,1,0,0,0,0.0,6.36875,16.20262390670554,1
1,0,0,69,1,0.0,0.0,0.0,0.0,0.0,0.0,0.0,0,20.3,1356.3,0,0,0,1,0,0,1,0,1,0,0,0.0,20.3,0,1,1,0,0,0.0,0.29000000000000004,63.67605633802817,3
0,0,0,36,1,0.0,1.0,0.0,1.0,1.0,1.0,1.0,1,79.2,2854.95,0,1,0,0,1,0,0,0,1,0,0,5.0,13.200000000000001,1,0,1,0,0,0.0,2.1405405405405404,35.59788029925187,1
0,1,1,72,1,1.0,1.0,1.0,1.0,1.0,1.0,1.0,1,93.25,6688.95,1,1,0,0,0,0,1,1,0,0,0,7.0,11.65625,1,1,1,0,0,0.0,1.2773972602739727,70.97029177718832,3
0,1,0,71,1,1.0,0.0,0.0,1.0,0.0,1.0,1.0,1,98.65,6962.85,0,0,1,0,0,1,0,0,1,0,0,4.0,19.73,1,1,1,0,0,1.0,1.370138888888889,69.87305569493226,3
1,0,0,66,1,1.0,1.0,0.0,0.0,0.0,1.0,1.0,1,102.4,6471.85,1,0,1,0,0,0,1,1,0,0,0,4.0,20.48,1,1,1,0,0,0.0,1.528358208955224,62.590425531914896,3
0,0,0,3,1,0.0,1.0,0.0,0.0,1.0,0.0,0.0,1,82.3,214.4,0,0,1,0,1,0,0,0,0,0,1,2.0,27.433333333333334,0,0,0,1,0,0.0,20.575,2.5738295318127253,0
0,0,0,2,1,0.0,0.0,0.0,0.0,0.0,0.0,0.0,1,20.7,39.85,1,0,0,1,1,0,0,1,0,0,0,0.0,20.7,0,0,1,0,0,0.0,6.8999999999999995,1.8364055299539173,0
0,0,0,60,1,1.0,0.0,0.0,1.0,0.0,0.0,0.0,1,79.2,4765.0,1,0,1,0,0,1,0,1,0,0,0,2.0,26.400000000000002,0,1,1,0,0,1.0,1.298360655737705,59.413965087281795,2
0,1,1,72,1,1.0,1.0,0.0,1.0,1.0,0.0,0.0,1,66.5,4811.6,0,1,0,0,0,0,1,0,1,0,0,4.0,13.3,0,1,1,0,0,0.0,0.910958904109589,71.28296296296297,3
0,0,0,48,1,1.0,0.0,1.0,1.0,0.0,1.0,1.0,1,106.1,5082.8,0,0,1,0,0,1,0,0,1,0,0,5.0,17.683333333333334,1,1,1,0,0,1.0,2.1653061224489796,47.45845004668534,2
0,0,1,1,1,0.0,1.0,0.0,0.0,1.0,0.0,0.0,0,54.5,54.5,1,1,0,0,1,0,0,0,0,1,0,2.0,18.166666666666668,0,0,0,0,1,0.0,27.25,0.9819819819819819,0
0,0,1,8,0,0.0,1.0,0.0,0.0,1.0,0.0,1.0,1,44.55,343.45,0,1,0,0,0,0,1,0,0,0,1,3.0,11.1375,1,1,0,0,0,0.0,4.949999999999999,7.54006586169045,0
0,0,0,42,1,0.0,1.0,1.0,0.0,1.0,0.0,1.0,1,67.7,2882.25,1,1,0,0,0,1,0,0,0,0,1,4.0,13.540000000000001,1,1,0,0,0,0.0,1.5744186046511628,41.95414847161572,2
0,0,0,20,1,0.0,0.0,0.0,0.0,0.0,0.0,0.0,0,70.55,1493.55,0,0,1,0,1,0,0,0,1,0,0,0.0,70.55,0,0,1,1,0,1.0,3.3595238095238096,20.87421383647799,1
0,0,0,48,1,0.0,0.0,0.0,0.0,0.0,0.0,0.0,0,19.85,916.0,0,0,0,1,0,0,1,0,1,0,0,0.0,19.85,0,1,1,0,0,0.0,0.40510204081632656,43.932853717026376,2
0,0,0,6,1,0.0,0.0,0.0,0.0,0.0,0.0,0.0,0,20.7,112.75,1,0,0,1,1,0,0,0,0,0,1,0.0,20.7,0,0,0,0,0,0.0,2.957142857142857,5.195852534562212,0
0,1,1,33,1,0.0,0.0,0.0,0.0,0.0,0.0,0.0,0,19.8,641.35,1,0,0,1,0,0,1,0,1,0,0,0.0,19.8,0,1,1,0,0,0.0,0.5823529411764706,30.834134615384617,1
0,1,0,37,1,1.0,1.0,0.0,1.0,1.0,0.0,0.0,0,68.1,2479.25,1,1,0,0,0,1,0,0,1,0,0,4.0,13.62,0,1,1,0,0,0.0,1.7921052631578946,35.87916063675832,2
0,1,0,2,1,0.0,0.0,0.0,0.0,0.0,0.0,0.0,1,70.7,141.45,1,0,1,0,1,0,0,0,0,1,0,0.0,70.7,0,0,0,1,1,1.0,23.566666666666666,1.9728033472803346,0
0,0,0,30,1,1.0,1.0,1.0,1.0,0.0,0.0,0.0,0,90.4,2820.65,0,0,1,0,0,1,0,1,0,0,0,4.0,18.080000000000002,0,1,1,0,0,0.0,2.916129032258065,30.86050328227571,1
0,0,0,1,1,0.0,0.0,0.0,0.0,0.0,0.0,0.0,0,19.4,19.4,1,0,0,1,1,0,0,0,1,0,0,0.0,19.4,0,0,1,0,0,0.0,9.7,0.9509803921568627,0
0,1,1,24,0,0.0,1.0,1.0,1.0,1.0,0.0,1.0,1,52.5,1208.15,1,1,0,0,0,0,1,0,0,0,1,5.0,8.75,1,1,0,0,0,0.0,2.1,22.58224299065421,1
0,0,0,13,0,0.0,0.0,0.0,1.0,0.0,1.0,1.0,0,49.15,649.4,1,1,0,0,1,0,0,0,0,1,0,3.0,12.2875,1,0,0,0,1,0.0,3.5107142857142857,12.94915254237288,1
0,1,0,59,1,1.0,1.0,0.0,0.0,1.0,0.0,1.0,1,69.1,4096.9,0,1,0,0,0,1,0,0,0,0,1,4.0,13.819999999999999,1,1,0,0,0,0.0,1.1516666666666666,58.443651925820255,2
0,1,0,72,1,1.0,1.0,1.0,1.0,1.0,1.0,1.0,1,115.8,8424.9,0,0,1,0,0,0,1,1,0,0,0,7.0,14.475,1,1,1,0,0,0.0,1.5863013698630137,72.13099315068493,3
0,1,0,24,1,1.0,0.0,0.0,0.0,0.0,0.0,0.0,1,75.4,1747.85,1,0,1,0,1,0,0,0,1,0,0,1.0,37.7,0,0,1,1,0,1.0,3.016,22.87761780104712,1
0,0,0,13,1,1.0,0.0,0.0,0.0,1.0,1.0,1.0,0,100.75,1313.25,0,0,1,0,1,0,0,0,0,1,0,4.0,20.15,1,0,0,1,1,0.0,7.196428571428571,12.906633906633907,1
0,1,0,72,1,1.0,1.0,1.0,1.0,1.0,1.0,1.0,1,90.25,6369.45,0,1,0,0,0,0,1,0,1,0,0,7.0,11.28125,1,1,1,0,0,0.0,1.2363013698630136,69.80219178082191,3
0,0,0,65,1,1.0,0.0,0.0,0.0,0.0,0.0,0.0,0,25.75,1654.75,0,0,0,1,0,0,1,0,0,0,1,1.0,12.875,0,1,0,0,0,0.0,0.39015151515151514,61.85981308411215,3
0,1,1,2,1,0.0,0.0,0.0,0.0,0.0,0.0,0.0,0,20.3,31.9,1,0,0,1,0,1,0,0,0,0,1,0.0,20.3,0,1,0,0,0,0.0,6.766666666666667,1.4976525821596243,0
1,1,0,58,0,0.0,0.0,1.0,1.0,0.0,0.0,1.0,1,45.3,2651.2,0,1,0,0,1,0,0,0,0,1,0,3.0,11.325,1,0,0,0,1,0.0,0.7677966101694915,57.26133909287257,2
0,1,1,7,0,0.0,1.0,0.0,1.0,1.0,0.0,1.0,0,49.65,305.55,0,1,0,0,0,0,1,0,1,0,0,4.0,9.93,1,1,1,0,0,0.0,6.20625,6.032576505429418,0
0,0,0,4,1,0.0,0.0,0.0,0.0,0.0,0.0,1.0,0,54.3,195.3,0,1,0,0,1,0,0,0,0,1,0,1.0,27.15,1,0,0,0,1,0.0,10.86,3.5316455696202533,0
0,0,0,21,1,1.0,0.0,0.0,0.0,0.0,0.0,0.0,0,75.3,1570.7,0,0,1,0,1,0,0,0,0,0,1,1.0,37.65,0,0,0,1,0,1.0,3.4227272727272724,20.58584534731324,1
0,1,0,53,1,0.0,0.0,0.0,0.0,0.0,0.0,0.0,0,19.05,990.45,1,0,0,1,0,1,0,0,1,0,0,0.0,19.05,0,1,1,0,0,0.0,0.3527777777777778,49.399002493765586,2
0,0,0,21,1,0.0,0.0,0.0,0.0,0.0,0.0,0.0,1,20.35,422.7,0,0,0,1,0,1,0,0,0,0,1,0.0,20.35,0,1,0,0,0,0.0,0.925,19.798594847775174,1
0,1,1,53,1,1.0,1.0,0.0,1.0,1.0,1.0,1.0,0,85.7,4616.1,0,1,0,0,1,0,0,0,0,1,0,6.0,12.242857142857144,1,0,0,0,1,0.0,1.587037037037037,53.24221453287198,2
0,0,0,2,1,0.0,0.0,0.0,0.0,0.0,0.0,0.0,1,46.0,84.5,0,1,0,0,1,0,0,0,1,0,0,0.0,46.0,0,0,1,0,0,0.0,15.333333333333334,1.797872340425532,0
0,0,0,70,1,1.0,1.0,1.0,1.0,1.0,1.0,1.0,1,114.95,7711.25,0,0,1,0,0,0,1,1,0,0,0,7.0,14.36875,1,1,1,0,0,0.0,1.6190140845070422,66.5049590340664,3
0,1,0,7,1,0.0,0.0,0.0,1.0,0.0,1.0,0.0,1,86.25,587.1,1,0,1,0,1,0,0,0,0,1,0,2.0,28.75,1,0,0,1,1,1.0,10.78125,6.72893982808023,0
0,1,0,59,1,1.0,1.0,1.0,1.0,1.0,0.0,1.0,1,107.0,6152.3,1,0,1,0,0,1,0,0,1,0,0,6.0,15.285714285714286,1,1,1,0,0,0.0,1.7833333333333334,56.96574074074074,2
0,1,0,69,1,1.0,1.0,1.0,1.0,1.0,1.0,1.0,1,112.55,7806.5,0,0,1,0,0,0,1,1,0,0,0,7.0,14.06875,1,1,1,0,0,0.0,1.6078571428571429,68.74944958168209,3
0,0,0,48,1,0.0,1.0,1.0,0.0,0.0,0.0,0.0,0,55.5,2627.35,1,1,0,0,0,0,1,0,1,0,0,2.0,18.5,0,1,1,0,0,0.0,1.1326530612244898,46.501769911504425,2
0,0,0,6,1,0.0,0.0,0.0,1.0,0.0,1.0,0.0,0,60.9,414.1,0,1,0,0,1,0,0,0,0,0,1,2.0,20.3,1,0,0,0,0,0.0,8.7,6.689822294022617,0
0,1,1,16,1,0.0,0.0,0.0,0.0,0.0,0.0,0.0,0,20.5,290.55,0,0,0,1,0,0,1,0,0,0,1,0.0,20.5,0,1,0,0,0,0.0,1.2058823529411764,13.513953488372094,1
0,0,0,3,1,0.0,1.0,0.0,0.0,1.0,1.0,0.0,1,64.4,195.65,0,1,0,0,1,0,0,0,1,0,0,3.0,16.1,1,0,1,0,0,0.0,16.1,2.991590214067278,0
0,1,1,69,1,1.0,0.0,1.0,0.0,1.0,0.0,1.0,1,93.3,6398.05,1,0,1,0,0,0,1,1,0,0,0,4.0,18.66,1,1,1,0,0,0.0,1.3328571428571427,67.84782608695653,3
0,1,1,35,1,0.0,0.0,0.0,0.0,0.0,0.0,0.0,0,19.9,666.0,0,0,0,1,0,1,0,0,0,1,0,0.0,19.9,0,1,0,0,0,0.0,0.5527777777777777,31.866028708133975,1
0,1,0,44,0,0.0,0.0,1.0,1.0,0.0,1.0,1.0,0,54.3,2390.45,0,1,0,0,0,0,1,1,0,0,0,4.0,10.86,1,1,1,0,0,0.0,1.2066666666666666,43.226943942133815,2
0,1,0,7,1,0.0,0.0,0.0,0.0,0.0,0.0,0.0,1,69.2,477.55,1,0,1,0,1,0,0,1,0,0,0,0.0,69.2,0,0,1,1,0,1.0,8.65,6.802706552706552,0
0,0,0,1,1,0.0,0.0,0.0,0.0,0.0,0.0,0.0,1,45.3,45.3,1,1,0,0,1,0,0,0,0,1,0,0.0,45.3,0,0,0,0,1,0.0,22.65,0.978401727861771,0
0,1,0,24,0,0.0,0.0,0.0,1.0,0.0,0.0,0.0,0,29.1,688.0,0,1,0,0,1,0,0,0,0,1,0,1.0,14.55,0,0,0,0,1,0.0,1.1640000000000001,22.857142857142858,1
1,1,0,1,1,0.0,0.0,0.0,0.0,0.0,0.0,0.0,0,46.0,46.0,1,1,0,0,1,0,0,0,0,1,0,0.0,46.0,0,0,0,0,1,0.0,23.0,0.9787234042553191,0
0,1,1,16,1,0.0,1.0,0.0,1.0,0.0,1.0,0.0,0,64.25,1024.0,0,1,0,0,0,0,1,0,0,0,1,3.0,16.0625,1,1,0,0,0,0.0,3.7794117647058822,15.693486590038313,1
0,1,0,24,1,1.0,0.0,1.0,1.0,0.0,1.0,1.0,1,104.65,2542.45,0,0,1,0,1,0,0,0,0,1,0,5.0,17.441666666666666,1,0,0,1,1,1.0,4.186,24.06483672503549,1
1,1,0,71,1,0.0,0.0,1.0,1.0,0.0,0.0,1.0,0,89.45,6435.25,1,0,1,0,0,0,1,0,1,0,0,3.0,22.3625,1,1,1,0,0,1.0,1.2423611111111112,71.14704256495301,3
0,0,0,13,1,0.0,0.0,0.0,0.0,0.0,0.0,0.0,0,20.0,268.45,0,0,0,1,0,0,1,0,1,0,0,0.0,20.0,0,1,1,0,0,0.0,1.4285714285714286,12.783333333333333,1
0,0,0,17,1,1.0,0.0,0.0,1.0,0.0,0.0,0.0,0,80.05,1345.65,1,0,1,0,1,0,0,1,0,0,0,2.0,26.683333333333334,0,0,1,1,0,1.0,4.447222222222222,16.60271437384331,1
0,1,1,25,1,0.0,1.0,1.0,1.0,0.0,0.0,0.0,1,61.6,1611.0,0,1,0,0,0,1,0,1,0,0,0,3.0,15.4,0,1,1,0,0,0.0,2.3692307692307693,25.73482428115016,1
1,0,0,3,1,0.0,0.0,0.0,0.0,0.0,0.0,0.0,1,70.3,235.5,1,0,1,0,1,0,0,0,0,1,0,0.0,70.3,0,0,0,1,1,1.0,17.575,3.302945301542777,0
0,1,0,1,1,0.0,0.0,0.0,0.0,0.0,1.0,1.0,1,90.75,90.75,0,0,1,0,1,0,0,0,0,1,0,2.0,30.25,1,0,0,1,1,1.0,45.375,0.989100817438692,0
0,1,1,50,1,1.0,1.0,1.0,1.0,1.0,0.0,1.0,1,80.05,4042.2,1,1,0,0,0,1,0,1,0,0,0,6.0,11.435714285714285,1,1,1,0,0,0.0,1.5696078431372549,49.872917951881554,2
1,1,1,24,1,0.0,0.0,0.0,1.0,0.0,1.0,1.0,1,96.55,2263.45,1,0,1,0,0,0,1,0,0,1,0,3.0,24.1375,1,1,0,0,0,1.0,3.862,23.202972834443873,1
0,0,0,35,1,0.0,0.0,0.0,0.0,0.0,0.0,0.0,0,20.6,754.0,0,0,0,1,0,1,0,1,0,0,0,0.0,20.6,0,1,1,0,0,0.0,0.5722222222222223,34.907407407407405,1
1,0,0,1,1,0.0,0.0,0.0,0.0,0.0,1.0,1.0,1,89.3,89.3,1,0,1,0,1,0,0,0,0,1,0,2.0,29.766666666666666,1,0,0,1,1,1.0,44.65,0.9889258028792912,0
0,0,1,4,1,0.0,0.0,0.0,1.0,1.0,1.0,1.0,1,98.1,396.3,1,0,1,0,1,0,0,1,0,0,0,4.0,19.619999999999997,1,0,1,1,0,0.0,19.619999999999997,3.9989909182643797,0
0,0,0,1,1,0.0,0.0,0.0,0.0,0.0,0.0,0.0,0,19.1,19.1,0,0,0,1,1,0,0,0,0,0,1,0.0,19.1,0,0,0,0,0,0.0,9.55,0.9502487562189055,0
0,0,0,1,1,1.0,0.0,0.0,0.0,0.0,0.0,0.0,1,50.15,50.15,0,1,0,0,1,0,0,0,0,1,0,1.0,25.075,0,0,0,0,1,0.0,25.075,0.9804496578690127,0
0,1,0,47,1,1.0,0.0,1.0,0.0,0.0,0.0,0.0,1,78.9,3650.35,0,0,1,0,0,1,0,0,0,1,0,2.0,26.3,0,1,0,0,0,1.0,1.64375,45.686483103879844,2
0,1,1,4,1,0.0,0.0,0.0,0.0,0.0,0.0,0.0,0,20.35,76.35,1,0,0,1,1,0,0,0,0,0,1,0.0,20.35,0,0,0,0,0,0.0,4.07,3.5761124121779853,0
0,0,0,32,1,1.0,0.0,1.0,0.0,0.0,0.0,0.0,1,54.2,1739.6,1,1,0,0,1,0,0,0,0,1,0,2.0,18.066666666666666,0,0,0,0,1,0.0,1.6424242424242426,31.514492753623184,1
0,0,0,1,1,1.0,0.0,1.0,0.0,0.0,0.0,0.0,0,54.3,54.3,0,1,0,0,1,0,0,0,0,1,0,2.0,18.099999999999998,0,0,0,0,1,0.0,27.15,0.9819168173598554,0
0,0,0,3,1,1.0,0.0,0.0,0.0,0.0,0.0,0.0,1,76.95,228.4,0,0,1,0,1,0,0,0,0,1,0,1.0,38.475,0,0,0,1,1,1.0,19.2375,2.9300833867864013,0
0,0,0,53,1,1.0,0.0,0.0,0.0,0.0,0.0,0.0,0,24.05,1301.9,0,0,0,1,0,1,0,1,0,0,0,1.0,12.025,0,1,1,0,0,0.0,0.44537037037037036,51.97205588822356,2
0,1,1,3,1,0.0,0.0,0.0,0.0,0.0,0.0,0.0,0,44.3,134.5,1,1,0,0,1,0,0,0,0,0,1,0.0,44.3,0,0,0,0,0,0.0,11.075,2.969094922737307,0
1,0,0,40,1,0.0,1.0,1.0,0.0,0.0,0.0,0.0,1,79.2,3233.85,1,0,1,0,1,0,0,0,1,0,0,2.0,26.400000000000002,0,0,1,1,0,0.0,1.931707317073171,40.32231920199501,2
0,1,0,4,1,1.0,0.0,0.0,1.0,0.0,1.0,0.0,0,65.6,250.1,0,1,0,0,1,0,0,0,0,1,0,3.0,16.4,1,0,0,0,1,0.0,13.12,3.7552552552552556,0
0,0,0,58,1,0.0,1.0,1.0,1.0,1.0,0.0,0.0,1,64.9,3795.45,1,1,0,0,0,0,1,0,1,0,0,4.0,12.98,0,1,1,0,0,0.0,1.1,57.594081942336864,2
0,1,1,56,1,0.0,0.0,0.0,0.0,0.0,0.0,0.0,0,20.05,1090.1,1,0,0,1,0,0,1,0,0,0,1,0.0,20.05,0,1,0,0,0,0.0,0.3517543859649123,51.786223277909734,2
0,1,1,24,1,1.0,1.0,0.0,1.0,0.0,1.0,1.0,0,78.6,1846.65,1,1,0,0,0,0,1,0,1,0,0,5.0,13.1,1,1,1,0,0,0.0,3.1439999999999997,23.19912060301508,1
0,0,0,47,0,0.0,1.0,0.0,1.0,1.0,0.0,0.0,0,41.9,1875.25,1,1,0,0,0,0,1,0,0,0,1,3.0,10.475,0,1,0,0,0,0.0,0.8729166666666667,43.71212121212121,2
0,0,0,69,1,1.0,0.0,1.0,1.0,1.0,1.0,1.0,1,110.5,7455.45,1,0,1,0,0,0,1,1,0,0,0,6.0,15.785714285714286,1,1,1,0,0,0.0,1.5785714285714285,66.86502242152466,3
0,1,1,61,1,0.0,1.0,1.0,1.0,1.0,0.0,0.0,1,68.05,4158.25,0,1,0,0,0,0,1,1,0,0,0,4.0,13.61,0,1,1,0,0,0.0,1.0975806451612902,60.22085445329471,3
0,0,0,1,1,0.0,0.0,0.0,0.0,1.0,0.0,0.0,1,50.8,50.8,1,1,0,0,1,0,0,0,0,1,0,1.0,25.4,0,0,0,0,1,0.0,25.4,0.9806949806949807,0
0,1,1,71,1,1.0,1.0,1.0,1.0,1.0,1.0,1.0,0,90.4,6668.05,0,1,0,0,0,0,1,0,0,1,0,7.0,11.3,1,1,0,0,0,0.0,1.2555555555555555,72.95459518599561,3
0,0,1,38,1,1.0,0.0,0.0,1.0,0.0,1.0,1.0,1,99.25,3777.15,0,0,1,0,1,0,0,1,0,0,0,4.0,19.85,1,0,1,1,0,1.0,2.5448717948717947,37.677306733167086,2
1,1,0,37,1,0.0,0.0,0.0,1.0,1.0,1.0,0.0,0,90.0,3371.75,1,0,1,0,1,0,0,0,0,1,0,3.0,22.5,1,0,0,1,1,0.0,2.3684210526315788,37.0521978021978,2
0,1,0,66,1,1.0,0.0,0.0,0.0,1.0,0.0,1.0,0,63.85,4264.6,0,1,0,0,1,0,0,0,0,1,0,3.0,15.9625,1,0,0,0,1,0.0,0.9529850746268657,65.76098689282962,3
0,1,1,18,1,0.0,0.0,0.0,0.0,0.0,0.0,0.0,0,20.45,357.0,1,0,0,1,1,0,0,0,0,0,1,0.0,20.45,0,0,0,0,0,0.0,1.0763157894736841,16.643356643356643,1
0,1,0,71,1,1.0,1.0,1.0,0.0,1.0,0.0,0.0,0,65.15,4681.75,0,1,0,0,0,0,1,1,0,0,0,4.0,13.030000000000001,0,1,1,0,0,0.0,0.9048611111111112,70.77475434618292,3
0,0,0,1,1,0.0,0.0,0.0,0.0,0.0,0.0,0.0,1,20.05,20.05,0,0,0,1,1,0,0,0,0,0,1,0.0,20.05,0,0,0,0,0,0.0,10.025,0.9524940617577197,0
0,0,0,59,1,1.0,1.0,0.0,0.0,1.0,0.0,1.0,0,68.7,4070.95,1,1,0,0,0,1,0,1,0,0,0,4.0,13.74,1,1,1,0,0,0.0,1.145,58.4067431850789,2
0,1,1,41,1,0.0,0.0,0.0,1.0,0.0,1.0,1.0,1,94.9,3848.0,1,0,1,0,1,0,0,1,0,0,0,3.0,23.725,1,0,1,1,0,1.0,2.2595238095238095,40.12513034410844,2
0,1,0,18,1,1.0,0.0,1.0,0.0,0.0,0.0,0.0,0,56.8,1074.65,0,1,0,0,1,0,0,0,1,0,0,2.0,18.933333333333334,0,0,1,0,0,0.0,2.9894736842105263,18.59256055363322,1
0,0,1,12,1,1.0,0.0,1.0,1.0,0.0,1.0,1.0,1,105.3,1275.65,1,0,1,0,1,0,0,0,0,1,0,5.0,17.55,1,0,0,1,1,1.0,8.1,12.000470366886173,0
0,1,1,23,1,1.0,0.0,0.0,0.0,0.0,0.0,0.0,1,48.35,1067.15,0,1,0,0,0,1,0,0,1,0,0,1.0,24.175,0,1,1,0,0,0.0,2.0145833333333334,21.624113475177307,1
0,0,0,1,1,0.0,1.0,0.0,0.0,0.0,0.0,0.0,0,51.25,51.25,0,1,0,0,1,0,0,0,0,0,1,1.0,25.625,0,0,0,0,0,0.0,25.625,0.9808612440191388,0
1,1,0,34,1,0.0,0.0,0.0,1.0,0.0,1.0,0.0,1,85.2,2874.45,0,0,1,0,1,0,0,0,1,0,0,2.0,28.400000000000002,1,0,1,1,0,1.0,2.434285714285714,33.34628770301624,1
0,1,0,55,1,1.0,0.0,0.0,0.0,0.0,0.0,0.0,0,25.7,1443.65,0,0,0,1,0,0,1,1,0,0,0,1.0,12.85,0,1,1,0,0,0.0,0.4589285714285714,54.06928838951311,2
0,1,0,72,1,1.0,1.0,1.0,1.0,0.0,1.0,0.0,1,97.95,7114.25,0,0,1,0,0,0,1,0,1,0,0,5.0,16.325,1,1,1,0,0,0.0,1.3417808219178082,71.89742294087922,3
0,0,0,57,1,0.0,0.0,1.0,0.0,1.0,0.0,0.0,1,54.65,3134.7,0,1,0,0,0,1,0,0,0,0,1,2.0,18.216666666666665,0,1,0,0,0,0.0,0.9422413793103448,56.328840970350406,2
1,0,0,9,1,0.0,0.0,0.0,0.0,1.0,0.0,0.0,0,49.2,447.9,0,1,0,0,1,0,0,0,0,0,1,1.0,24.6,0,0,0,0,0,0.0,4.92,8.922310756972111,0
0,1,0,53,1,0.0,1.0,1.0,1.0,1.0,1.0,1.0,0,110.5,5835.5,1,0,1,0,0,1,0,0,0,1,0,6.0,15.785714285714286,1,1,0,0,0,0.0,2.0462962962962963,52.336322869955154,2
0,0,0,19,1,0.0,0.0,0.0,0.0,0.0,0.0,0.0,0,19.65,358.15,0,0,0,1,0,0,1,0,0,0,1,0.0,19.65,0,1,0,0,0,0.0,0.9824999999999999,17.343825665859566,1
0,0,0,56,1,1.0,1.0,0.0,0.0,1.0,1.0,1.0,1,105.35,5794.45,0,0,1,0,1,0,0,0,0,0,1,5.0,17.558333333333334,1,0,0,1,0,0.0,1.8482456140350876,54.484720263281616,2
1,0,0,20,1,0.0,1.0,0.0,0.0,1.0,0.0,0.0,0,54.0,1055.9,0,1,0,0,0,1,0,0,0,0,1,2.0,18.0,0,1,0,0,0,0.0,2.5714285714285716,19.19818181818182,1
0,0,0,23,1,0.0,0.0,0.0,0.0,0.0,0.0,0.0,0,20.45,481.1,0,0,0,1,0,1,0,0,0,0,1,0.0,20.45,0,1,0,0,0,0.0,0.8520833333333333,22.42890442890443,1
0,1,0,2,1,1.0,0.0,0.0,1.0,1.0,1.0,1.0,1,104.4,242.8,1,0,1,0,1,0,0,0,0,1,0,5.0,17.400000000000002,1,0,0,1,1,0.0,34.800000000000004,2.3036053130929792,0
1,0,0,3,1,1.0,0.0,1.0,0.0,0.0,0.0,0.0,1,81.35,233.7,0,0,1,0,1,0,0,0,0,1,0,2.0,27.116666666666664,0,0,0,1,1,1.0,20.3375,2.8378870673952643,0
0,0,0,35,1,1.0,0.0,0.0,0.0,0.0,0.0,0.0,1,25.6,901.25,0,0,0,1,1,0,0,0,0,1,0,1.0,12.8,0,0,0,0,1,0.0,0.7111111111111111,33.88157894736842,1
1,0,0,50,1,1.0,0.0,0.0,0.0,0.0,1.0,1.0,1,95.7,4816.7,0,0,1,0,1,0,0,0,0,1,0,3.0,23.925,1,0,0,1,1,1.0,1.8764705882352941,49.81075491209927,2
0,0,0,66,1,1.0,1.0,1.0,1.0,1.0,0.0,1.0,1,103.1,6595.0,1,0,1,0,1,0,0,1,0,0,0,6.0,14.728571428571428,1,0,1,1,0,0.0,1.5388059701492536,63.352545629202694,3
0,1,1,4,1,1.0,0.0,0.0,0.0,0.0,0.0,0.0,0,24.1,73.1,0,0,0,1,0,1,0,0,1,0,0,1.0,12.05,0,1,1,0,0,0.0,4.82,2.9123505976095614,0
0,1,0,71,1,1.0,1.0,1.0,1.0,1.0,1.0,1.0,0,85.75,6223.8,1,1,0,0,0,0,1,0,1,0,0,7.0,10.71875,1,1,1,0,0,0.0,1.1909722222222223,71.74409221902017,3
0,0,0,8,1,0.0,0.0,0.0,0.0,0.0,0.0,0.0,0,20.25,174.65,1,0,0,1,0,0,1,0,0,0,1,0.0,20.25,0,1,0,0,0,0.0,2.25,8.218823529411765,0
0,1,1,69,1,0.0,1.0,1.0,0.0,1.0,1.0,1.0,0,80.65,5542.55,0,1,0,0,0,0,1,1,0,0,0,5.0,13.441666666666668,1,1,1,0,0,0.0,1.1521428571428571,67.88181261481935,3
1,0,0,25,1,1.0,0.0,1.0,0.0,0.0,0.0,1.0,1,89.7,2187.55,1,0,1,0,1,0,0,0,0,1,0,3.0,22.425,1,0,0,1,1,1.0,3.45,24.118522601984566,1
0,0,0,20,1,1.0,1.0,0.0,0.0,1.0,0.0,0.0,0,59.2,1191.2,0,1,0,0,1,0,0,1,0,0,0,3.0,14.8,0,0,1,0,0,0.0,2.8190476190476192,19.78737541528239,1
0,1,0,55,1,1.0,0.0,0.0,1.0,1.0,1.0,1.0,1,104.15,5743.05,0,0,1,0,0,1,0,0,0,1,0,5.0,17.358333333333334,1,1,0,0,0,0.0,1.8598214285714287,54.617689015691866,2
1,0,0,20,1,1.0,0.0,0.0,1.0,0.0,1.0,1.0,1,98.55,1842.8,0,0,1,0,1,0,0,0,0,1,0,4.0,19.71,1,0,0,1,1,1.0,4.692857142857143,18.51130085384229,1
0,1,0,42,1,1.0,1.0,0.0,0.0,1.0,1.0,1.0,0,80.45,3375.9,0,1,0,0,0,1,0,0,1,0,0,5.0,13.408333333333333,1,1,1,0,0,0.0,1.8709302325581396,41.447513812154696,2
0,1,0,64,1,1.0,0.0,1.0,0.0,1.0,1.0,1.0,1,105.25,6823.4,0,0,1,0,0,0,1,0,0,1,0,5.0,17.541666666666668,1,1,0,0,0,0.0,1.6192307692307693,64.22023529411764,3
0,1,1,42,1,0.0,0.0,0.0,0.0,0.0,1.0,0.0,1,77.95,3384.0,1,0,1,0,1,0,0,0,1,0,0,1.0,38.975,1,0,1,1,0,1.0,1.8127906976744186,42.86257124762508,2
0,1,1,19,1,0.0,1.0,0.0,0.0,0.0,0.0,0.0,1,48.95,955.6,0,1,0,0,0,1,0,1,0,0,0,1.0,24.475,0,1,1,0,0,0.0,2.4475000000000002,19.13113113113113,1
0,1,1,23,1,0.0,0.0,0.0,0.0,0.0,0.0,0.0,1,19.65,451.55,1,0,0,1,0,0,1,0,0,0,1,0.0,19.65,0,1,0,0,0,0.0,0.81875,21.86682808716707,1
0,0,0,31,1,0.0,0.0,0.0,0.0,0.0,0.0,0.0,0,20.45,638.55,0,0,0,1,0,0,1,0,0,0,1,0.0,20.45,0,1,0,0,0,0.0,0.6390625,29.769230769230766,1
0,0,0,48,1,1.0,0.0,0.0,0.0,0.0,0.0,0.0,0,25.05,1171.5,1,0,0,1,0,1,0,0,1,0,0,1.0,12.525,0,1,1,0,0,0.0,0.5112244897959184,44.97120921305182,2
0,1,1,70,1,1.0,1.0,1.0,0.0,0.0,1.0,1.0,1,106.05,7554.05,0,0,1,0,1,0,0,0,0,1,0,5.0,17.675,1,0,0,1,1,0.0,1.4936619718309858,70.56562354040169,3
0,1,1,32,1,1.0,0.0,0.0,1.0,0.0,0.0,1.0,1,91.05,2954.5,1,0,1,0,1,0,0,1,0,0,0,3.0,22.7625,1,0,1,1,0,1.0,2.759090909090909,32.0966865833786,1
0,1,1,10,1,0.0,0.0,0.0,0.0,0.0,0.0,0.0,0,20.15,220.8,1,0,0,1,0,0,1,0,0,0,1,0.0,20.15,0,1,0,0,0,0.0,1.8318181818181818,10.439716312056738,0
0,1,0,57,1,0.0,1.0,1.0,0.0,1.0,0.0,0.0,1,59.75,3450.15,0,1,0,0,0,0,1,0,0,1,0,3.0,14.9375,0,1,0,0,0,0.0,1.0301724137931034,56.79259259259259,2
0,0,0,5,1,0.0,1.0,0.0,0.0,1.0,0.0,0.0,1,55.75,266.95,0,1,0,0,1,0,0,0,0,0,1,2.0,18.583333333333332,0,0,0,0,0,0.0,9.291666666666666,4.703964757709251,0
0,0,1,2,1,0.0,0.0,1.0,0.0,0.0,0.0,0.0,0,51.55,106.2,1,1,0,0,1,0,0,0,0,0,1,1.0,25.775,0,0,0,0,0,0.0,17.183333333333334,2.0209324452902,0
1,0,0,65,1,1.0,1.0,0.0,1.0,1.0,1.0,1.0,1,109.05,7108.2,0,0,1,0,0,0,1,0,0,1,0,6.0,15.578571428571427,1,1,0,0,0,0.0,1.6522727272727273,64.59064061790096,3
0,0,0,64,1,1.0,1.0,0.0,1.0,1.0,0.0,1.0,0,99.25,6549.45,0,0,1,0,0,0,1,0,1,0,0,5.0,16.541666666666668,1,1,1,0,0,0.0,1.5269230769230768,65.33117206982543,3
0,0,1,48,1,1.0,1.0,1.0,1.0,0.0,0.0,0.0,1,64.4,3035.35,0,1,0,0,0,1,0,1,0,0,0,4.0,12.88,0,1,1,0,0,0.0,1.3142857142857145,46.41207951070336,2
0,0,0,1,1,0.0,0.0,0.0,0.0,0.0,0.0,0.0,1,69.6,69.6,0,0,1,0,1,0,0,0,0,1,0,0.0,69.6,0,0,0,1,1,1.0,34.8,0.9858356940509915,0
0,0,0,4,0,0.0,1.0,1.0,0.0,0.0,0.0,0.0,1,33.65,137.85,1,1,0,0,1,0,0,0,0,1,0,2.0,11.216666666666667,0,0,0,0,1,0.0,6.7299999999999995,3.9783549783549783,0
0,0,0,45,1,0.0,1.0,0.0,1.0,0.0,1.0,1.0,1,75.95,3273.8,0,1,0,0,1,0,0,0,0,1,0,4.0,15.190000000000001,1,0,0,0,1,0.0,1.6510869565217392,42.54450942170241,2
0,0,0,23,1,1.0,1.0,0.0,0.0,0.0,0.0,0.0,0,54.4,1249.25,1,1,0,0,1,0,0,0,0,1,0,2.0,18.133333333333333,0,0,0,0,1,0.0,2.2666666666666666,22.549638989169676,1
0,0,0,7,1,1.0,0.0,0.0,0.0,0.0,1.0,1.0,0,95.0,655.5,0,0,1,0,1,0,0,0,0,0,1,3.0,23.75,1,0,0,1,0,1.0,11.875,6.828125,0
0,1,1,30,1,1.0,0.0,0.0,0.0,0.0,0.0,0.0,1,25.1,789.55,1,0,0,1,0,0,1,0,0,0,1,1.0,12.55,0,1,0,0,0,0.0,0.8096774193548387,30.250957854406128,1
1,1,1,72,1,1.0,1.0,1.0,1.0,1.0,1.0,1.0,1,115.75,8399.15,0,0,1,0,0,0,1,0,1,0,0,7.0,14.46875,1,1,1,0,0,0.0,1.5856164383561644,71.94132762312634,3
1,1,1,71,1,0.0,1.0,1.0,1.0,0.0,0.0,0.0,1,86.7,6179.35,0,0,1,0,0,1,0,1,0,0,0,3.0,21.675,0,1,1,0,0,0.0,1.2041666666666666,70.46009122006842,3
0,1,1,32,1,0.0,1.0,1.0,0.0,0.0,0.0,1.0,1,90.8,3023.85,0,0,1,0,0,1,0,0,0,1,0,3.0,22.7,1,1,0,0,0,0.0,2.7515151515151515,32.939542483660134,1
0,0,0,58,1,0.0,0.0,0.0,0.0,0.0,0.0,0.0,1,19.15,1035.5,0,0,0,1,0,0,1,1,0,0,0,0.0,19.15,0,1,1,0,0,0.0,0.32457627118644067,51.389578163771716,2
0,0,0,4,1,0.0,0.0,0.0,0.0,0.0,1.0,0.0,1,56.4,234.85,0,1,0,0,1,0,0,0,0,1,0,1.0,28.2,1,0,0,0,1,0.0,11.28,4.091463414634147,0
0,0,0,70,0,0.0,1.0,0.0,1.0,1.0,1.0,1.0,1,58.35,4214.25,1,1,0,0,0,0,1,1,0,0,0,5.0,9.725,1,1,1,0,0,0.0,0.821830985915493,71.0067396798652,3
0,0,1,62,1,1.0,0.0,0.0,0.0,0.0,0.0,0.0,0,26.0,1638.7,1,0,0,1,0,0,1,1,0,0,0,1.0,13.0,0,1,1,0,0,0.0,0.4126984126984127,60.6925925925926,3
0,0,0,30,1,1.0,1.0,1.0,1.0,1.0,0.0,0.0,1,95.0,2852.4,0,0,1,0,1,0,0,0,1,0,0,5.0,15.833333333333334,0,0,1,1,0,0.0,3.064516129032258,29.712500000000002,1
0,1,0,71,0,0.0,1.0,1.0,1.0,1.0,1.0,1.0,0,66.8,4689.15,1,1,0,0,0,1,0,1,0,0,0,6.0,9.542857142857143,1,1,1,0,0,0.0,0.9277777777777777,69.16150442477876,3
0,0,0,16,1,0.0,0.0,0.0,0.0,0.0,0.0,0.0,0,18.95,326.8,0,0,0,1,0,0,1,0,1,0,0,0.0,18.95,0,1,1,0,0,0.0,1.1147058823529412,16.380952380952383,1
1,0,0,1,0,0.0,0.0,0.0,0.0,0.0,0.0,0.0,0,25.25,25.25,1,1,0,0,1,0,0,0,0,1,0,0.0,25.25,0,0,0,0,1,0.0,12.625,0.9619047619047619,0
0,0,0,3,1,0.0,0.0,1.0,0.0,0.0,1.0,1.0,1,95.1,307.4,1,0,1,0,1,0,0,0,0,1,0,3.0,23.775,1,0,0,1,1,1.0,23.775,3.198751300728408,0
0,1,1,1,1,0.0,0.0,0.0,0.0,0.0,1.0,1.0,1,90.1,90.1,0,0,1,0,1,0,0,0,0,1,0,2.0,30.03333333333333,1,0,0,1,1,1.0,45.05,0.9890230515916575,0
0,1,1,37,1,1.0,0.0,1.0,1.0,0.0,0.0,1.0,1,95.15,3532.85,1,0,1,0,1,0,0,0,0,1,0,4.0,19.03,1,0,0,1,1,1.0,2.503947368421053,36.74310972438897,2
0,1,0,17,1,1.0,1.0,1.0,1.0,0.0,0.0,0.0,0,90.2,1454.15,0,0,1,0,1,0,0,0,1,0,0,4.0,18.04,0,0,1,1,0,0.0,5.011111111111111,15.944627192982457,1
1,1,1,72,1,1.0,1.0,1.0,1.0,1.0,1.0,1.0,1,114.95,8196.4,0,0,1,0,0,0,1,1,0,0,0,7.0,14.36875,1,1,1,0,0,0.0,1.5746575342465754,70.6890901250539,3
0,0,0,30,1,1.0,1.0,0.0,1.0,0.0,1.0,1.0,1,79.3,2427.1,1,1,0,0,0,1,0,0,1,0,0,5.0,13.216666666666667,1,1,1,0,0,0.0,2.5580645161290323,30.22540473225405,1
0,1,1,52,1,1.0,0.0,0.0,0.0,0.0,0.0,0.0,0,25.75,1345.85,0,0,0,1,0,0,1,0,0,0,1,1.0,12.875,0,1,0,0,0,0.0,0.4858490566037736,50.31214953271028,2
0,1,1,31,1,1.0,1.0,1.0,0.0,1.0,0.0,1.0,1,75.25,2344.5,0,1,0,0,0,1,0,1,0,0,0,5.0,12.541666666666666,1,1,1,0,0,0.0,2.3515625,30.74754098360656,1
0,0,0,6,0,0.0,1.0,0.0,0.0,0.0,0.0,0.0,0,29.45,161.45,1,1,0,0,1,0,0,1,0,0,0,1.0,14.725,0,0,1,0,0,0.0,4.207142857142857,5.302134646962233,0
0,1,1,5,1,0.0,0.0,0.0,0.0,1.0,1.0,0.0,1,85.75,470.95,1,0,1,0,1,0,0,0,0,1,0,2.0,28.583333333333332,1,0,0,1,1,0.0,14.291666666666666,5.428818443804034,0
0,1,1,12,1,1.0,0.0,0.0,0.0,0.0,0.0,0.0,1,25.4,313.0,0,0,0,1,0,0,1,1,0,0,0,1.0,12.7,0,1,1,0,0,0.0,1.9538461538461538,11.856060606060607,0
0,1,0,42,0,0.0,1.0,0.0,0.0,0.0,1.0,0.0,1,40.15,1626.05,0,1,0,0,1,0,0,1,0,0,0,2.0,13.383333333333333,1,0,1,0,0,0.0,0.9337209302325581,39.515188335358445,2
1,0,0,18,1,1.0,0.0,0.0,0.0,0.0,1.0,1.0,1,95.45,1752.55,0,0,1,0,1,0,0,0,0,1,0,3.0,23.8625,1,0,0,1,1,1.0,5.023684210526316,18.170554691550024,1
0,0,1,39,0,0.0,0.0,0.0,1.0,0.0,0.0,0.0,0,30.1,1131.3,1,1,0,0,1,0,0,0,1,0,0,1.0,15.05,0,0,1,0,0,0.0,0.7525000000000001,36.376205787781345,2
0,1,1,49,1,1.0,0.0,0.0,0.0,0.0,1.0,0.0,0,84.5,4254.85,0,0,1,0,1,0,0,0,0,1,0,2.0,28.166666666666668,1,0,0,1,1,1.0,1.69,49.76432748538012,2
0,1,1,7,1,0.0,1.0,0.0,1.0,1.0,0.0,1.0,1,71.35,515.75,0,1,0,0,1,0,0,0,1,0,0,4.0,14.27,1,0,1,0,0,0.0,8.91875,7.12854181064271,0
0,1,1,72,1,1.0,0.0,1.0,1.0,1.0,1.0,1.0,0,110.9,7922.75,0,0,1,0,0,0,1,0,1,0,0,6.0,15.842857142857143,1,1,1,0,0,0.0,1.5191780821917809,70.80205540661305,3
0,1,0,3,1,1.0,0.0,0.0,0.0,0.0,0.0,0.0,1,74.75,229.5,1,0,1,0,1,0,0,0,1,0,0,1.0,37.375,0,0,1,1,0,1.0,18.6875,3.0297029702970297,0
0,0,0,56,1,0.0,0.0,0.0,0.0,0.0,0.0,0.0,1,19.55,1080.55,1,0,0,1,0,0,1,1,0,0,0,0.0,19.55,0,1,1,0,0,0.0,0.3429824561403509,52.58150851581508,2
1,0,0,8,1,0.0,0.0,0.0,1.0,0.0,0.0,0.0,1,74.05,600.15,1,0,1,0,1,0,0,1,0,0,0,1.0,37.025,0,0,1,1,0,1.0,8.227777777777778,7.996668887408394,0
1,1,0,1,1,1.0,0.0,0.0,0.0,0.0,0.0,0.0,1,73.55,73.55,0,0,1,0,1,0,0,0,0,1,0,1.0,36.775,0,0,0,1,1,1.0,36.775,0.9865861837692823,0
0,0,0,4,1,0.0,1.0,1.0,0.0,1.0,0.0,0.0,1,60.4,272.15,1,1,0,0,1,0,0,0,0,0,1,3.0,15.1,0,0,0,0,0,0.0,12.08,4.432410423452769,0
0,1,0,68,1,1.0,0.0,1.0,1.0,1.0,1.0,1.0,1,110.0,7611.85,0,0,1,0,0,0,1,1,0,0,0,6.0,15.714285714285714,1,1,1,0,0,0.0,1.5942028985507246,68.57522522522522,3
0,1,1,71,1,1.0,1.0,1.0,1.0,1.0,1.0,1.0,1,114.0,8175.9,0,0,1,0,0,0,1,1,0,0,0,7.0,14.25,1,1,1,0,0,0.0,1.5833333333333333,71.09478260869565,3
0,1,1,48,1,1.0,0.0,0.0,0.0,0.0,0.0,1.0,1,82.05,4029.95,1,0,1,0,0,1,0,0,0,0,1,2.0,27.349999999999998,1,1,0,0,0,1.0,1.6744897959183673,48.524382901866346,2
0,1,1,14,1,0.0,1.0,1.0,0.0,0.0,1.0,0.0,1,65.45,937.6,0,1,0,0,1,0,0,0,0,1,0,3.0,16.3625,1,0,0,0,1,0.0,4.363333333333333,14.109857035364936,1
0,1,0,13,1,1.0,0.0,1.0,1.0,0.0,1.0,0.0,0,94.1,1215.6,1,0,1,0,1,0,0,0,0,1,0,4.0,18.82,1,0,0,1,1,1.0,6.721428571428571,12.782334384858045,1
0,1,0,31,1,0.0,0.0,1.0,0.0,0.0,0.0,1.0,1,83.85,2674.15,1,0,1,0,1,0,0,1,0,0,0,2.0,27.95,1,0,1,1,0,1.0,2.6203125,31.51620506776665,1
1,1,0,32,1,1.0,0.0,0.0,1.0,0.0,0.0,0.0,0,79.3,2570.0,1,0,1,0,1,0,0,0,0,0,1,2.0,26.433333333333334,0,0,0,1,0,1.0,2.403030303030303,32.004981320049815,1
0,1,0,52,1,1.0,0.0,1.0,0.0,1.0,0.0,1.0,1,95.65,5088.4,0,0,1,0,1,0,0,0,1,0,0,4.0,19.130000000000003,1,0,1,1,0,0.0,1.8047169811320756,52.64769787894464,2
0,1,1,2,1,0.0,0.0,0.0,0.0,0.0,0.0,0.0,1,44.5,90.05,0,1,0,0,1,0,0,0,0,1,0,0.0,44.5,0,0,0,0,1,0.0,14.833333333333334,1.979120879120879,0
1,0,0,28,1,1.0,0.0,0.0,1.0,1.0,1.0,1.0,1,103.3,2890.65,1,0,1,0,1,0,0,0,0,1,0,5.0,17.216666666666665,1,0,0,1,1,0.0,3.5620689655172413,27.714765100671144,1
0,1,1,1,1,0.0,0.0,0.0,0.0,0.0,0.0,0.0,0,20.05,20.05,1,0,0,1,1,0,0,0,0,0,1,0.0,20.05,0,0,0,0,0,0.0,10.025,0.9524940617577197,0
0,0,0,51,1,1.0,0.0,1.0,1.0,1.0,1.0,1.0,1,111.5,5703.25,1,0,1,0,0,1,0,0,0,1,0,6.0,15.928571428571429,1,1,0,0,0,0.0,2.144230769230769,50.69555555555556,2
1,1,0,55,1,1.0,0.0,1.0,1.0,0.0,0.0,0.0,1,85.45,4874.7,1,0,1,0,1,0,0,0,0,1,0,3.0,21.3625,0,0,0,1,1,1.0,1.5258928571428572,56.38750722961249,2
0,0,0,59,1,1.0,1.0,1.0,1.0,0.0,0.0,1.0,1,99.45,5623.7,1,0,1,0,1,0,0,1,0,0,0,5.0,16.575,1,0,1,1,0,0.0,1.6575,55.985067197610746,2
0,0,0,1,1,0.0,0.0,0.0,0.0,0.0,0.0,0.0,0,20.35,20.35,1,0,0,1,1,0,0,0,0,0,1,0.0,20.35,0,0,0,0,0,0.0,10.175,0.9531615925058547,0
1,1,0,51,1,1.0,1.0,0.0,1.0,0.0,0.0,1.0,1,93.65,4839.15,0,0,1,0,0,1,0,1,0,0,0,4.0,18.73,1,1,1,0,0,0.0,1.8009615384615385,51.126782884310614,2
0,0,0,34,1,0.0,1.0,1.0,0.0,0.0,0.0,1.0,0,64.35,2053.05,1,1,0,0,0,1,0,0,0,1,0,3.0,16.0875,1,1,0,0,0,0.0,1.8385714285714283,31.41622035195104,1
0,1,1,22,1,0.0,0.0,0.0,0.0,0.0,0.0,0.0,0,19.95,433.5,0,0,0,1,0,1,0,0,0,0,1,0.0,19.95,0,1,0,0,0,0.0,0.8673913043478261,20.692124105011935,1
0,0,0,72,1,0.0,1.0,1.0,1.0,1.0,1.0,1.0,1,109.9,7624.2,1,0,1,0,0,0,1,0,0,1,0,6.0,15.700000000000001,1,1,0,0,0,0.0,1.5054794520547945,68.74842200180342,3
0,1,1,47,1,0.0,1.0,0.0,1.0,0.0,0.0,1.0,0,90.05,4137.2,0,0,1,0,1,0,0,0,0,1,0,3.0,22.5125,1,0,0,1,1,0.0,1.8760416666666666,45.4387699066447,2
0,0,0,3,1,1.0,0.0,0.0,0.0,0.0,0.0,0.0,1,75.1,270.7,1,0,1,0,1,0,0,0,1,0,0,1.0,37.55,0,0,1,1,0,1.0,18.775,3.557161629434954,0
0,1,0,71,1,1.0,0.0,1.0,1.0,1.0,1.0,1.0,0,84.2,5956.85,0,1,0,0,0,0,1,0,1,0,0,6.0,12.028571428571428,1,1,1,0,0,0.0,1.1694444444444445,69.91607981220658,3
0,0,0,38,1,1.0,0.0,0.0,1.0,1.0,1.0,0.0,0,95.0,3605.6,0,0,1,0,0,1,0,1,0,0,0,4.0,19.0,1,1,1,0,0,0.0,2.4358974358974357,37.55833333333333,2
0,0,0,12,1,0.0,0.0,0.0,0.0,0.0,0.0,0.0,0,20.4,266.6,1,0,0,1,1,0,0,0,0,0,1,0.0,20.4,0,0,0,0,0,0.0,1.5692307692307692,12.457943925233646,0
0,1,1,56,1,1.0,0.0,0.0,0.0,0.0,0.0,0.0,1,24.95,1468.9,1,0,0,1,0,0,1,0,1,0,0,1.0,12.475,0,1,1,0,0,0.0,0.437719298245614,56.60500963391137,2
1,1,0,34,1,0.0,0.0,0.0,0.0,0.0,0.0,0.0,0,71.55,2427.35,0,0,1,0,1,0,0,0,1,0,0,0.0,71.55,0,0,1,1,0,1.0,2.044285714285714,33.45761543762922,1
1,1,0,71,0,0.0,0.0,1.0,1.0,0.0,1.0,1.0,1,52.3,3765.05,0,1,0,0,1,0,0,1,0,0,0,4.0,10.459999999999999,1,0,1,0,0,0.0,0.7263888888888889,70.63883677298313,3
1,0,0,40,1,0.0,0.0,0.0,0.0,0.0,1.0,1.0,1,91.55,3673.6,1,0,1,0,1,0,0,0,0,1,0,2.0,30.516666666666666,1,0,0,1,1,1.0,2.2329268292682927,39.69313884386818,2
0,0,1,1,1,0.0,0.0,0.0,0.0,0.0,1.0,1.0,1,89.35,89.35,1,0,1,0,1,0,0,0,0,1,0,2.0,29.78333333333333,1,0,0,1,1,1.0,44.675,0.9889319313779745,0
0,0,0,34,1,1.0,0.0,1.0,0.0,1.0,1.0,1.0,1,105.35,3540.65,0,0,1,0,1,0,0,0,0,1,0,5.0,17.558333333333334,1,0,0,1,1,0.0,3.01,33.292430653502585,1
1,1,0,23,1,1.0,0.0,0.0,0.0,0.0,0.0,1.0,0,86.8,1975.85,0,0,1,0,1,0,0,0,0,1,0,2.0,28.933333333333334,1,0,0,1,1,1.0,3.6166666666666667,22.50398633257403,1
0,0,0,8,1,1.0,0.0,0.0,0.0,0.0,0.0,0.0,1,75.25,576.7,1,0,1,0,1,0,0,0,0,1,0,1.0,37.625,0,0,0,1,1,1.0,8.36111111111111,7.563278688524591,0
0,1,1,39,1,0.0,0.0,1.0,0.0,0.0,1.0,0.0,1,86.3,3266.0,0,0,1,0,1,0,0,0,0,0,1,2.0,28.766666666666666,1,0,0,1,0,1.0,2.1574999999999998,37.41122565864834,2
0,1,1,52,1,0.0,0.0,1.0,1.0,1.0,0.0,0.0,0,85.8,4433.3,1,0,1,0,1,0,0,1,0,0,0,3.0,21.45,0,0,1,1,0,0.0,1.6188679245283017,51.07488479262673,2
0,1,0,72,1,1.0,1.0,0.0,1.0,1.0,1.0,1.0,0,86.65,6094.25,0,1,0,0,0,0,1,0,1,0,0,6.0,12.37857142857143,1,1,1,0,0,0.0,1.1869863013698632,69.52937820878493,3
0,0,0,10,1,0.0,0.0,0.0,0.0,0.0,0.0,0.0,1,19.3,185.2,1,0,0,1,0,1,0,0,0,0,1,0.0,19.3,0,1,0,0,0,0.0,1.7545454545454546,9.123152709359605,0
0,0,0,13,1,0.0,0.0,0.0,0.0,0.0,0.0,0.0,0,19.95,243.65,0,0,0,1,0,0,1,0,0,0,1,0.0,19.95,0,1,0,0,0,0.0,1.425,11.630071599045348,1
1,1,0,34,1,0.0,1.0,0.0,0.0,1.0,1.0,0.0,0,90.15,3128.8,0,0,1,0,0,1,0,0,0,0,1,3.0,22.5375,1,1,0,0,0,0.0,2.575714285714286,34.32583653318705,1
1,1,0,36,1,1.0,0.0,1.0,0.0,0.0,1.0,0.0,1,91.95,3301.05,1,0,1,0,1,0,0,0,1,0,0,3.0,22.9875,1,0,1,1,0,1.0,2.485135135135135,35.514254975793435,1
0,0,0,28,1,1.0,0.0,1.0,0.0,0.0,0.0,1.0,1,89.95,2625.55,1,0,1,0,1,0,0,0,0,1,0,3.0,22.4875,1,0,0,1,1,1.0,3.1017241379310345,28.868059373282023,1
0,0,0,57,1,0.0,0.0,0.0,0.0,0.0,0.0,0.0,0,18.8,1094.35,0,0,0,1,0,0,1,0,1,0,0,0.0,18.8,0,1,1,0,0,0.0,0.3241379310344828,55.270202020202014,2
0,1,1,24,1,1.0,0.0,0.0,0.0,0.0,0.0,0.0,0,24.7,571.75,1,0,0,1,0,0,1,0,0,0,1,1.0,12.35,0,1,0,0,0,0.0,0.988,22.247081712062258,1
0,1,1,48,1,0.0,1.0,0.0,1.0,1.0,1.0,0.0,0,69.7,3023.65,1,1,0,0,0,1,0,1,0,0,0,4.0,13.940000000000001,1,1,1,0,0,0.0,1.4224489795918367,42.76732673267327,2
0,1,1,13,1,0.0,0.0,0.0,0.0,0.0,0.0,0.0,1,19.75,246.7,1,0,0,1,0,0,1,1,0,0,0,0.0,19.75,0,1,1,0,0,0.0,1.4107142857142858,11.889156626506024,1
1,0,0,1,1,0.0,0.0,0.0,0.0,0.0,0.0,0.0,1,69.95,69.95,1,0,1,0,1,0,0,0,0,1,0,0.0,69.95,0,0,0,1,1,1.0,34.975,0.9859055673009162,0
0,0,0,20,1,0.0,0.0,0.0,0.0,1.0,0.0,0.0,0,50.0,1003.05,0,1,0,0,1,0,0,0,0,0,1,1.0,25.0,0,0,0,0,0,0.0,2.380952380952381,19.66764705882353,1
0,0,0,6,1,0.0,0.0,0.0,1.0,1.0,1.0,1.0,1,99.95,547.65,1,0,1,0,1,0,0,0,0,0,1,4.0,19.990000000000002,1,0,0,1,0,0.0,14.278571428571428,5.424962852897473,0
0,1,0,66,1,1.0,0.0,1.0,1.0,0.0,1.0,1.0,1,105.0,7133.25,0,0,1,0,1,0,0,0,1,0,0,5.0,17.5,1,0,1,1,0,1.0,1.5671641791044777,67.29481132075472,3
0,1,1,70,1,1.0,1.0,1.0,1.0,1.0,1.0,1.0,1,114.2,7723.9,1,0,1,0,0,0,1,1,0,0,0,7.0,14.275,1,1,1,0,0,0.0,1.6084507042253522,67.04774305555556,3
0,1,1,55,1,0.0,0.0,0.0,0.0,0.0,0.0,0.0,0,20.5,1177.95,0,0,0,1,0,0,1,0,0,0,1,0.0,20.5,0,1,0,0,0,0.0,0.36607142857142855,54.788372093023256,2
0,1,1,38,1,0.0,0.0,0.0,0.0,0.0,0.0,0.0,1,20.2,746.05,1,0,0,1,0,0,1,0,0,0,1,0.0,20.2,0,1,0,0,0,0.0,0.5179487179487179,35.19103773584906,2
0,1,1,5,1,0.0,0.0,0.0,0.0,0.0,0.0,0.0,0,19.45,86.05,0,0,0,1,1,0,0,0,0,0,1,0.0,19.45,0,0,0,0,0,0.0,3.2416666666666667,4.207823960880195,0
0,0,0,3,0,0.0,0.0,1.0,0.0,0.0,0.0,0.0,1,29.6,79.45,0,1,0,0,1,0,0,0,0,1,0,1.0,14.8,0,0,0,0,1,0.0,7.4,2.59640522875817,0
0,1,1,61,1,1.0,0.0,0.0,0.0,0.0,0.0,0.0,1,24.1,1551.6,1,0,0,1,0,0,1,0,0,0,1,1.0,12.05,0,1,0,0,0,0.0,0.38870967741935486,61.816733067729075,3
0,0,0,20,1,0.0,0.0,0.0,0.0,0.0,0.0,0.0,0,19.7,406.95,1,0,0,1,0,0,1,0,0,0,1,0.0,19.7,0,1,0,0,0,0.0,0.9380952380952381,19.659420289855074,1
0,1,1,62,1,1.0,0.0,0.0,0.0,0.0,0.0,0.0,0,24.8,1476.25,0,0,0,1,0,1,0,1,0,0,0,1.0,12.4,0,1,1,0,0,0.0,0.39365079365079364,57.218992248062015,3
0,0,0,25,1,1.0,0.0,0.0,0.0,0.0,0.0,0.0,0,24.75,692.1,1,0,0,1,0,0,1,0,1,0,0,1.0,12.375,0,1,1,0,0,0.0,0.9519230769230769,26.877669902912622,1
0,0,0,11,1,0.0,0.0,0.0,0.0,1.0,1.0,1.0,0,70.5,829.3,1,1,0,0,1,0,0,0,0,0,1,3.0,17.625,1,0,0,0,0,0.0,5.875,11.598601398601398,0
0,1,1,23,1,1.0,0.0,0.0,0.0,0.0,0.0,0.0,0,23.85,625.65,1,0,0,1,0,0,1,0,0,0,1,1.0,11.925,0,1,0,0,0,0.0,0.99375,25.17706237424547,1
1,1,0,46,1,0.0,0.0,0.0,0.0,0.0,0.0,1.0,1,80.4,3605.2,0,0,1,0,1,0,0,0,0,1,0,1.0,40.2,1,0,0,1,1,1.0,1.7106382978723405,44.289926289926285,2
0,0,0,1,1,0.0,0.0,0.0,0.0,0.0,0.0,0.0,1,44.55,44.55,1,1,0,0,1,0,0,0,1,0,0,0.0,44.55,0,0,1,0,0,0.0,22.275,0.9780461031833151,0
1,0,0,20,1,1.0,0.0,1.0,1.0,0.0,0.0,1.0,1,94.1,1782.4,1,0,1,0,1,0,0,0,0,1,0,4.0,18.82,1,0,0,1,1,1.0,4.480952380952381,18.742376445846478,1
0,1,0,63,1,1.0,0.0,1.0,1.0,0.0,1.0,1.0,1,102.4,6444.05,0,0,1,0,1,0,0,0,0,1,0,5.0,17.066666666666666,1,0,0,1,1,1.0,1.6,62.321566731141196,3
0,0,0,1,1,0.0,0.0,0.0,0.0,0.0,0.0,0.0,0,21.1,21.1,0,0,0,1,1,0,0,0,0,0,1,0.0,21.1,0,0,0,0,0,0.0,10.55,0.9547511312217195,0
1,1,0,62,1,1.0,0.0,1.0,0.0,0.0,0.0,1.0,1,89.8,5629.55,0,0,1,0,1,0,0,1,0,0,0,3.0,22.45,1,0,1,1,0,1.0,1.4253968253968254,61.999449339207054,3
0,0,0,16,1,0.0,0.0,1.0,1.0,0.0,0.0,1.0,1,93.2,1573.7,1,0,1,0,1,0,0,0,1,0,0,3.0,23.3,1,0,1,1,0,1.0,5.482352941176471,16.705944798301488,1
0,1,1,35,1,1.0,0.0,0.0,0.0,0.0,0.0,0.0,0,25.45,809.25,0,0,0,1,0,0,1,1,0,0,0,1.0,12.725,0,1,1,0,0,0.0,0.7069444444444444,30.59546313799622,1
0,0,0,2,1,0.0,0.0,0.0,0.0,0.0,1.0,0.0,1,80.65,144.15,1,0,1,0,1,0,0,0,0,1,0,1.0,40.325,1,0,0,1,1,1.0,26.883333333333336,1.7654623392529087,0
0,1,0,27,1,0.0,1.0,0.0,0.0,1.0,1.0,1.0,1,101.9,2681.15,1,0,1,0,0,1,0,0,1,0,0,4.0,20.380000000000003,1,1,1,0,0,0.0,3.6392857142857147,26.055879494655006,1
0,0,0,42,1,0.0,1.0,1.0,1.0,1.0,0.0,1.0,0,73.9,3160.55,1,1,0,0,0,1,0,0,1,0,0,5.0,12.316666666666668,1,1,1,0,0,0.0,1.7186046511627908,42.19692923898531,2
0,0,0,42,1,0.0,0.0,0.0,0.0,0.0,0.0,0.0,1,20.65,958.1,1,0,0,1,0,1,0,0,0,0,1,0.0,20.65,0,1,0,0,0,0.0,0.48023255813953486,44.2540415704388,2
1,0,0,5,1,0.0,0.0,0.0,0.0,0.0,1.0,1.0,1,91.4,449.75,0,0,1,0,1,0,0,0,0,1,0,2.0,30.46666666666667,1,0,0,1,1,1.0,15.233333333333334,4.867424242424242,0
0,1,0,1,1,0.0,0.0,0.0,0.0,0.0,0.0,0.0,1,20.3,20.3,1,0,0,1,1,0,0,1,0,0,0,0.0,20.3,0,0,1,0,0,0.0,10.15,0.9530516431924883,0
0,0,0,5,1,0.0,0.0,0.0,0.0,1.0,0.0,0.0,1,75.65,399.45,1,0,1,0,1,0,0,0,0,0,1,1.0,37.825,0,0,0,1,0,0.0,12.608333333333334,5.211350293542074,0
0,0,0,39,1,0.0,0.0,1.0,0.0,0.0,1.0,0.0,1,58.6,2224.5,1,1,0,0,0,1,0,0,1,0,0,2.0,19.533333333333335,1,1,1,0,0,0.0,1.465,37.32382550335571,2
1,0,0,5,1,0.0,0.0,0.0,0.0,0.0,0.0,0.0,1,71.45,371.6,0,0,1,0,1,0,0,0,0,0,1,0.0,71.45,0,0,0,1,0,1.0,11.908333333333333,5.129054520358868,0
1,0,0,2,1,0.0,0.0,0.0,0.0,0.0,0.0,0.0,1,69.6,131.65,1,0,1,0,1,0,0,0,0,1,0,0.0,69.6,0,0,0,1,1,1.0,23.2,1.8647308781869691,0
0,0,0,2,1,1.0,0.0,0.0,1.0,0.0,1.0,0.0,1,91.4,193.6,1,0,1,0,1,0,0,0,0,1,0,3.0,22.85,1,0,0,1,1,1.0,30.46666666666667,2.095238095238095,0
0,0,0,1,1,0.0,0.0,0.0,0.0,0.0,0.0,0.0,0,43.95,43.95,1,1,0,0,1,0,0,0,1,0,0,0.0,43.95,0,0,1,0,0,0.0,21.975,0.9777530589543938,0
0,1,0,71,1,1.0,0.0,1.0,1.0,0.0,1.0,1.0,1,105.7,7472.15,0,0,1,0,0,1,0,1,0,0,0,5.0,17.616666666666667,1,1,1,0,0,1.0,1.4680555555555557,70.02952202436738,3
0,1,0,49,1,0.0,0.0,1.0,0.0,0.0,1.0,0.0,1,85.3,4297.95,0,0,1,0,1,0,0,0,1,0,0,2.0,28.433333333333334,1,0,1,1,0,1.0,1.706,49.80243337195829,2
1,1,0,71,1,1.0,0.0,0.0,0.0,0.0,0.0,0.0,0,25.45,1789.65,0,0,0,1,0,0,1,0,1,0,0,1.0,12.725,0,1,1,0,0,0.0,0.3534722222222222,67.6616257088847,3
0,1,1,67,1,1.0,1.0,0.0,1.0,1.0,1.0,1.0,1,109.4,7281.6,1,0,1,0,0,1,0,0,0,1,0,6.0,15.62857142857143,1,1,0,0,0,0.0,1.6088235294117648,65.95652173913044,3
0,1,0,72,0,0.0,1.0,1.0,1.0,1.0,1.0,1.0,0,65.5,4919.7,1,1,0,0,0,0,1,1,0,0,0,6.0,9.357142857142858,1,1,1,0,0,0.0,0.8972602739726028,73.98045112781955,3
1,0,0,1,1,1.0,0.0,0.0,1.0,0.0,1.0,0.0,1,88.8,88.8,0,0,1,0,1,0,0,0,0,1,0,3.0,22.2,1,0,0,1,1,1.0,44.4,0.9888641425389755,0
0,0,0,5,1,1.0,0.0,1.0,1.0,0.0,1.0,1.0,0,105.3,550.6,0,0,1,0,1,0,0,0,0,1,0,5.0,17.55,1,0,0,1,1,1.0,17.55,5.179680150517404,0
0,1,0,40,1,0.0,0.0,1.0,1.0,0.0,0.0,0.0,0,80.8,3132.75,0,0,1,0,0,1,0,0,0,1,0,2.0,26.933333333333334,0,1,0,0,0,1.0,1.9707317073170731,38.29767726161369,2
1,0,0,25,1,1.0,0.0,1.0,1.0,0.0,1.0,1.0,0,105.95,2655.25,0,0,1,0,1,0,0,0,0,0,1,5.0,17.658333333333335,1,0,0,1,0,1.0,4.075,24.827021972884523,1
1,1,0,11,1,0.0,0.0,0.0,0.0,1.0,1.0,0.0,1,82.9,880.05,1,0,1,0,1,0,0,0,0,1,0,2.0,27.633333333333336,1,0,0,1,1,0.0,6.908333333333334,10.489272943980929,0
1,1,0,70,1,1.0,0.0,0.0,0.0,0.0,0.0,0.0,1,75.65,5411.4,1,0,1,0,0,0,1,0,1,0,0,1.0,37.825,0,1,1,0,0,1.0,1.065492957746479,70.59882583170253,3
0,1,1,8,1,0.0,0.0,0.0,0.0,0.0,0.0,0.0,0,19.6,125.0,0,0,0,1,0,0,1,0,1,0,0,0.0,19.6,0,1,1,0,0,0.0,2.177777777777778,6.067961165048543,0
0,0,0,15,1,0.0,0.0,0.0,0.0,0.0,0.0,0.0,0,19.6,299.4,1,0,0,1,1,0,0,0,0,0,1,0.0,19.6,0,0,0,0,0,0.0,1.225,14.53398058252427,1
0,1,1,49,0,0.0,0.0,1.0,0.0,0.0,1.0,1.0,1,51.8,2541.25,0,1,0,0,0,1,0,1,0,0,0,3.0,12.95,1,1,1,0,0,0.0,1.036,48.12973484848485,2
0,0,0,11,1,0.0,0.0,0.0,1.0,0.0,1.0,1.0,1,69.35,712.25,0,1,0,0,1,0,0,0,0,1,0,3.0,17.3375,1,0,0,0,1,0.0,5.779166666666666,10.124378109452737,0
0,1,0,15,1,0.0,1.0,0.0,1.0,0.0,1.0,1.0,0,101.75,1669.4,1,0,1,0,1,0,0,0,0,1,0,4.0,20.35,1,0,0,1,1,0.0,6.359375,16.24720194647202,1
0,1,1,1,1,0.0,0.0,0.0,0.0,0.0,0.0,0.0,0,19.25,19.25,1,0,0,1,1,0,0,0,0,1,0,0.0,19.25,0,0,0,0,1,0.0,9.625,0.9506172839506173,0
0,1,1,58,1,1.0,0.0,0.0,0.0,0.0,0.0,0.0,0,25.15,1509.9,1,0,0,1,0,0,1,0,1,0,0,1.0,12.575,0,1,1,0,0,0.0,0.42627118644067796,57.73996175908223,2
0,1,1,2,1,0.0,0.0,0.0,0.0,0.0,1.0,1.0,1,89.55,185.55,0,0,1,0,1,0,0,1,0,0,0,2.0,29.849999999999998,1,0,1,1,0,1.0,29.849999999999998,2.049144119271121,0
0,0,0,4,1,0.0,0.0,0.0,0.0,0.0,0.0,0.0,0,20.35,77.5,1,0,0,1,1,0,0,0,0,0,1,0.0,20.35,0,0,0,0,0,0.0,4.07,3.6299765807962525,0
0,1,1,38,1,0.0,0.0,0.0,0.0,0.0,0.0,0.0,0,20.45,781.25,1,0,0,1,1,0,0,0,0,0,1,0.0,20.45,0,0,0,0,0,0.0,0.5243589743589744,36.421911421911425,2
0,1,1,18,1,0.0,0.0,0.0,0.0,1.0,0.0,1.0,1,85.6,1601.5,0,0,1,0,1,0,0,0,0,1,0,2.0,28.53333333333333,1,0,0,1,1,0.0,4.505263157894737,18.49307159353349,1
0,1,1,3,1,0.0,0.0,0.0,0.0,0.0,0.0,0.0,0,19.1,52.0,1,0,0,1,0,0,1,0,0,0,1,0.0,19.1,0,1,0,0,0,0.0,4.775,2.587064676616915,0
0,1,1,2,1,0.0,1.0,1.0,0.0,1.0,0.0,0.0,0,59.5,130.5,0,1,0,0,0,0,1,0,0,0,1,3.0,14.875,0,1,0,0,0,0.0,19.833333333333332,2.15702479338843,0
0,0,0,1,1,1.0,0.0,0.0,0.0,0.0,1.0,1.0,1,93.85,93.85,1,0,1,0,1,0,0,0,0,1,0,3.0,23.4625,1,0,0,1,1,1.0,46.925,0.9894570374275171,0
0,0,0,15,1,1.0,0.0,1.0,0.0,1.0,0.0,0.0,1,58.6,939.7,0,1,0,0,1,0,0,0,1,0,0,3.0,14.65,0,0,1,0,0,0.0,3.6625,15.766778523489933,1
0,1,0,4,0,0.0,0.0,0.0,0.0,0.0,0.0,0.0,1,25.15,99.95,1,1,0,0,1,0,0,0,0,1,0,0.0,25.15,0,0,0,0,1,0.0,5.029999999999999,3.8221797323135758,0
0,0,0,1,1,0.0,0.0,0.0,0.0,1.0,0.0,0.0,0,74.0,74.0,0,0,1,0,1,0,0,0,0,1,0,1.0,37.0,0,0,0,1,1,0.0,37.0,0.9866666666666667,0
0,0,0,10,1,1.0,1.0,0.0,0.0,0.0,1.0,1.0,1,98.7,973.25,1,0,1,0,1,0,0,0,0,1,0,4.0,19.740000000000002,1,0,0,1,1,0.0,8.972727272727273,9.761785356068204,0
1,0,0,15,1,1.0,0.0,0.0,0.0,0.0,0.0,0.0,1,74.45,1145.7,1,0,1,0,1,0,0,0,0,0,1,1.0,37.225,0,0,0,1,0,1.0,4.653125,15.184890656063619,1
0,0,0,66,0,0.0,1.0,1.0,1.0,1.0,0.0,0.0,1,47.4,3177.25,1,1,0,0,0,0,1,0,0,0,1,4.0,9.48,0,1,0,0,0,0.0,0.7074626865671642,65.64566115702479,3
1,1,0,52,1,1.0,0.0,1.0,1.0,0.0,1.0,1.0,1,105.1,5376.4,0,0,1,0,0,1,0,1,0,0,0,5.0,17.516666666666666,1,1,1,0,0,1.0,1.9830188679245282,50.672950047125354,2
0,1,0,68,1,0.0,1.0,1.0,1.0,0.0,0.0,1.0,0,70.95,4741.45,0,1,0,0,0,0,1,1,0,0,0,4.0,14.190000000000001,1,1,1,0,0,0.0,1.0282608695652173,65.89923558026406,3
1,1,1,41,1,1.0,0.0,1.0,1.0,1.0,1.0,1.0,1,111.95,4534.9,0,0,1,0,0,1,0,0,0,1,0,6.0,15.992857142857144,1,1,0,0,0,0.0,2.6654761904761903,40.149623727312964,2
0,0,1,16,1,1.0,1.0,1.0,0.0,0.0,0.0,1.0,1,69.1,1083.7,0,1,0,0,1,0,0,0,0,1,0,4.0,13.819999999999999,1,0,0,0,1,0.0,4.064705882352941,15.459343794579175,1
0,1,1,28,1,1.0,0.0,0.0,0.0,1.0,0.0,1.0,1,90.45,2509.25,1,0,1,0,0,1,0,0,0,1,0,3.0,22.6125,1,1,0,0,0,0.0,3.1189655172413793,27.43849097867687,1
0,0,0,7,1,0.0,0.0,1.0,0.0,0.0,1.0,1.0,1,94.25,669.0,0,0,1,0,1,0,0,0,0,1,0,3.0,23.5625,1,0,0,1,1,1.0,11.78125,7.0236220472440944,0
1,0,0,55,1,1.0,1.0,0.0,0.0,0.0,1.0,1.0,1,98.8,5617.75,0,0,1,0,1,0,0,0,0,1,0,4.0,19.759999999999998,1,0,0,1,1,0.0,1.7642857142857142,56.29008016032064,2
0,0,0,67,1,0.0,1.0,1.0,0.0,1.0,0.0,0.0,0,60.5,3870.0,1,1,0,0,0,1,0,0,1,0,0,3.0,15.125,0,1,1,0,0,0.0,0.8897058823529411,62.926829268292686,3
0,0,0,41,1,1.0,0.0,1.0,0.0,0.0,0.0,0.0,1,56.3,2364.0,1,1,0,0,0,1,0,0,1,0,0,2.0,18.766666666666666,0,1,1,0,0,0.0,1.3404761904761904,41.2565445026178,2
0,0,0,45,1,1.0,1.0,1.0,1.0,1.0,1.0,1.0,1,115.65,5125.5,1,0,1,0,1,0,0,0,0,1,0,7.0,14.45625,1,0,0,1,1,0.0,2.514130434782609,43.939134162023144,2
1,0,0,23,1,1.0,0.0,1.0,1.0,0.0,1.0,1.0,1,106.4,2483.5,0,0,1,0,1,0,0,0,0,1,0,5.0,17.733333333333334,1,0,0,1,1,1.0,4.433333333333334,23.12383612662942,1
0,0,0,1,1,0.0,0.0,0.0,0.0,1.0,0.0,0.0,1,74.3,74.3,0,0,1,0,1,0,0,0,0,0,1,1.0,37.15,0,0,0,1,0,0.0,37.15,0.9867197875166003,0
0,1,0,42,1,0.0,0.0,0.0,0.0,0.0,0.0,0.0,0,20.25,835.5,0,0,0,1,0,0,1,0,0,1,0,0.0,20.25,0,1,0,0,0,0.0,0.47093023255813954,39.31764705882353,2
0,1,1,17,1,1.0,0.0,0.0,0.0,0.0,1.0,1.0,1,92.55,1515.1,0,0,1,0,1,0,0,0,0,1,0,3.0,23.1375,1,0,0,1,1,1.0,5.141666666666667,16.195617316942812,1
0,0,0,4,1,1.0,0.0,1.0,0.0,0.0,0.0,1.0,1,88.95,355.2,1,0,1,0,1,0,0,0,0,1,0,3.0,22.2375,1,0,0,1,1,1.0,17.79,3.948860478043357,0
0,0,0,1,1,0.0,0.0,0.0,0.0,0.0,0.0,0.0,0,20.9,20.9,1,0,0,1,1,0,0,0,0,0,1,0.0,20.9,0,0,0,0,0,0.0,10.45,0.954337899543379,0
1,1,0,22,1,1.0,0.0,0.0,0.0,0.0,0.0,0.0,0,25.6,548.8,1,0,0,1,0,1,0,1,0,0,0,1.0,12.8,0,1,1,0,0,0.0,1.1130434782608696,20.631578947368418,1
0,0,0,39,0,0.0,0.0,1.0,1.0,1.0,0.0,0.0,0,41.1,1597.05,1,1,0,0,1,0,0,1,0,0,0,3.0,10.275,0,0,1,0,0,0.0,1.0275,37.934679334916865,2
0,1,0,56,1,0.0,0.0,0.0,1.0,1.0,1.0,1.0,1,98.7,5669.5,1,0,1,0,1,0,0,0,0,1,0,4.0,19.740000000000002,1,0,0,1,1,0.0,1.731578947368421,56.865596790371114,2
0,1,0,42,1,1.0,0.0,1.0,1.0,1.0,0.0,1.0,1,99.45,4138.05,0,0,1,0,1,0,0,0,0,1,0,5.0,16.575,1,0,0,1,1,0.0,2.312790697674419,41.19512195121951,2
0,1,1,16,1,1.0,0.0,1.0,0.0,0.0,0.0,0.0,1,79.95,1267.95,1,0,1,0,1,0,0,0,1,0,0,2.0,26.650000000000002,0,0,1,1,0,1.0,4.702941176470588,15.663372452130945,1
1,0,0,1,1,0.0,0.0,0.0,0.0,0.0,0.0,0.0,1,69.25,69.25,1,0,1,0,1,0,0,0,0,1,0,0.0,69.25,0,0,0,1,1,1.0,34.625,0.9857651245551602,0
0,1,1,58,1,1.0,0.0,1.0,0.0,0.0,1.0,0.0,1,66.8,3970.4,1,1,0,0,1,0,0,1,0,0,0,3.0,16.7,1,0,1,0,0,0.0,1.1322033898305084,58.56047197640118,2
0,0,0,28,1,0.0,0.0,1.0,0.0,1.0,0.0,0.0,0,54.65,1517.5,1,1,0,0,1,0,0,1,0,0,0,2.0,18.216666666666665,0,0,1,0,0,0.0,1.8844827586206896,27.268643306379158,1
0,1,1,69,0,0.0,0.0,1.0,1.0,0.0,1.0,1.0,1,54.95,3772.5,1,1,0,0,0,0,1,0,1,0,0,4.0,10.99,1,1,1,0,0,0.0,0.785,67.42627345844504,3
0,0,0,13,0,0.0,0.0,1.0,0.0,0.0,0.0,0.0,1,31.05,347.25,1,1,0,0,1,0,0,0,0,1,0,1.0,15.525,0,0,0,0,1,0.0,2.217857142857143,10.834633385335414,1
0,1,1,1,1,0.0,0.0,0.0,0.0,0.0,1.0,1.0,0,89.15,89.15,0,0,1,0,1,0,0,0,0,0,1,2.0,29.71666666666667,1,0,0,1,0,1.0,44.575,0.9889073765945646,0
0,1,1,61,1,0.0,0.0,0.0,1.0,1.0,1.0,1.0,1,73.8,4616.05,1,1,0,0,0,0,1,1,0,0,0,4.0,14.76,1,1,1,0,0,0.0,1.1903225806451612,61.71189839572193,3
0,1,1,72,1,1.0,1.0,1.0,1.0,1.0,0.0,0.0,0,72.1,5016.65,0,1,0,0,0,0,1,0,1,0,0,5.0,12.016666666666666,0,1,1,0,0,0.0,0.9876712328767122,68.62722298221614,3
0,1,0,3,1,0.0,0.0,0.0,1.0,1.0,0.0,0.0,1,55.8,154.55,0,1,0,0,1,0,0,0,0,0,1,2.0,18.599999999999998,0,0,0,0,0,0.0,13.95,2.7209507042253525,0
0,0,0,6,1,0.0,0.0,0.0,0.0,0.0,1.0,1.0,0,89.3,577.6,1,0,1,0,1,0,0,0,0,1,0,2.0,29.766666666666666,1,0,0,1,1,1.0,12.757142857142856,6.396456256921374,0
0,0,1,23,1,0.0,0.0,0.0,0.0,0.0,0.0,0.0,0,19.8,465.45,0,0,0,1,0,1,0,0,0,0,1,0.0,19.8,0,1,0,0,0,0.0,0.8250000000000001,22.377403846153843,1
0,0,0,8,1,0.0,0.0,0.0,0.0,0.0,0.0,0.0,1,20.45,162.3,0,0,0,1,1,0,0,0,1,0,0,0.0,20.45,0,0,1,0,0,0.0,2.272222222222222,7.566433566433568,0
1,1,1,38,1,1.0,0.0,1.0,0.0,0.0,1.0,1.0,0,101.15,3741.85,0,0,1,0,1,0,0,0,0,1,0,4.0,20.23,1,0,0,1,1,1.0,2.5935897435897437,36.63093489965736,2
0,0,0,2,1,0.0,0.0,0.0,0.0,0.0,0.0,0.0,1,45.85,105.6,1,1,0,0,1,0,0,0,0,0,1,0.0,45.85,0,0,0,0,0,0.0,15.283333333333333,2.254002134471718,0
0,0,0,8,1,1.0,0.0,0.0,0.0,0.0,1.0,1.0,0,95.65,778.1,1,0,1,0,1,0,0,1,0,0,0,3.0,23.9125,1,0,1,1,0,1.0,10.627777777777778,8.05069839627522,0
0,1,0,34,1,1.0,0.0,0.0,1.0,0.0,1.0,1.0,1,100.45,3414.65,1,0,1,0,1,0,0,0,0,1,0,4.0,20.09,1,0,0,1,1,1.0,2.87,33.65845243962543,1
0,1,0,34,1,1.0,0.0,1.0,0.0,0.0,0.0,1.0,0,88.85,3000.25,0,0,1,0,1,0,0,0,0,0,1,3.0,22.2125,1,0,0,1,0,1.0,2.5385714285714283,33.39176405119644,1
0,0,0,60,1,0.0,1.0,0.0,1.0,1.0,1.0,1.0,1,104.95,6236.75,1,0,1,0,1,0,0,1,0,0,0,5.0,17.491666666666667,1,0,1,1,0,0.0,1.7204918032786887,58.86503067484662,2
0,0,1,66,1,0.0,0.0,1.0,1.0,1.0,1.0,1.0,1,79.5,5196.1,0,1,0,0,0,0,1,0,1,0,0,5.0,13.25,1,1,1,0,0,0.0,1.1865671641791045,64.54782608695653,3
1,0,0,15,1,1.0,0.0,1.0,0.0,0.0,1.0,0.0,0,89.0,1288.3,1,0,1,0,1,0,0,0,1,0,0,3.0,22.25,1,0,1,1,0,1.0,5.5625,14.314444444444444,1
0,0,0,13,1,0.0,0.0,0.0,0.0,0.0,0.0,0.0,1,70.15,886.7,1,0,1,0,1,0,0,0,0,0,1,0.0,70.15,0,0,0,1,0,1.0,5.010714285714286,12.462403373155306,1
0,0,0,7,0,0.0,0.0,0.0,0.0,0.0,0.0,0.0,1,24.35,150.85,0,1,0,0,0,1,0,0,1,0,0,0.0,24.35,0,1,1,0,0,0.0,3.04375,5.950690335305719,0
0,1,0,67,1,0.0,1.0,1.0,1.0,1.0,1.0,1.0,1,111.05,7321.05,0,0,1,0,0,0,1,0,0,1,0,6.0,15.864285714285714,1,1,0,0,0,0.0,1.6330882352941176,65.33734939759036,3
0,1,1,52,1,1.0,0.0,0.0,0.0,0.0,0.0,0.0,0,24.55,1331.05,0,0,0,1,0,0,1,0,0,0,1,1.0,12.275,0,1,0,0,0,0.0,0.46320754716981133,52.0958904109589,2
0,0,0,65,1,1.0,0.0,0.0,0.0,0.0,0.0,0.0,1,25.1,1725.0,0,0,0,1,0,0,1,1,0,0,0,1.0,12.55,0,1,1,0,0,0.0,0.3803030303030303,66.0919540229885,3
0,1,1,66,0,0.0,0.0,1.0,1.0,0.0,1.0,1.0,1,56.75,3708.4,0,1,0,0,0,0,1,0,1,0,0,4.0,11.35,1,1,1,0,0,0.0,0.8470149253731343,64.21471861471862,3
0,0,0,57,1,1.0,0.0,0.0,0.0,1.0,1.0,0.0,1,90.45,5229.8,0,0,1,0,0,0,1,0,1,0,0,3.0,22.6125,1,1,1,0,0,0.0,1.5594827586206896,57.187534171678514,2
1,1,0,26,1,1.0,0.0,0.0,1.0,0.0,1.0,1.0,1,98.1,2510.7,1,0,1,0,1,0,0,1,0,0,0,4.0,19.619999999999997,1,0,1,1,0,1.0,3.6333333333333333,25.335015136226033,1
0,0,0,1,1,0.0,0.0,0.0,1.0,0.0,0.0,0.0,1,74.9,74.9,1,0,1,0,1,0,0,0,0,1,0,1.0,37.45,0,0,0,1,1,1.0,37.45,0.9868247694334651,0
0,0,1,2,1,0.0,1.0,0.0,0.0,0.0,0.0,1.0,1,61.2,125.95,1,1,0,0,1,0,0,0,1,0,0,2.0,20.400000000000002,1,0,1,0,0,0.0,20.400000000000002,2.02491961414791,0
1,0,0,27,1,1.0,1.0,1.0,1.0,0.0,1.0,1.0,1,110.5,2857.6,1,0,1,0,0,1,0,1,0,0,0,6.0,15.785714285714286,1,1,1,0,0,0.0,3.9464285714285716,25.628699551569508,1
0,0,0,22,1,0.0,0.0,0.0,0.0,0.0,0.0,0.0,1,69.7,1490.4,0,0,1,0,1,0,0,0,0,0,1,0.0,69.7,0,0,0,1,0,1.0,3.0304347826086957,21.08062234794908,1
0,1,1,9,1,1.0,0.0,0.0,1.0,0.0,0.0,0.0,1,79.35,661.25,0,0,1,0,1,0,0,1,0,0,0,2.0,26.45,0,0,1,1,0,1.0,7.935,8.229620410703173,0
0,1,0,42,1,1.0,0.0,0.0,0.0,0.0,0.0,0.0,1,50.25,2203.65,1,1,0,0,1,0,0,0,0,1,0,1.0,25.125,0,0,0,0,1,0.0,1.1686046511627908,42.99804878048781,2
0,1,1,32,0,0.0,0.0,0.0,1.0,0.0,1.0,1.0,0,50.6,1653.45,0,1,0,0,1,0,0,0,1,0,0,3.0,12.65,1,0,1,0,0,0.0,1.5333333333333334,32.04360465116279,1
0,1,1,19,1,0.0,0.0,0.0,0.0,0.0,0.0,0.0,0,20.2,382.2,1,0,0,1,1,0,0,0,0,0,1,0.0,20.2,0,0,0,0,0,0.0,1.01,18.028301886792452,1
0,0,0,16,1,1.0,0.0,0.0,1.0,0.0,0.0,1.0,1,65.2,1043.35,1,1,0,0,1,0,0,0,1,0,0,3.0,16.3,1,0,1,0,0,0.0,3.835294117647059,15.760574018126887,1
0,0,0,4,0,0.0,0.0,0.0,0.0,0.0,0.0,0.0,1,24.45,86.6,1,1,0,0,1,0,0,0,0,1,0,0.0,24.45,0,0,0,0,1,0.0,4.89,3.4027504911591353,0
0,0,0,17,1,0.0,0.0,0.0,0.0,0.0,0.0,0.0,0,19.9,323.15,1,0,0,1,0,1,0,1,0,0,0,0.0,19.9,0,1,1,0,0,0.0,1.1055555555555554,15.461722488038278,1
0,1,0,55,1,1.0,0.0,0.0,1.0,0.0,0.0,0.0,1,77.75,4458.15,1,0,1,0,1,0,0,0,0,1,0,2.0,25.916666666666668,0,0,0,1,1,1.0,1.3883928571428572,56.61142857142857,2
0,0,0,38,1,1.0,1.0,1.0,0.0,0.0,1.0,1.0,1,104.85,3887.25,0,0,1,0,0,1,0,0,0,1,0,5.0,17.474999999999998,1,1,0,0,0,0.0,2.6884615384615382,36.724137931034484,2
1,0,0,2,1,1.0,0.0,0.0,1.0,0.0,0.0,1.0,1,88.55,179.25,1,0,1,0,1,0,0,0,0,1,0,3.0,22.1375,1,0,0,1,1,1.0,29.516666666666666,2.001675041876047,0
0,1,0,27,1,1.0,0.0,0.0,0.0,0.0,1.0,1.0,0,95.0,2462.55,1,0,1,0,1,0,0,0,1,0,0,3.0,23.75,1,0,1,1,0,1.0,3.392857142857143,25.6515625,1
0,1,0,50,1,0.0,0.0,0.0,0.0,0.0,0.0,0.0,0,20.55,1067.65,0,0,0,1,0,0,1,0,0,0,1,0.0,20.55,0,1,0,0,0,0.0,0.40294117647058825,49.54292343387471,2
0,1,1,59,1,1.0,1.0,1.0,0.0,1.0,1.0,1.0,1,111.1,6555.2,0,0,1,0,0,0,1,0,0,0,1,6.0,15.87142857142857,1,1,0,0,0,0.0,1.8516666666666666,58.47636039250669,2
0,1,1,52,1,1.0,0.0,1.0,1.0,0.0,1.0,0.0,1,95.7,4976.15,1,0,1,0,0,1,0,0,1,0,0,4.0,19.14,1,1,1,0,0,1.0,1.8056603773584907,51.45966907962771,2
0,1,1,1,1,0.0,0.0,0.0,0.0,0.0,0.0,0.0,0,19.85,19.85,0,0,0,1,0,1,0,0,1,0,0,0.0,19.85,0,1,1,0,0,0.0,9.925,0.9520383693045563,0
0,0,1,1,1,0.0,0.0,0.0,0.0,0.0,0.0,0.0,1,19.45,19.45,0,0,0,1,1,0,0,0,0,0,1,0.0,19.45,0,0,0,0,0,0.0,9.725,0.9511002444987775,0
0,0,0,29,0,0.0,0.0,0.0,0.0,0.0,0.0,0.0,1,24.85,788.05,0,1,0,0,0,1,0,0,0,0,1,0.0,24.85,0,1,0,0,0,0.0,0.8283333333333334,30.48549323017408,1
0,0,0,26,1,1.0,0.0,0.0,0.0,0.0,0.0,1.0,1,83.95,2254.2,0,0,1,0,1,0,0,0,0,1,0,2.0,27.983333333333334,1,0,0,1,1,1.0,3.109259259259259,26.535609181871685,1
0,0,0,63,1,1.0,0.0,1.0,0.0,0.0,0.0,1.0,0,90.45,5825.5,0,0,1,0,0,1,0,0,1,0,0,3.0,22.6125,1,1,1,0,0,1.0,1.41328125,63.70147621651175,3
0,0,0,44,1,0.0,0.0,1.0,1.0,0.0,1.0,0.0,1,88.15,3973.2,1,0,1,0,1,0,0,0,1,0,0,3.0,22.0375,1,0,1,1,0,1.0,1.9588888888888891,44.56758272574312,2
0,0,0,10,1,1.0,0.0,0.0,1.0,0.0,1.0,1.0,1,100.6,1060.2,1,0,1,0,1,0,0,0,0,1,0,4.0,20.119999999999997,1,0,0,1,1,1.0,9.145454545454545,10.43503937007874,0
0,1,1,23,1,0.0,0.0,0.0,0.0,0.0,0.0,0.0,0,20.05,415.1,1,0,0,1,0,1,0,0,0,0,1,0.0,20.05,0,1,0,0,0,0.0,0.8354166666666667,19.719714964370546,1
0,0,0,1,1,0.0,0.0,0.0,0.0,0.0,0.0,0.0,0,46.2,46.2,0,1,0,0,1,0,0,0,1,0,0,0.0,46.2,0,0,1,0,0,0.0,23.1,0.978813559322034,0
0,0,1,54,1,0.0,0.0,1.0,1.0,1.0,0.0,0.0,1,61.0,3283.05,0,1,0,0,0,1,0,0,0,1,0,3.0,15.25,0,1,0,0,0,0.0,1.1090909090909091,52.95241935483871,2
0,0,0,16,1,1.0,0.0,1.0,0.0,0.0,0.0,0.0,1,80.55,1248.9,0,0,1,0,1,0,0,0,0,0,1,2.0,26.849999999999998,0,0,0,1,0,1.0,4.738235294117647,15.314530962599633,1
0,0,0,1,1,0.0,0.0,0.0,1.0,0.0,0.0,0.0,0,50.9,50.9,0,1,0,0,1,0,0,0,0,0,1,1.0,25.45,0,0,0,0,0,0.0,25.45,0.9807321772639692,0
0,1,1,15,1,0.0,0.0,1.0,1.0,1.0,0.0,1.0,1,69.5,1071.4,0,1,0,0,1,0,0,0,0,0,1,4.0,13.9,1,0,0,0,0,0.0,4.34375,15.197163120567378,1
1,1,0,1,1,0.0,1.0,0.0,0.0,0.0,0.0,0.0,1,49.55,49.55,1,1,0,0,1,0,0,0,0,1,0,1.0,24.775,0,0,0,0,1,0.0,24.775,0.9802176063303659,0
0,1,1,53,1,1.0,0.0,1.0,1.0,0.0,1.0,1.0,1,105.25,5576.3,0,0,1,0,0,1,0,0,0,1,0,5.0,17.541666666666668,1,1,0,0,0,1.0,1.9490740740740742,52.48282352941177,2
0,0,0,18,1,1.0,1.0,0.0,1.0,0.0,0.0,0.0,1,60.6,1156.35,1,1,0,0,1,0,0,0,0,0,1,3.0,15.15,0,0,0,0,0,0.0,3.1894736842105265,18.771915584415584,1
0,1,0,51,1,0.0,1.0,1.0,1.0,1.0,1.0,1.0,1,83.25,4089.45,0,1,0,0,0,0,1,0,1,0,0,6.0,11.892857142857142,1,1,1,0,0,0.0,1.6009615384615385,48.539465875370915,2
0,0,1,15,1,1.0,0.0,1.0,0.0,0.0,1.0,0.0,1,91.0,1430.05,0,0,1,0,1,0,0,0,0,1,0,3.0,22.75,1,0,0,1,1,1.0,5.6875,15.544021739130434,1
0,1,0,24,1,1.0,1.0,0.0,0.0,1.0,0.0,0.0,1,58.35,1346.9,0,1,0,0,0,1,0,0,0,1,0,3.0,14.5875,0,1,0,0,0,0.0,2.334,22.69418702611626,1
0,1,1,71,1,1.0,1.0,1.0,1.0,0.0,1.0,0.0,0,100.5,7030.65,1,0,1,0,0,0,1,1,0,0,0,5.0,16.75,1,1,1,0,0,0.0,1.3958333333333333,69.26748768472906,3
1,1,0,27,1,1.0,1.0,0.0,0.0,1.0,1.0,1.0,1,104.3,2867.75,1,0,1,0,1,0,0,1,0,0,0,5.0,17.383333333333333,1,0,1,1,0,0.0,3.725,27.2340930674264,1
0,1,0,22,1,0.0,1.0,0.0,0.0,1.0,0.0,0.0,1,54.2,1152.7,0,1,0,0,1,0,0,0,0,1,0,2.0,18.066666666666666,0,0,0,0,1,0.0,2.356521739130435,20.882246376811594,1
1,0,0,17,1,1.0,0.0,0.0,1.0,0.0,0.0,0.0,1,82.65,1470.05,1,0,1,0,1,0,0,0,1,0,0,2.0,27.55,0,0,1,1,0,1.0,4.591666666666667,17.573819485953376,1
0,1,1,35,0,0.0,0.0,0.0,0.0,1.0,1.0,0.0,0,40.9,1383.6,1,1,0,0,0,1,0,0,0,0,1,2.0,13.633333333333333,1,1,0,0,0,0.0,1.136111111111111,33.02147971360382,1
0,0,0,29,1,0.0,0.0,0.0,0.0,0.0,1.0,0.0,1,78.9,2384.15,1,0,1,0,1,0,0,0,0,1,0,1.0,39.45,1,0,0,1,1,1.0,2.6300000000000003,29.839173967459324,1
0,0,0,26,1,0.0,0.0,0.0,0.0,0.0,0.0,0.0,1,20.3,511.25,0,0,0,1,1,0,0,0,0,1,0,0.0,20.3,0,0,0,0,1,0.0,0.7518518518518519,24.002347417840376,1
0,1,1,32,1,0.0,1.0,1.0,1.0,1.0,0.0,1.0,0,76.3,2404.15,1,1,0,0,1,0,0,1,0,0,0,5.0,12.716666666666667,1,0,1,0,0,0.0,2.312121212121212,31.101552393272964,1
0,1,1,22,1,0.0,0.0,0.0,0.0,1.0,0.0,0.0,1,51.1,1232.9,0,1,0,0,1,0,0,0,0,1,0,1.0,25.55,0,0,0,0,1,0.0,2.221739130434783,23.664107485604607,1
0,0,1,4,1,1.0,0.0,1.0,0.0,0.0,1.0,1.0,1,101.7,364.55,0,0,1,0,1,0,0,0,0,1,0,4.0,20.34,1,0,0,1,1,1.0,20.34,3.549659201557936,0
0,0,0,6,1,0.0,0.0,0.0,0.0,0.0,1.0,1.0,1,89.5,573.3,1,0,1,0,1,0,0,0,0,1,0,2.0,29.833333333333332,1,0,0,1,1,1.0,12.785714285714286,6.334806629834254,0
0,0,0,31,1,0.0,0.0,0.0,0.0,0.0,0.0,0.0,0,20.9,689.35,1,0,0,1,0,0,1,0,1,0,0,0.0,20.9,0,1,1,0,0,0.0,0.653125,31.47716894977169,1
0,1,0,64,1,1.0,1.0,1.0,1.0,0.0,0.0,0.0,0,89.45,5692.65,0,0,1,0,0,1,0,1,0,0,0,4.0,17.89,0,1,1,0,0,0.0,1.3761538461538463,62.93698175787728,3
0,0,0,1,1,0.0,0.0,1.0,0.0,0.0,0.0,0.0,1,74.35,74.35,0,0,1,0,1,0,0,0,0,1,0,1.0,37.175,0,0,0,1,1,1.0,37.175,0.986728599867286,0
0,1,1,61,0,0.0,1.0,0.0,1.0,0.0,0.0,0.0,0,33.6,2117.2,0,1,0,0,1,0,0,1,0,0,0,2.0,11.200000000000001,0,0,1,0,0,0.0,0.5419354838709678,61.1907514450867,3
0,0,0,6,0,0.0,0.0,0.0,0.0,1.0,1.0,1.0,1,49.25,255.6,1,1,0,0,0,1,0,0,0,0,1,3.0,12.3125,1,1,0,0,0,0.0,7.035714285714286,5.086567164179105,0
0,1,1,50,1,0.0,0.0,1.0,1.0,1.0,1.0,1.0,1,103.4,5236.4,0,0,1,0,0,1,0,1,0,0,0,5.0,17.233333333333334,1,1,1,0,0,0.0,2.0274509803921568,50.15708812260536,2
0,0,0,9,1,0.0,0.0,0.0,0.0,1.0,1.0,0.0,1,59.5,530.05,1,1,0,0,1,0,0,1,0,0,0,2.0,19.833333333333332,1,0,1,0,0,0.0,5.95,8.761157024793388,0
0,0,0,11,1,0.0,0.0,0.0,0.0,0.0,0.0,0.0,0,19.55,223.15,0,0,0,1,0,0,1,0,1,0,0,0.0,19.55,0,1,1,0,0,0.0,1.6291666666666667,10.858880778588807,0
1,1,0,27,0,0.0,0.0,0.0,0.0,0.0,0.0,1.0,0,36.5,1032.0,0,1,0,0,1,0,0,1,0,0,0,1.0,18.25,1,0,1,0,0,0.0,1.3035714285714286,27.52,1
0,0,0,43,1,0.0,0.0,1.0,0.0,0.0,0.0,1.0,1,60.0,2548.55,0,1,0,0,0,0,1,0,0,1,0,2.0,20.0,1,1,0,0,0,0.0,1.3636363636363635,41.779508196721316,2
0,1,1,47,1,1.0,0.0,1.0,0.0,0.0,1.0,0.0,0,87.2,4017.45,0,0,1,0,1,0,0,0,0,1,0,3.0,21.8,1,0,0,1,1,1.0,1.8166666666666667,45.54931972789115,2
0,1,1,3,1,0.0,0.0,0.0,1.0,0.0,0.0,0.0,1,50.15,168.15,0,1,0,0,1,0,0,0,0,1,0,1.0,25.075,0,0,0,0,1,0.0,12.5375,3.2873900293255134,0
0,0,0,65,1,1.0,0.0,1.0,0.0,1.0,1.0,1.0,1,105.05,6744.25,1,0,1,0,0,1,0,1,0,0,0,5.0,17.508333333333333,1,1,1,0,0,0.0,1.5916666666666666,63.5950023573786,3
0,0,0,19,0,0.0,0.0,0.0,0.0,0.0,0.0,0.0,1,25.15,468.35,0,1,0,0,1,0,0,1,0,0,0,0.0,25.15,0,0,1,0,0,0.0,1.2574999999999998,17.91013384321224,1
0,0,1,43,1,1.0,0.0,0.0,0.0,0.0,0.0,0.0,1,25.1,1070.15,1,0,0,1,0,0,1,0,0,1,0,1.0,12.55,0,1,0,0,0,0.0,0.5704545454545454,41.00191570881226,2
1,0,0,66,1,1.0,0.0,1.0,1.0,0.0,1.0,1.0,0,108.1,7238.6,1,0,1,0,0,1,0,1,0,0,0,5.0,18.016666666666666,1,1,1,0,0,1.0,1.6134328358208954,66.34830430797435,3
0,0,0,60,1,1.0,0.0,0.0,1.0,1.0,1.0,1.0,0,80.55,4847.05,1,1,0,0,0,1,0,0,1,0,0,5.0,13.424999999999999,1,1,1,0,0,0.0,1.3204918032786885,59.43654199877376,2
1,0,0,8,1,1.0,0.0,0.0,1.0,0.0,1.0,1.0,0,101.35,780.5,1,0,1,0,1,0,0,0,0,1,0,4.0,20.27,1,0,0,1,1,1.0,11.261111111111111,7.625793844650709,0
0,0,0,55,1,0.0,1.0,1.0,0.0,0.0,1.0,1.0,1,100.9,5552.05,0,0,1,0,0,1,0,0,0,0,1,4.0,20.18,1,1,0,0,0,0.0,1.8017857142857143,54.48527968596663,2
1,1,0,35,1,1.0,1.0,1.0,0.0,0.0,0.0,1.0,1,94.55,3365.4,0,0,1,0,1,0,0,0,0,1,0,4.0,18.91,1,0,0,1,1,0.0,2.6263888888888887,35.22135007849294,1
1,1,1,40,1,1.0,0.0,0.0,0.0,0.0,1.0,1.0,1,94.55,3640.45,1,0,1,0,1,0,0,0,1,0,0,3.0,23.6375,1,0,1,1,0,1.0,2.30609756097561,38.09994767137624,2
0,1,0,3,1,1.0,0.0,0.0,0.0,0.0,0.0,0.0,1,75.15,216.75,1,0,1,0,1,0,0,0,1,0,0,1.0,37.575,0,0,1,1,0,1.0,18.7875,2.846355876559422,0
0,1,1,70,1,1.0,0.0,1.0,0.0,0.0,1.0,1.0,0,98.3,6859.5,0,0,1,0,0,0,1,1,0,0,0,4.0,19.66,1,1,1,0,0,1.0,1.384507042253521,69.0785498489426,3
0,0,0,1,1,0.0,0.0,0.0,0.0,0.0,0.0,0.0,0,20.65,20.65,0,0,0,1,1,0,0,0,0,1,0,0.0,20.65,0,0,0,0,1,0.0,10.325,0.953810623556582,0
0,0,0,13,1,0.0,0.0,0.0,0.0,0.0,1.0,1.0,1,91.1,1135.7,0,0,1,0,1,0,0,0,0,1,0,2.0,30.366666666666664,1,0,0,1,1,1.0,6.507142857142857,12.331161780673183,1
0,0,1,45,1,1.0,0.0,0.0,1.0,0.0,1.0,1.0,0,99.7,4634.35,0,0,1,0,0,0,1,1,0,0,0,4.0,19.94,1,1,1,0,0,1.0,2.1673913043478263,46.02135054617676,2
0,0,0,3,1,0.0,0.0,0.0,0.0,0.0,0.0,0.0,0,19.85,63.75,1,0,0,1,1,0,0,0,0,0,1,0.0,19.85,0,0,0,0,0,0.0,4.9625,3.057553956834532,0
0,0,0,68,1,1.0,1.0,1.0,1.0,0.0,0.0,1.0,1,76.9,5023.0,0,1,0,0,0,1,0,0,1,0,0,5.0,12.816666666666668,1,1,1,0,0,0.0,1.1144927536231886,64.48010269576379,3
0,0,0,4,1,0.0,0.0,0.0,0.0,0.0,0.0,0.0,1,45.9,199.75,0,1,0,0,1,0,0,0,0,1,0,0.0,45.9,0,0,0,0,1,0.0,9.18,4.259061833688699,0
1,1,0,50,1,1.0,0.0,0.0,0.0,1.0,1.0,1.0,1,100.65,5189.75,1,0,1,0,0,1,0,0,0,1,0,4.0,20.130000000000003,1,1,0,0,0,0.0,1.973529411764706,51.05509099852434,2
0,1,0,10,1,1.0,1.0,0.0,0.0,0.0,0.0,0.0,1,78.15,765.15,1,0,1,0,1,0,0,0,1,0,0,2.0,26.05,0,0,1,1,0,0.0,7.104545454545455,9.66708780795957,0
0,0,0,7,1,1.0,0.0,0.0,0.0,0.0,0.0,0.0,1,75.35,564.65,1,0,1,0,1,0,0,0,0,1,0,1.0,37.675,0,0,0,1,1,1.0,9.41875,7.3955468238375905,0
0,0,0,52,1,1.0,1.0,0.0,1.0,1.0,1.0,1.0,1,109.3,5731.4,0,0,1,0,0,0,1,0,0,1,0,6.0,15.614285714285714,1,1,0,0,0,0.0,2.0622641509433963,51.96192203082502,2
0,0,0,5,1,0.0,0.0,0.0,0.0,0.0,0.0,0.0,1,19.25,86.05,0,0,0,1,1,0,0,0,0,0,1,0.0,19.25,0,0,0,0,0,0.0,3.2083333333333335,4.249382716049382,0
0,1,0,2,1,0.0,0.0,0.0,0.0,1.0,1.0,1.0,1,94.2,167.5,0,0,1,0,1,0,0,0,0,1,0,3.0,23.55,1,0,0,1,1,0.0,31.400000000000002,1.759453781512605,0
0,0,0,1,1,1.0,0.0,0.0,1.0,0.0,0.0,0.0,0,54.35,54.35,0,1,0,0,1,0,0,0,0,1,0,2.0,18.116666666666667,0,0,0,0,1,0.0,27.175,0.98193315266486,0
0,0,0,31,0,0.0,1.0,1.0,0.0,1.0,0.0,1.0,1,49.85,1520.1,1,1,0,0,0,0,1,1,0,0,0,4.0,9.97,1,1,1,0,0,0.0,1.5578125,29.89380530973451,1
1,1,0,18,1,1.0,0.0,0.0,0.0,1.0,1.0,1.0,0,99.75,1836.25,1,0,1,0,1,0,0,1,0,0,0,4.0,19.95,1,0,1,1,0,0.0,5.25,18.225806451612904,1
0,1,0,34,1,0.0,0.0,0.0,0.0,1.0,0.0,0.0,0,50.2,1815.3,1,1,0,0,1,0,0,1,0,0,0,1.0,25.1,0,0,1,0,0,0.0,1.4342857142857144,35.455078125,1
0,1,0,66,0,0.0,1.0,1.0,1.0,1.0,1.0,0.0,1,56.6,3789.2,0,1,0,0,0,0,1,1,0,0,0,5.0,9.433333333333334,1,1,1,0,0,0.0,0.8447761194029851,65.78472222222221,3
0,1,0,20,1,0.0,0.0,0.0,1.0,1.0,0.0,0.0,1,81.0,1683.7,1,0,1,0,1,0,0,0,0,0,1,2.0,27.0,0,0,0,1,0,0.0,3.857142857142857,20.532926829268295,1
1,1,0,1,1,1.0,0.0,0.0,0.0,0.0,1.0,0.0,1,86.05,86.05,0,0,1,0,1,0,0,0,0,1,0,2.0,28.683333333333334,1,0,0,1,1,1.0,43.025,0.9885123492245835,0
0,1,0,8,1,0.0,0.0,1.0,1.0,0.0,1.0,1.0,0,101.15,842.9,1,0,1,0,1,0,0,0,0,1,0,4.0,20.23,1,0,0,1,1,1.0,11.238888888888889,8.251590797846303,0
0,1,1,30,1,1.0,0.0,0.0,0.0,0.0,1.0,0.0,0,85.45,2509.95,0,0,1,0,1,0,0,0,0,1,0,2.0,28.483333333333334,1,0,0,1,1,1.0,2.7564516129032257,29.033545401966453,1
1,0,0,2,1,0.0,0.0,0.0,1.0,0.0,0.0,0.0,0,49.95,107.1,0,1,0,0,1,0,0,0,0,0,1,1.0,24.975,0,0,0,0,0,0.0,16.650000000000002,2.102060843964671,0
0,0,0,10,0,0.0,1.0,1.0,1.0,0.0,0.0,0.0,0,40.7,449.3,1,1,0,0,1,0,0,1,0,0,0,3.0,10.175,0,0,1,0,0,0.0,3.7,10.774580335731414,0
1,0,0,8,1,1.0,0.0,1.0,1.0,0.0,1.0,1.0,1,105.5,829.55,1,0,1,0,1,0,0,0,0,1,0,5.0,17.583333333333332,1,0,0,1,1,1.0,11.722222222222221,7.789201877934272,0
0,1,1,67,1,0.0,0.0,0.0,0.0,0.0,0.0,0.0,1,20.8,1411.9,0,0,0,1,0,0,1,0,0,0,1,0.0,20.8,0,1,0,0,0,0.0,0.3058823529411765,64.76605504587157,3
1,1,0,72,1,1.0,1.0,0.0,1.0,1.0,1.0,1.0,1,109.75,8075.35,1,0,1,0,0,0,1,0,0,0,1,6.0,15.678571428571429,1,1,0,0,0,0.0,1.5034246575342465,72.91512415349888,3
1,0,0,66,1,1.0,1.0,1.0,0.0,1.0,0.0,0.0,1,63.85,4174.35,1,1,0,0,0,1,0,0,1,0,0,4.0,12.77,0,1,1,0,0,0.0,0.9529850746268657,64.36931380107943,3
0,0,0,1,1,1.0,1.0,1.0,0.0,0.0,0.0,0.0,0,61.15,61.15,0,1,0,0,1,0,0,0,0,1,0,3.0,15.2875,0,0,0,0,1,0.0,30.575,0.9839098954143202,0
0,0,0,61,1,1.0,1.0,1.0,1.0,1.0,1.0,1.0,1,118.6,7365.7,1,0,1,0,0,1,0,0,0,1,0,7.0,14.825,1,1,0,0,0,0.0,1.9129032258064516,61.586120401337794,3
0,0,0,67,1,0.0,1.0,0.0,1.0,0.0,0.0,1.0,0,65.55,4361.55,0,1,0,0,0,0,1,1,0,0,0,3.0,16.3875,1,1,1,0,0,0.0,0.963970588235294,65.53794139744554,3
0,1,0,37,0,0.0,1.0,0.0,0.0,1.0,1.0,0.0,0,45.4,1593.1,1,1,0,0,0,0,1,0,0,1,0,3.0,11.35,1,1,0,0,0,0.0,1.194736842105263,34.33405172413793,2
0,0,1,53,1,0.0,1.0,1.0,1.0,0.0,0.0,1.0,0,95.95,5036.9,0,0,1,0,0,1,0,0,0,1,0,4.0,19.19,1,1,0,0,0,0.0,1.776851851851852,51.95358432181536,2
0,1,1,43,1,1.0,1.0,0.0,0.0,1.0,0.0,1.0,1,71.9,3173.35,0,1,0,0,0,1,0,0,1,0,0,4.0,14.38,1,1,1,0,0,0.0,1.6340909090909093,43.53017832647462,2
0,0,0,3,1,0.0,0.0,0.0,0.0,0.0,0.0,0.0,0,18.8,56.0,1,0,0,1,1,0,0,0,0,0,1,0.0,18.8,0,0,0,0,0,0.0,4.7,2.8282828282828283,0
0,0,0,63,1,1.0,0.0,1.0,1.0,0.0,1.0,1.0,1,104.75,6536.5,0,0,1,0,0,0,1,1,0,0,0,5.0,17.458333333333332,1,1,1,0,0,1.0,1.63671875,61.810874704491724,3
0,1,0,11,1,0.0,0.0,0.0,0.0,0.0,0.0,0.0,1,44.05,483.7,1,1,0,0,1,0,0,0,0,1,0,0.0,44.05,0,0,0,0,1,0.0,3.670833333333333,10.736958934517203,0
0,1,1,28,1,0.0,1.0,0.0,0.0,0.0,0.0,1.0,1,82.85,2320.8,1,0,1,0,0,1,0,1,0,0,0,2.0,27.616666666666664,1,1,1,0,0,0.0,2.856896551724138,27.677996422182474,1
0,0,0,5,1,0.0,0.0,0.0,0.0,0.0,0.0,1.0,1,80.0,412.5,1,0,1,0,1,0,0,0,0,1,0,1.0,40.0,1,0,0,1,1,1.0,13.333333333333334,5.092592592592593,0
1,0,0,30,1,1.0,0.0,1.0,1.0,0.0,1.0,1.0,1,104.1,3121.1,1,0,1,0,1,0,0,0,0,1,0,5.0,17.349999999999998,1,0,0,1,1,1.0,3.358064516129032,29.696479543292103,1
0,0,0,2,1,0.0,0.0,0.0,1.0,0.0,0.0,1.0,1,85.85,167.3,0,0,1,0,1,0,0,0,0,1,0,2.0,28.616666666666664,1,0,0,1,1,1.0,28.616666666666664,1.926309729418538,0
1,1,0,72,0,0.0,1.0,1.0,1.0,1.0,1.0,1.0,1,64.95,4546.0,0,1,0,0,0,0,1,0,1,0,0,6.0,9.278571428571428,1,1,1,0,0,0.0,0.8897260273972604,68.93100833965124,3
0,0,0,3,1,0.0,0.0,0.0,0.0,0.0,0.0,0.0,0,20.0,63.6,1,0,0,1,1,0,0,0,0,0,1,0.0,20.0,0,0,0,0,0,0.0,5.0,3.0285714285714285,0
1,1,0,5,1,1.0,0.0,0.0,0.0,0.0,0.0,0.0,1,74.35,334.8,1,0,1,0,1,0,0,0,0,1,0,1.0,37.175,0,0,0,1,1,1.0,12.391666666666666,4.443264764432648,0
0,1,0,71,1,0.0,0.0,1.0,1.0,1.0,1.0,1.0,1,105.25,7291.75,0,0,1,0,0,0,1,0,0,1,0,5.0,17.541666666666668,1,1,0,0,0,0.0,1.4618055555555556,68.62823529411764,3
0,0,0,72,0,0.0,1.0,1.0,1.0,1.0,1.0,1.0,1,65.55,4807.45,0,1,0,0,0,0,1,1,0,0,0,6.0,9.364285714285714,1,1,1,0,0,0.0,0.897945205479452,72.2381667918858,3
0,1,1,68,1,1.0,1.0,1.0,1.0,1.0,1.0,1.0,1,88.85,6132.7,0,1,0,0,0,0,1,0,1,0,0,7.0,11.10625,1,1,1,0,0,0.0,1.2876811594202897,68.2548692264886,3
0,1,0,58,1,1.0,0.0,1.0,0.0,1.0,0.0,0.0,1,59.9,3505.1,1,1,0,0,0,0,1,0,1,0,0,3.0,14.975,0,1,1,0,0,0.0,1.0152542372881355,57.555008210180624,2
1,0,0,1,1,0.0,0.0,0.0,0.0,0.0,1.0,1.0,1,91.3,91.3,1,0,1,0,1,0,0,0,0,1,0,2.0,30.433333333333334,1,0,0,1,1,1.0,45.65,0.9891657638136512,0
0,1,0,67,1,1.0,1.0,1.0,1.0,1.0,0.0,0.0,0,70.9,4677.1,0,1,0,0,0,0,1,0,1,0,0,5.0,11.816666666666668,0,1,1,0,0,0.0,1.0426470588235295,65.0500695410292,3
1,0,0,16,1,1.0,0.0,0.0,0.0,0.0,1.0,0.0,1,86.6,1281.0,0,0,1,0,1,0,0,0,0,1,0,2.0,28.866666666666664,1,0,0,1,1,1.0,5.094117647058823,14.623287671232879,1
1,1,0,64,1,0.0,1.0,0.0,1.0,0.0,0.0,0.0,0,80.3,5017.7,0,0,1,0,0,1,0,0,1,0,0,2.0,26.766666666666666,0,1,1,0,0,0.0,1.2353846153846153,61.71832718327183,3
0,0,0,60,1,0.0,1.0,1.0,1.0,0.0,0.0,0.0,0,61.4,3638.25,0,1,0,0,0,0,1,0,0,1,0,3.0,15.35,0,1,0,0,0,0.0,1.0065573770491802,58.30528846153846,2
0,0,1,52,1,0.0,0.0,0.0,0.0,0.0,0.0,0.0,0,19.65,928.4,0,0,0,1,0,1,0,0,1,0,0,0.0,19.65,0,1,1,0,0,0.0,0.37075471698113205,44.958837772397096,2
0,1,1,46,1,0.0,0.0,0.0,0.0,0.0,0.0,0.0,1,20.2,845.6,0,0,0,1,0,1,0,1,0,0,0,0.0,20.2,0,1,1,0,0,0.0,0.4297872340425532,39.88679245283019,2
1,1,0,67,1,0.0,1.0,1.0,0.0,1.0,0.0,0.0,1,60.95,4119.4,0,1,0,0,0,1,0,1,0,0,0,3.0,15.2375,0,1,1,0,0,0.0,0.8963235294117647,66.49556093623889,3
0,1,0,22,1,0.0,1.0,1.0,0.0,1.0,1.0,1.0,1,104.6,2180.55,0,0,1,0,1,0,0,0,0,1,0,5.0,17.433333333333334,1,0,0,1,1,0.0,4.547826086956522,20.64914772727273,1
1,0,0,24,1,0.0,0.0,0.0,0.0,0.0,0.0,0.0,0,70.0,1732.6,0,0,1,0,1,0,0,0,1,0,0,0.0,70.0,0,0,1,1,0,1.0,2.8,24.40281690140845,1
1,1,0,11,1,0.0,0.0,0.0,0.0,0.0,0.0,0.0,0,19.95,214.75,0,0,0,1,1,0,0,0,0,0,1,0.0,19.95,0,0,0,0,0,0.0,1.6624999999999999,10.250596658711217,0
1,1,0,66,1,1.0,0.0,1.0,1.0,0.0,1.0,0.0,1,70.85,4738.85,1,1,0,0,0,1,0,1,0,0,0,4.0,14.169999999999998,1,1,1,0,0,0.0,1.0574626865671641,65.95476687543494,3
0,1,1,8,1,0.0,0.0,1.0,0.0,0.0,1.0,0.0,1,83.55,680.05,1,0,1,0,1,0,0,0,0,1,0,2.0,27.849999999999998,1,0,0,1,1,1.0,9.283333333333333,8.043169722057954,0
0,1,0,71,1,0.0,0.0,1.0,1.0,1.0,1.0,1.0,1,80.7,5705.05,1,1,0,0,0,0,1,0,1,0,0,5.0,13.450000000000001,1,1,1,0,0,0.0,1.1208333333333333,69.82925336597307,3
0,1,0,31,1,1.0,0.0,0.0,0.0,0.0,1.0,0.0,1,59.05,1882.8,0,1,0,0,1,0,0,0,1,0,0,2.0,19.683333333333334,1,0,1,0,0,0.0,1.8453125,31.353871773522066,1
0,1,0,26,0,0.0,1.0,1.0,1.0,0.0,1.0,0.0,0,47.85,1190.5,1,1,0,0,0,1,0,1,0,0,0,4.0,9.57,1,1,1,0,0,0.0,1.7722222222222224,24.370522006141247,1
0,1,1,49,0,0.0,1.0,0.0,0.0,1.0,0.0,0.0,1,35.8,1782.0,1,1,0,0,0,1,0,0,1,0,0,2.0,11.933333333333332,0,1,1,0,0,0.0,0.716,48.423913043478265,2
0,0,0,1,1,0.0,0.0,0.0,0.0,0.0,0.0,0.0,0,69.4,69.4,0,0,1,0,1,0,0,0,0,0,1,0.0,69.4,0,0,0,1,0,1.0,34.7,0.9857954545454546,0
0,0,0,38,1,1.0,1.0,1.0,1.0,0.0,1.0,1.0,0,84.1,3187.65,1,1,0,0,0,1,0,1,0,0,0,6.0,12.014285714285714,1,1,1,0,0,0.0,2.1564102564102563,37.45769682726205,2
0,1,1,62,1,0.0,0.0,0.0,0.0,0.0,0.0,0.0,0,20.05,1263.9,0,0,0,1,0,0,1,0,1,0,0,0.0,20.05,0,1,1,0,0,0.0,0.3182539682539683,60.042755344418055,3
0,0,1,15,1,0.0,1.0,0.0,1.0,0.0,0.0,1.0,0,64.85,950.75,0,1,0,0,0,1,0,0,0,0,1,3.0,16.2125,1,1,0,0,0,0.0,4.053125,14.438116932422172,1
0,1,0,32,1,1.0,1.0,0.0,0.0,1.0,1.0,0.0,1,72.8,2333.05,0,1,0,0,0,1,0,0,1,0,0,4.0,14.559999999999999,1,1,1,0,0,0.0,2.206060606060606,31.61314363143632,1
0,1,1,13,1,0.0,0.0,0.0,0.0,0.0,0.0,0.0,0,18.8,251.25,1,0,0,1,1,0,0,0,0,0,1,0.0,18.8,0,0,0,0,0,0.0,1.342857142857143,12.68939393939394,1
0,0,0,22,1,1.0,1.0,1.0,0.0,0.0,0.0,0.0,0,59.0,1254.7,0,1,0,0,1,0,0,0,0,1,0,3.0,14.75,0,0,0,0,1,0.0,2.5652173913043477,20.91166666666667,1
0,0,0,11,1,1.0,0.0,0.0,0.0,0.0,0.0,0.0,0,23.15,245.2,0,0,0,1,1,0,0,0,1,0,0,1.0,11.575,0,0,1,0,0,0.0,1.9291666666666665,10.153209109730849,0
0,1,1,1,1,0.0,0.0,0.0,0.0,0.0,0.0,0.0,1,69.1,69.1,1,0,1,0,1,0,0,0,0,0,1,0.0,69.1,0,0,0,1,0,1.0,34.55,0.985734664764622,0
0,1,1,69,1,1.0,1.0,0.0,1.0,0.0,0.0,0.0,0,84.45,5848.6,1,0,1,0,0,1,0,1,0,0,0,3.0,21.1125,0,1,1,0,0,0.0,1.2064285714285714,68.4447045055588,3
0,1,1,32,0,0.0,1.0,1.0,0.0,0.0,0.0,0.0,1,35.15,1051.05,1,1,0,0,1,0,0,0,0,1,0,2.0,11.716666666666667,0,0,0,0,1,0.0,1.0651515151515152,29.074688796680498,1
0,1,0,36,1,1.0,0.0,0.0,0.0,0.0,1.0,1.0,1,95.4,3474.2,0,0,1,0,1,0,0,0,0,1,0,3.0,23.85,1,0,0,1,1,1.0,2.5783783783783787,36.03941908713693,1
0,0,0,44,0,0.0,1.0,0.0,1.0,0.0,1.0,1.0,1,54.0,2440.25,0,1,0,0,0,1,0,0,0,1,0,4.0,10.8,1,1,0,0,0,0.0,1.2,44.36818181818182,2
0,1,0,37,1,1.0,0.0,0.0,1.0,0.0,0.0,0.0,1,78.95,2839.65,1,0,1,0,1,0,0,0,1,0,0,2.0,26.316666666666666,0,0,1,1,0,1.0,2.0776315789473685,35.51782363977486,2
0,1,1,24,1,1.0,1.0,0.0,0.0,1.0,1.0,1.0,0,81.0,1923.85,0,1,0,0,1,0,0,1,0,0,0,5.0,13.5,1,0,1,0,0,0.0,3.24,23.461585365853658,1
0,1,1,62,1,0.0,1.0,0.0,1.0,1.0,0.0,1.0,0,71.4,4487.3,0,1,0,0,0,1,0,0,1,0,0,4.0,14.280000000000001,1,1,1,0,0,0.0,1.1333333333333335,61.9792817679558,3
0,0,0,1,1,0.0,0.0,0.0,1.0,1.0,1.0,1.0,0,74.1,74.1,1,1,0,0,0,1,0,0,1,0,0,4.0,14.819999999999999,1,1,1,0,0,0.0,37.05,0.9866844207723036,0
0,1,1,69,1,0.0,0.0,0.0,0.0,0.0,0.0,0.0,0,19.7,1396.9,1,0,0,1,0,0,1,1,0,0,0,0.0,19.7,0,1,1,0,0,0.0,0.2814285714285714,67.48309178743962,3
1,0,0,1,1,0.0,0.0,1.0,0.0,0.0,0.0,0.0,1,73.0,73.0,1,0,1,0,1,0,0,0,0,1,0,1.0,36.5,0,0,0,1,1,1.0,36.5,0.9864864864864865,0
0,0,0,14,1,0.0,0.0,0.0,1.0,0.0,0.0,0.0,0,76.45,1117.55,0,0,1,0,1,0,0,0,0,1,0,1.0,38.225,0,0,0,1,1,1.0,5.096666666666667,14.429309231762426,1
1,1,0,58,1,1.0,0.0,1.0,0.0,0.0,1.0,1.0,1,98.9,5780.7,0,0,1,0,1,0,0,0,0,1,0,4.0,19.78,1,0,0,1,1,1.0,1.676271186440678,57.86486486486486,2
0,0,1,38,1,1.0,0.0,1.0,0.0,0.0,0.0,0.0,1,81.85,3141.7,0,0,1,0,1,0,0,0,0,0,1,2.0,27.28333333333333,0,0,0,1,0,1.0,2.0987179487179484,37.92033796016898,2
0,1,0,57,1,0.0,1.0,0.0,0.0,1.0,0.0,0.0,0,55.7,3171.6,0,1,0,0,1,0,0,0,0,1,0,2.0,18.566666666666666,0,0,0,0,1,0.0,0.960344827586207,55.93650793650793,2
0,0,0,6,1,0.0,0.0,0.0,0.0,0.0,0.0,0.0,0,18.95,110.15,0,0,0,1,1,0,0,0,0,0,1,0.0,18.95,0,0,0,0,0,0.0,2.707142857142857,5.521303258145364,0
0,1,1,14,1,1.0,0.0,0.0,0.0,0.0,0.0,0.0,0,25.55,372.45,1,0,0,1,1,0,0,0,0,0,1,1.0,12.775,0,0,0,0,0,0.0,1.7033333333333334,14.028248587570621,1
1,1,0,43,1,1.0,0.0,0.0,1.0,1.0,1.0,1.0,1,107.55,4533.9,1,0,1,0,0,1,0,0,0,1,0,5.0,17.925,1,1,0,0,0,0.0,2.444318181818182,41.767848917549514,2
0,0,0,62,1,1.0,1.0,1.0,1.0,0.0,0.0,0.0,1,92.05,5755.8,1,0,1,0,0,1,0,0,0,1,0,4.0,18.41,0,1,0,0,0,0.0,1.461111111111111,61.857066093498126,3
0,0,1,67,1,1.0,0.0,1.0,0.0,1.0,1.0,1.0,1,106.6,7244.7,1,0,1,0,0,1,0,1,0,0,0,5.0,17.766666666666666,1,1,1,0,0,0.0,1.5676470588235294,67.32992565055763,3
0,1,1,51,1,1.0,0.0,1.0,0.0,1.0,0.0,0.0,0,84.2,4299.75,0,0,1,0,0,1,0,1,0,0,0,3.0,21.05,0,1,1,0,0,0.0,1.6192307692307693,50.46654929577465,2
0,1,1,72,1,0.0,0.0,0.0,0.0,0.0,0.0,0.0,0,20.55,1432.55,0,0,0,1,0,0,1,0,0,1,0,0.0,20.55,0,1,0,0,0,0.0,0.28150684931506853,66.47563805104409,3
0,0,0,24,1,0.0,1.0,0.0,0.0,0.0,0.0,0.0,1,49.55,1210.4,0,1,0,0,1,0,0,1,0,0,0,1.0,24.775,0,0,1,0,0,0.0,1.982,23.944609297725027,1
0,1,1,9,1,0.0,1.0,1.0,1.0,1.0,0.0,0.0,0,65.0,663.05,1,1,0,0,1,0,0,0,0,0,1,4.0,13.0,0,0,0,0,0,0.0,6.5,10.04621212121212,0
0,1,0,55,1,1.0,0.0,1.0,0.0,0.0,0.0,0.0,1,77.75,4266.4,1,0,1,0,1,0,0,0,1,0,0,2.0,25.916666666666668,0,0,1,1,0,1.0,1.3883928571428572,54.17650793650793,2
0,0,0,26,1,0.0,0.0,0.0,0.0,0.0,0.0,0.0,1,20.65,595.5,0,0,0,1,0,1,0,0,1,0,0,0.0,20.65,0,1,1,0,0,0.0,0.7648148148148147,27.50577367205543,1
1,0,0,65,1,1.0,1.0,0.0,1.0,1.0,1.0,1.0,1,110.35,7246.15,0,0,1,0,0,0,1,0,0,1,0,6.0,15.764285714285714,1,1,0,0,0,0.0,1.6719696969696969,65.07543780871127,3
1,1,0,30,1,1.0,0.0,0.0,1.0,0.0,1.0,1.0,0,74.85,2181.75,0,1,0,0,0,0,1,0,0,1,0,4.0,14.969999999999999,1,1,0,0,0,0.0,2.414516129032258,28.764007910349378,1
0,0,0,30,1,0.0,0.0,1.0,0.0,0.0,1.0,1.0,1,97.0,3021.3,0,0,1,0,0,1,0,1,0,0,0,3.0,24.25,1,1,1,0,0,1.0,3.129032258064516,30.829591836734696,1
0,1,0,12,1,1.0,1.0,0.0,1.0,0.0,1.0,1.0,0,78.85,876.75,1,1,0,0,0,1,0,0,0,1,0,5.0,13.141666666666666,1,1,0,0,0,0.0,6.065384615384615,10.979962429555417,0
0,1,1,17,1,0.0,1.0,1.0,0.0,0.0,1.0,1.0,0,74.55,1215.8,1,1,0,0,1,0,0,0,0,0,1,4.0,14.91,1,0,0,0,0,0.0,4.141666666666667,16.092653871608206,1
1,1,0,71,1,1.0,1.0,1.0,1.0,1.0,0.0,0.0,1,92.0,6585.2,0,0,1,0,0,1,0,0,0,1,0,5.0,15.333333333333334,0,1,0,0,0,0.0,1.2777777777777777,70.80860215053764,3
0,1,0,16,1,1.0,0.0,0.0,0.0,0.0,1.0,0.0,1,84.95,1378.25,1,0,1,0,1,0,0,0,0,1,0,2.0,28.316666666666666,1,0,0,1,1,1.0,4.997058823529412,16.03548574752763,1
0,0,0,1,1,0.0,0.0,0.0,0.0,0.0,1.0,0.0,1,79.65,79.65,1,0,1,0,1,0,0,0,0,1,0,1.0,39.825,1,0,0,1,1,1.0,39.825,0.9876007439553627,0
0,1,0,15,1,0.0,0.0,0.0,0.0,0.0,0.0,0.0,0,20.45,330.8,1,0,0,1,1,0,0,0,1,0,0,0.0,20.45,0,0,1,0,0,0.0,1.278125,15.421911421911423,1
1,1,0,63,1,0.0,1.0,1.0,1.0,1.0,1.0,1.0,1,84.0,5329.55,0,1,0,0,0,1,0,1,0,0,0,6.0,12.0,1,1,1,0,0,0.0,1.3125,62.70058823529412,3
0,0,0,35,1,0.0,0.0,0.0,1.0,1.0,1.0,1.0,1,99.25,3532.0,1,0,1,0,0,1,0,0,0,1,0,4.0,19.85,1,1,0,0,0,0.0,2.7569444444444446,35.231920199501246,1
0,1,1,72,1,0.0,0.0,0.0,0.0,0.0,0.0,0.0,1,19.8,1414.65,0,0,0,1,0,0,1,0,1,0,0,0.0,19.8,0,1,1,0,0,0.0,0.27123287671232876,68.01201923076923,3
0,1,1,9,1,0.0,0.0,1.0,0.0,1.0,1.0,1.0,1,101.5,906.85,0,0,1,0,1,0,0,0,0,1,0,4.0,20.3,1,0,0,1,1,0.0,10.15,8.847317073170732,0
0,1,0,66,1,1.0,1.0,1.0,0.0,1.0,0.0,0.0,0,89.0,5898.6,1,0,1,0,0,1,0,0,0,1,0,4.0,17.8,0,1,0,0,0,0.0,1.328358208955224,65.54,3
0,0,0,4,1,1.0,0.0,0.0,0.0,0.0,0.0,1.0,1,85.65,338.9,0,0,1,0,1,0,0,0,0,1,0,2.0,28.55,1,0,0,1,1,1.0,17.130000000000003,3.9111367570686664,0
0,1,1,70,1,1.0,1.0,1.0,1.0,1.0,1.0,0.0,1,79.25,5731.85,0,1,0,0,0,0,1,1,0,0,0,6.0,11.321428571428571,1,1,1,0,0,0.0,1.1161971830985915,71.42492211838007,3
1,0,0,9,1,1.0,1.0,0.0,0.0,0.0,0.0,0.0,0,54.55,494.05,0,1,0,0,1,0,0,0,0,1,0,2.0,18.183333333333334,0,0,0,0,1,0.0,5.455,8.893789378937894,0
0,1,1,72,1,1.0,1.0,1.0,1.0,1.0,1.0,0.0,0,106.1,7657.4,1,0,1,0,0,0,1,0,1,0,0,6.0,15.157142857142857,1,1,1,0,0,0.0,1.4534246575342464,71.49766573295985,3
0,1,1,50,1,1.0,0.0,1.0,0.0,1.0,1.0,1.0,0,103.7,5071.05,0,0,1,0,1,0,0,0,0,1,0,5.0,17.283333333333335,1,0,0,1,1,0.0,2.033333333333333,48.43409742120344,2
0,1,0,51,1,1.0,1.0,1.0,0.0,0.0,0.0,1.0,1,96.4,4911.05,0,0,1,0,0,1,0,0,1,0,0,4.0,19.28,1,1,1,0,0,0.0,1.853846153846154,50.421457905544145,2
1,1,1,64,1,1.0,0.0,0.0,0.0,0.0,0.0,0.0,1,24.4,1548.65,0,0,0,1,0,0,1,1,0,0,0,1.0,12.2,0,1,1,0,0,0.0,0.37538461538461537,60.97047244094489,3
0,0,0,8,1,1.0,0.0,0.0,0.0,0.0,0.0,1.0,1,86.55,649.65,0,0,1,0,1,0,0,0,0,1,0,2.0,28.849999999999998,1,0,0,1,1,1.0,9.616666666666667,7.4203312392918335,0
1,0,0,26,1,0.0,1.0,0.0,0.0,0.0,1.0,0.0,1,85.8,2193.65,1,0,1,0,1,0,0,0,1,0,0,2.0,28.599999999999998,1,0,1,1,0,0.0,3.1777777777777776,25.27246543778802,1
0,0,1,1,1,0.0,0.0,0.0,0.0,0.0,0.0,0.0,1,21.05,21.05,0,0,0,1,1,0,0,0,0,0,1,0.0,21.05,0,0,0,0,0,0.0,10.525,0.9546485260770975,0
0,1,1,6,1,0.0,0.0,0.0,0.0,0.0,0.0,0.0,0,19.55,122.9,0,0,0,1,1,0,0,0,0,0,1,0.0,19.55,0,0,0,0,0,0.0,2.792857142857143,5.980535279805353,0
0,0,0,12,0,0.0,1.0,1.0,0.0,1.0,1.0,0.0,1,50.95,605.75,0,1,0,0,1,0,0,1,0,0,0,4.0,10.190000000000001,1,0,1,0,0,0.0,3.9192307692307695,11.660250240615976,0
0,1,0,71,1,0.0,0.0,0.0,0.0,0.0,0.0,0.0,0,19.85,1379.6,1,0,0,1,0,0,1,0,1,0,0,0.0,19.85,0,1,1,0,0,0.0,0.27569444444444446,66.16786570743405,3
0,1,1,7,0,0.0,1.0,1.0,1.0,0.0,1.0,1.0,0,58.85,465.7,0,1,0,0,1,0,0,0,0,0,1,5.0,9.808333333333334,1,0,0,0,0,0.0,7.35625,7.781119465329991,0
1,1,0,17,1,1.0,0.0,0.0,0.0,0.0,1.0,1.0,1,94.8,1563.9,0,0,1,0,1,0,0,0,0,1,0,3.0,23.7,1,0,0,1,1,1.0,5.266666666666667,16.32463465553236,1
0,0,0,8,1,0.0,0.0,1.0,0.0,0.0,0.0,0.0,0,75.6,535.55,1,0,1,0,1,0,0,0,0,1,0,1.0,37.8,0,0,0,1,1,1.0,8.399999999999999,6.991514360313316,0
0,1,0,71,1,1.0,1.0,1.0,1.0,1.0,1.0,1.0,0,87.95,6365.35,1,1,0,0,0,0,1,1,0,0,0,7.0,10.99375,1,1,1,0,0,0.0,1.2215277777777778,71.5609893198426,3
0,1,0,36,0,0.0,1.0,0.0,1.0,0.0,0.0,0.0,0,35.35,1317.95,0,1,0,0,0,1,0,0,0,0,1,2.0,11.783333333333333,0,1,0,0,0,0.0,0.9554054054054054,36.257221458046764,1
0,0,0,1,1,0.0,0.0,0.0,0.0,0.0,0.0,0.0,0,20.05,20.05,0,0,0,1,1,0,0,0,0,0,1,0.0,20.05,0,0,0,0,0,0.0,10.025,0.9524940617577197,0
0,1,1,23,1,1.0,0.0,0.0,0.0,0.0,0.0,0.0,0,25.1,611.45,1,0,0,1,0,0,1,0,0,0,1,1.0,12.55,0,1,0,0,0,0.0,1.0458333333333334,23.4272030651341,1
0,0,0,15,1,1.0,0.0,0.0,0.0,0.0,0.0,0.0,1,26.35,378.6,0,0,0,1,1,0,0,0,0,1,0,1.0,13.175,0,0,0,0,1,0.0,1.646875,13.842778793418647,1
1,1,0,48,1,1.0,1.0,1.0,1.0,1.0,1.0,1.0,0,117.45,5438.9,1,0,1,0,1,0,0,0,0,1,0,7.0,14.68125,1,0,0,1,1,0.0,2.396938775510204,45.91726466863655,2
1,1,0,71,1,1.0,1.0,1.0,1.0,1.0,0.0,0.0,1,96.35,6766.95,1,0,1,0,0,0,1,0,1,0,0,5.0,16.058333333333334,0,1,1,0,0,0.0,1.3381944444444445,69.5115562403698,3
0,0,0,2,1,0.0,0.0,0.0,0.0,0.0,0.0,0.0,0,68.95,119.75,1,0,1,0,1,0,0,0,0,1,0,0.0,68.95,0,0,0,1,1,1.0,22.983333333333334,1.7119370979270907,0
0,0,0,1,1,0.0,0.0,0.0,0.0,0.0,0.0,0.0,1,69.5,69.5,1,0,1,0,1,0,0,0,0,1,0,0.0,69.5,0,0,0,1,1,1.0,34.75,0.9858156028368794,0
1,0,0,16,1,0.0,0.0,0.0,0.0,1.0,1.0,1.0,1,94.45,1511.2,1,0,1,0,1,0,0,0,0,1,0,3.0,23.6125,1,0,0,1,1,0.0,5.555882352941176,15.832372970141435,1
1,1,0,22,1,0.0,0.0,0.0,0.0,0.0,1.0,1.0,1,89.75,1938.9,0,0,1,0,1,0,0,1,0,0,0,2.0,29.916666666666668,1,0,1,1,0,1.0,3.902173913043478,21.36528925619835,1
0,0,0,41,1,0.0,0.0,0.0,0.0,0.0,0.0,0.0,0,20.0,810.3,1,0,0,1,0,0,1,0,0,0,1,0.0,20.0,0,1,0,0,0,0.0,0.47619047619047616,38.58571428571428,2
0,1,0,60,1,0.0,1.0,1.0,0.0,1.0,0.0,0.0,1,61.35,3766.2,0,1,0,0,0,0,1,0,0,0,1,3.0,15.3375,0,1,0,0,0,0.0,1.0057377049180327,60.40417000801924,2
0,1,0,60,0,0.0,0.0,1.0,1.0,1.0,1.0,1.0,1,60.2,3582.4,0,1,0,0,1,0,0,1,0,0,0,5.0,10.033333333333333,1,0,1,0,0,0.0,0.9868852459016394,58.5359477124183,2
0,1,1,72,1,1.0,0.0,0.0,0.0,0.0,0.0,0.0,0,24.75,1859.1,0,0,0,1,0,0,1,0,1,0,0,1.0,12.375,0,1,1,0,0,0.0,0.339041095890411,72.19805825242717,3
0,1,0,59,1,1.0,1.0,1.0,0.0,0.0,1.0,0.0,1,94.75,5597.65,1,0,1,0,1,0,0,0,0,1,0,4.0,18.95,1,0,0,1,1,0.0,1.5791666666666666,58.461096605744125,2
0,0,0,21,1,0.0,0.0,1.0,0.0,1.0,1.0,1.0,1,99.15,1956.4,1,0,1,0,1,0,0,1,0,0,0,4.0,19.830000000000002,1,0,1,1,0,0.0,4.506818181818182,19.534697953070395,1
0,1,1,69,1,1.0,0.0,0.0,1.0,0.0,0.0,0.0,1,79.2,5420.65,0,0,1,0,0,0,1,0,1,0,0,2.0,26.400000000000002,0,1,1,0,0,1.0,1.1314285714285715,67.58915211970074,3
0,1,0,34,1,1.0,0.0,0.0,0.0,0.0,1.0,1.0,1,97.65,3207.55,1,0,1,0,1,0,0,0,0,1,0,3.0,24.4125,1,0,0,1,1,1.0,2.79,32.51444500760264,1
0,1,0,32,1,0.0,1.0,1.0,0.0,1.0,0.0,1.0,0,70.5,2201.75,0,1,0,0,0,1,0,0,0,0,1,4.0,14.1,1,1,0,0,0,0.0,2.1363636363636362,30.793706293706293,1
0,1,1,39,1,0.0,1.0,0.0,0.0,0.0,0.0,0.0,0,51.05,2066.0,1,1,0,0,1,0,0,0,1,0,0,1.0,25.525,0,0,1,0,0,0.0,1.2762499999999999,39.6926032660903,2
1,0,0,32,1,0.0,0.0,0.0,0.0,0.0,0.0,0.0,0,19.8,587.7,0,0,0,1,0,1,0,0,1,0,0,0.0,19.8,0,1,1,0,0,0.0,0.6,28.254807692307693,1
0,1,0,3,1,0.0,0.0,0.0,0.0,0.0,0.0,0.0,1,20.55,51.15,0,0,0,1,1,0,0,0,1,0,0,0.0,20.55,0,0,1,0,0,0.0,5.1375,2.373549883990719,0
0,0,0,1,1,0.0,0.0,0.0,0.0,0.0,0.0,0.0,0,70.75,70.75,1,0,1,0,1,0,0,0,0,0,1,0.0,70.75,0,0,0,1,0,1.0,35.375,0.9860627177700348,0
0,0,0,2,1,0.0,0.0,1.0,0.0,0.0,0.0,0.0,1,49.05,91.1,1,1,0,0,1,0,0,0,1,0,0,1.0,24.525,0,0,1,0,0,0.0,16.349999999999998,1.8201798201798203,0
0,0,0,19,1,0.0,0.0,1.0,0.0,0.0,1.0,0.0,0,58.2,1045.25,1,1,0,0,0,1,0,0,0,1,0,2.0,19.400000000000002,1,1,0,0,0,0.0,2.91,17.65625,1
0,0,0,41,1,0.0,0.0,0.0,0.0,0.0,0.0,0.0,1,19.75,806.95,1,0,0,1,0,1,0,0,0,0,1,0.0,19.75,0,1,0,0,0,0.0,0.47023809523809523,38.88915662650603,2
0,1,0,56,1,1.0,1.0,1.0,1.0,0.0,0.0,0.0,1,93.15,5253.95,0,0,1,0,0,1,0,0,0,1,0,4.0,18.630000000000003,0,1,0,0,0,0.0,1.6342105263157896,55.804036112586296,2
0,0,1,11,1,0.0,0.0,0.0,0.0,0.0,0.0,0.0,0,20.1,221.35,1,0,0,1,1,0,0,0,1,0,0,0.0,20.1,0,0,1,0,0,0.0,1.675,10.490521327014218,0
0,1,0,42,1,1.0,0.0,1.0,1.0,0.0,1.0,0.0,1,95.25,3959.35,0,0,1,0,1,0,0,1,0,0,0,4.0,19.05,1,0,1,1,0,1.0,2.2151162790697674,41.1361038961039,2
0,1,1,51,1,0.0,1.0,1.0,1.0,1.0,1.0,1.0,0,85.5,4421.95,1,1,0,0,0,0,1,0,1,0,0,6.0,12.214285714285714,1,1,1,0,0,0.0,1.6442307692307692,51.12080924855491,2
0,1,1,48,1,1.0,1.0,1.0,1.0,1.0,1.0,1.0,0,111.8,5443.65,0,0,1,0,0,0,1,0,1,0,0,7.0,13.975,1,1,1,0,0,0.0,2.2816326530612243,48.2593085106383,2
0,1,0,27,1,1.0,1.0,0.0,0.0,1.0,1.0,1.0,0,80.85,2204.35,0,1,0,0,0,1,0,0,0,0,1,5.0,13.475,1,1,0,0,0,0.0,2.8874999999999997,26.931582162492365,1
0,0,0,19,1,0.0,0.0,0.0,0.0,0.0,0.0,0.0,1,19.7,386.5,0,0,0,1,0,1,0,0,1,0,0,0.0,19.7,0,1,1,0,0,0.0,0.985,18.671497584541065,1
0,1,1,2,1,0.0,0.0,0.0,1.0,1.0,0.0,1.0,0,90.0,190.05,0,0,1,0,1,0,0,0,1,0,0,3.0,22.5,1,0,1,1,0,0.0,30.0,2.0884615384615386,0
1,0,0,71,1,1.0,0.0,1.0,0.0,1.0,1.0,1.0,0,105.75,7382.85,0,0,1,0,0,1,0,1,0,0,0,5.0,17.625,1,1,1,0,0,0.0,1.46875,69.16018735362998,3
0,0,0,15,0,0.0,0.0,0.0,0.0,1.0,0.0,0.0,1,29.7,438.25,0,1,0,0,1,0,0,0,0,1,0,1.0,14.85,0,0,0,0,1,0.0,1.85625,14.275244299674267,1
1,0,0,38,1,1.0,0.0,0.0,0.0,1.0,1.0,1.0,1,99.55,3734.25,1,0,1,0,1,0,0,0,0,1,0,4.0,19.91,1,0,0,1,1,0.0,2.5525641025641024,37.13823968175038,2
0,0,0,51,1,1.0,0.0,0.0,1.0,0.0,0.0,0.0,0,80.0,4242.35,0,0,1,0,1,0,0,0,1,0,0,2.0,26.666666666666668,0,0,1,1,0,1.0,1.5384615384615385,52.3746913580247,2
1,1,0,53,1,1.0,0.0,0.0,0.0,0.0,1.0,1.0,1,95.85,5016.25,1,0,1,0,0,1,0,0,1,0,0,3.0,23.9625,1,1,1,0,0,1.0,1.775,51.79401135776975,2
0,1,0,65,1,1.0,1.0,1.0,1.0,0.0,0.0,0.0,0,89.75,5769.6,0,0,1,0,0,1,0,0,0,1,0,4.0,17.95,0,1,0,0,0,0.0,1.3598484848484849,63.57685950413224,3
0,0,0,1,1,0.0,0.0,1.0,0.0,0.0,0.0,0.0,0,75.8,75.8,1,0,1,0,1,0,0,0,0,1,0,1.0,37.9,0,0,0,1,1,1.0,37.9,0.9869791666666666,0
0,0,0,30,1,0.0,1.0,1.0,1.0,1.0,1.0,0.0,0,74.65,2308.6,1,1,0,0,0,1,0,0,1,0,0,5.0,12.441666666666668,1,1,1,0,0,0.0,2.4080645161290324,30.516853932584265,1
0,0,0,7,1,0.0,1.0,1.0,1.0,0.0,0.0,0.0,0,61.4,438.9,1,1,0,0,1,0,0,0,0,1,0,3.0,15.35,0,0,0,0,1,0.0,7.675,7.033653846153846,0
0,1,0,25,1,1.0,0.0,1.0,0.0,0.0,0.0,0.0,0,54.1,1373.0,1,1,0,0,1,0,0,0,0,1,0,2.0,18.033333333333335,0,0,0,0,1,0.0,2.080769230769231,24.918330308529946,1
0,1,0,72,1,1.0,1.0,1.0,0.0,1.0,0.0,1.0,1,100.55,7325.1,0,0,1,0,0,0,1,1,0,0,0,5.0,16.758333333333333,1,1,1,0,0,0.0,1.3773972602739726,72.13293943870015,3
0,1,1,69,1,1.0,1.0,0.0,1.0,1.0,1.0,1.0,0,86.9,6194.1,0,1,0,0,0,0,1,1,0,0,0,6.0,12.414285714285715,1,1,1,0,0,0.0,1.2414285714285715,70.46757679180887,3
0,1,1,55,1,0.0,0.0,0.0,0.0,0.0,0.0,0.0,0,20.3,1079.05,1,0,0,1,0,0,1,0,0,0,1,0.0,20.3,0,1,0,0,0,0.0,0.3625,50.659624413145536,2
0,0,1,5,1,0.0,0.0,0.0,0.0,0.0,0.0,0.0,0,20.35,122.0,0,0,0,1,1,0,0,0,1,0,0,0.0,20.35,0,0,1,0,0,0.0,3.391666666666667,5.7142857142857135,0
0,0,0,8,1,1.0,0.0,0.0,0.0,0.0,0.0,1.0,0,84.5,662.65,0,0,1,0,1,0,0,1,0,0,0,2.0,28.166666666666668,1,0,1,1,0,1.0,9.38888888888889,7.750292397660818,0
0,0,0,9,1,0.0,0.0,0.0,0.0,0.0,1.0,0.0,1,77.65,714.15,1,0,1,0,1,0,0,1,0,0,0,1.0,38.825,1,0,1,1,0,1.0,7.765000000000001,9.080101716465352,0
0,1,0,40,1,1.0,0.0,1.0,1.0,0.0,1.0,1.0,1,106.0,4178.65,0,0,1,0,0,1,0,1,0,0,0,5.0,17.666666666666668,1,1,1,0,0,1.0,2.5853658536585367,39.052803738317756,2
0,0,0,4,1,0.0,0.0,0.0,0.0,0.0,0.0,1.0,1,55.9,238.5,0,1,0,0,1,0,0,0,0,1,0,1.0,27.95,1,0,0,0,1,0.0,11.18,4.191564147627417,0
0,1,0,17,1,0.0,0.0,0.0,0.0,0.0,0.0,0.0,0,19.35,307.0,1,0,0,1,0,1,0,0,0,0,1,0.0,19.35,0,1,0,0,0,0.0,1.0750000000000002,15.085995085995085,1
0,1,1,70,1,1.0,1.0,1.0,1.0,1.0,1.0,1.0,1,90.15,6237.05,0,1,0,0,0,0,1,0,1,0,0,7.0,11.26875,1,1,1,0,0,0.0,1.269718309859155,68.42622051563357,3
0,0,0,35,1,0.0,0.0,0.0,1.0,0.0,0.0,1.0,1,62.1,2096.1,1,1,0,0,1,0,0,0,0,1,0,2.0,20.7,1,0,0,0,1,0.0,1.725,33.21870047543582,1
0,0,0,39,1,1.0,0.0,0.0,0.0,0.0,0.0,0.0,0,75.25,3017.65,0,0,1,0,1,0,0,0,0,1,0,1.0,37.625,0,0,0,1,1,1.0,1.88125,39.57573770491803,2
0,1,0,61,1,1.0,1.0,0.0,1.0,1.0,1.0,0.0,0,99.4,5943.65,0,0,1,0,1,0,0,1,0,0,0,5.0,16.566666666666666,1,0,1,1,0,0.0,1.603225806451613,59.19970119521911,3
0,0,0,56,1,0.0,1.0,0.0,1.0,0.0,0.0,0.0,0,52.7,3019.7,0,1,0,0,0,1,0,0,0,0,1,2.0,17.566666666666666,0,1,0,0,0,0.0,0.924561403508772,56.23277467411545,2
0,0,0,1,1,0.0,0.0,0.0,0.0,0.0,0.0,0.0,0,20.25,20.25,0,0,0,1,1,0,0,0,0,0,1,0.0,20.25,0,0,0,0,0,0.0,10.125,0.9529411764705882,0
1,1,0,50,1,1.0,1.0,0.0,1.0,0.0,1.0,1.0,1,105.05,5163.3,0,0,1,0,0,0,1,0,1,0,0,5.0,17.508333333333333,1,1,1,0,0,0.0,2.0598039215686272,48.68741159830269,2
0,1,0,35,1,1.0,0.0,0.0,0.0,0.0,0.0,0.0,1,75.2,2576.2,0,0,1,0,1,0,0,0,0,1,0,1.0,37.6,0,0,0,1,1,1.0,2.088888888888889,33.80839895013123,1
0,0,0,33,1,1.0,0.0,0.0,0.0,0.0,0.0,1.0,1,83.35,2757.85,1,0,1,0,1,0,0,0,0,1,0,2.0,27.78333333333333,1,0,0,1,1,1.0,2.451470588235294,32.69531713100178,1
0,1,1,53,1,1.0,1.0,1.0,0.0,1.0,0.0,0.0,0,64.15,3491.55,0,1,0,0,0,1,0,1,0,0,0,4.0,12.830000000000002,0,1,1,0,0,0.0,1.187962962962963,53.59247889485802,2
0,1,0,1,1,0.0,0.0,0.0,0.0,0.0,1.0,0.0,1,55.3,55.3,1,1,0,0,1,0,0,0,0,0,1,1.0,27.65,1,0,0,0,0,0.0,27.65,0.9822380106571936,0
0,1,0,62,1,1.0,0.0,0.0,1.0,0.0,1.0,1.0,1,101.35,6164.7,1,0,1,0,1,0,0,0,0,1,0,4.0,20.27,1,0,0,1,1,1.0,1.6087301587301586,60.231558378114315,3
0,1,1,72,1,1.0,0.0,0.0,0.0,0.0,0.0,0.0,0,24.75,1769.6,0,0,0,1,0,0,1,1,0,0,0,1.0,12.375,0,1,1,0,0,0.0,0.339041095890411,68.72233009708738,3
0,0,0,16,1,1.0,0.0,0.0,1.0,0.0,0.0,1.0,1,88.45,1422.1,1,0,1,0,1,0,0,0,0,1,0,3.0,22.1125,1,0,0,1,1,1.0,5.202941176470588,15.898267188373392,1
0,1,1,42,1,1.0,1.0,0.0,0.0,0.0,1.0,1.0,0,97.1,4016.75,0,0,1,0,0,1,0,0,0,1,0,4.0,19.419999999999998,1,1,0,0,0,0.0,2.2581395348837208,40.945463812436294,2
0,0,0,8,0,0.0,0.0,1.0,0.0,0.0,0.0,0.0,1,29.25,226.95,1,1,0,0,1,0,0,0,0,0,1,1.0,14.625,0,0,0,0,0,0.0,3.25,7.502479338842975,0
0,1,1,16,1,0.0,0.0,1.0,1.0,0.0,1.0,0.0,1,89.45,1430.25,1,0,1,0,1,0,0,0,1,0,0,3.0,22.3625,1,0,1,1,0,1.0,5.261764705882353,15.812603648424544,1
0,1,0,26,1,1.0,0.0,1.0,0.0,0.0,0.0,0.0,0,79.3,2015.8,1,0,1,0,1,0,0,1,0,0,0,2.0,26.433333333333334,0,0,1,1,0,1.0,2.937037037037037,25.103362391033624,1
1,1,0,45,1,1.0,0.0,0.0,0.0,0.0,0.0,0.0,0,24.7,1174.35,0,0,0,1,0,1,0,0,1,0,0,1.0,12.35,0,1,1,0,0,0.0,0.5369565217391304,45.69455252918288,2
0,0,0,20,1,0.0,0.0,0.0,0.0,0.0,0.0,0.0,0,19.5,403.15,1,0,0,1,0,1,0,0,0,0,1,0.0,19.5,0,1,0,0,0,0.0,0.9285714285714286,19.665853658536584,1
0,0,0,41,1,0.0,0.0,0.0,0.0,1.0,0.0,0.0,1,74.25,3089.1,0,0,1,0,1,0,0,0,0,1,0,1.0,37.125,0,0,0,1,1,0.0,1.7678571428571428,41.051162790697674,2
1,0,0,12,0,0.0,0.0,1.0,0.0,0.0,0.0,0.0,1,29.35,381.2,0,1,0,0,1,0,0,0,1,0,0,1.0,14.675,0,0,1,0,0,0.0,2.2576923076923077,12.560131795716638,0
0,1,1,17,1,1.0,0.0,0.0,1.0,0.0,1.0,0.0,0,88.25,1460.65,1,0,1,0,1,0,0,0,0,1,0,3.0,22.0625,1,0,0,1,1,1.0,4.902777777777778,16.365826330532215,1
0,0,0,54,1,0.0,0.0,0.0,0.0,0.0,0.0,0.0,0,20.0,1149.65,0,0,0,1,0,0,1,0,0,0,1,0.0,20.0,0,1,0,0,0,0.0,0.36363636363636365,54.7452380952381,2
0,1,1,13,1,0.0,0.0,0.0,0.0,0.0,0.0,0.0,1,19.85,252.0,0,0,0,1,1,0,0,0,0,0,1,0.0,19.85,0,0,0,0,0,0.0,1.417857142857143,12.086330935251798,1
0,0,0,1,1,0.0,0.0,0.0,0.0,0.0,0.0,0.0,0,45.3,45.3,0,1,0,0,1,0,0,0,0,1,0,0.0,45.3,0,0,0,0,1,0.0,22.65,0.978401727861771,0
0,1,1,6,1,0.0,0.0,0.0,0.0,0.0,0.0,0.0,1,20.4,107.6,0,0,0,1,0,0,1,0,1,0,0,0.0,20.4,0,1,1,0,0,0.0,2.914285714285714,5.02803738317757,0
0,0,0,3,1,1.0,0.0,0.0,0.0,0.0,1.0,0.0,1,60.25,170.5,1,1,0,0,1,0,0,0,0,1,0,2.0,20.083333333333332,1,0,0,0,1,0.0,15.0625,2.783673469387755,0
0,1,1,53,1,0.0,0.0,1.0,0.0,1.0,1.0,0.0,1,92.55,4779.45,0,0,1,0,1,0,0,0,0,1,0,3.0,23.1375,1,0,0,1,1,0.0,1.7138888888888888,51.08979155531801,2
0,0,0,72,1,1.0,1.0,1.0,1.0,0.0,1.0,0.0,1,101.3,7261.25,1,0,1,0,0,0,1,1,0,0,0,5.0,16.883333333333333,1,1,1,0,0,0.0,1.3876712328767122,70.97996089931574,3
0,0,0,39,1,0.0,0.0,0.0,0.0,0.0,0.0,0.0,0,20.15,826.0,1,0,0,1,0,0,1,0,0,0,1,0.0,20.15,0,1,0,0,0,0.0,0.5037499999999999,39.05437352245863,2
0,1,0,9,1,0.0,0.0,0.0,0.0,0.0,0.0,1.0,1,79.75,769.1,1,0,1,0,1,0,0,0,0,1,0,1.0,39.875,1,0,0,1,1,1.0,7.975,9.524458204334366,0
0,0,0,5,1,0.0,0.0,1.0,0.0,0.0,1.0,1.0,1,96.25,512.45,1,0,1,0,1,0,0,0,0,1,0,3.0,24.0625,1,0,0,1,1,1.0,16.041666666666668,5.269408740359897,0
0,1,1,70,1,1.0,1.0,1.0,1.0,1.0,1.0,0.0,0,79.7,5743.3,1,1,0,0,0,0,1,1,0,0,0,6.0,11.385714285714286,1,1,1,0,0,0.0,1.1225352112676057,71.16852540272615,3
0,1,0,1,1,0.0,0.0,0.0,0.0,0.0,0.0,0.0,1,69.15,69.15,0,0,1,0,1,0,0,0,0,1,0,0.0,69.15,0,0,0,1,1,1.0,34.575,0.9857448325017819,0
0,1,0,72,1,1.0,0.0,1.0,1.0,0.0,1.0,1.0,0,82.15,5784.3,0,1,0,0,0,0,1,1,0,0,0,5.0,13.691666666666668,1,1,1,0,0,0.0,1.1253424657534248,69.5646422128683,3
0,1,0,9,1,0.0,1.0,1.0,0.0,1.0,1.0,0.0,1,68.95,593.85,0,1,0,0,1,0,0,0,0,0,1,4.0,13.790000000000001,1,0,0,0,0,0.0,6.8950000000000005,8.48963545389564,0
0,0,0,18,1,0.0,0.0,0.0,0.0,0.0,0.0,0.0,1,19.55,389.25,1,0,0,1,1,0,0,0,0,0,1,0.0,19.55,0,0,0,0,0,0.0,1.0289473684210526,18.94160583941606,1
1,0,0,13,1,0.0,0.0,1.0,0.0,0.0,1.0,0.0,1,59.9,788.35,0,1,0,0,1,0,0,0,0,1,0,2.0,19.966666666666665,1,0,0,0,1,0.0,4.2785714285714285,12.944991789819376,1
0,0,0,6,1,0.0,0.0,0.0,0.0,0.0,0.0,0.0,0,44.75,270.95,0,1,0,0,1,0,0,0,0,1,0,0.0,44.75,0,0,0,0,1,0.0,6.392857142857143,5.922404371584699,0
0,0,0,70,0,0.0,1.0,1.0,1.0,1.0,0.0,0.0,1,44.6,3058.15,1,1,0,0,0,0,1,1,0,0,0,4.0,8.92,0,1,1,0,0,0.0,0.6281690140845071,67.06469298245614,3
0,0,0,4,1,1.0,0.0,0.0,0.0,0.0,0.0,0.0,0,75.35,338.1,1,0,1,0,1,0,0,0,0,1,0,1.0,37.675,0,0,0,1,1,1.0,15.069999999999999,4.428290766208252,0
0,0,0,16,1,0.0,0.0,0.0,0.0,0.0,0.0,0.0,1,19.7,342.4,0,0,0,1,1,0,0,0,0,0,1,0.0,19.7,0,0,0,0,0,0.0,1.1588235294117646,16.541062801932366,1
0,0,0,11,1,0.0,0.0,1.0,0.0,0.0,1.0,0.0,1,61.25,729.95,0,1,0,0,0,1,0,0,0,1,0,2.0,20.416666666666668,1,1,0,0,0,0.0,5.104166666666667,11.726104417670683,0
0,1,0,1,0,0.0,0.0,1.0,0.0,0.0,0.0,0.0,1,29.85,29.85,1,1,0,0,1,0,0,0,0,1,0,1.0,14.925,0,0,0,0,1,0.0,14.925,0.9675850891410048,0
0,0,0,1,0,0.0,0.0,0.0,0.0,0.0,0.0,1.0,1,35.25,35.25,0,1,0,0,1,0,0,1,0,0,0,1.0,17.625,1,0,1,0,0,0.0,17.625,0.9724137931034482,0
0,0,0,63,1,0.0,1.0,1.0,1.0,1.0,1.0,1.0,1,86.7,5309.5,0,1,0,0,0,0,1,1,0,0,0,6.0,12.385714285714286,1,1,1,0,0,0.0,1.3546875,60.54161915621437,3
0,0,0,11,1,0.0,0.0,1.0,0.0,0.0,0.0,0.0,1,75.9,866.4,0,0,1,0,1,0,0,0,0,0,1,1.0,37.95,0,0,0,1,0,1.0,6.325,11.266579973992197,0
0,0,0,72,1,1.0,0.0,1.0,1.0,1.0,1.0,1.0,1,108.05,7806.6,1,0,1,0,0,0,1,0,1,0,0,6.0,15.435714285714285,1,1,1,0,0,0.0,1.4801369863013698,71.58734525447043,3
0,0,0,29,1,0.0,1.0,1.0,0.0,1.0,0.0,0.0,1,58.75,1696.2,0,1,0,0,0,1,0,0,0,1,0,3.0,14.6875,0,1,0,0,0,0.0,1.9583333333333333,28.388284518828453,1
0,0,1,1,1,0.0,0.0,0.0,0.0,0.0,0.0,1.0,0,78.65,78.65,1,0,1,0,1,0,0,0,0,1,0,1.0,39.325,1,0,0,1,1,1.0,39.325,0.9874450721908349,0
0,0,0,35,1,1.0,1.0,0.0,1.0,0.0,0.0,0.0,1,59.6,2094.9,0,1,0,0,1,0,0,0,0,1,0,3.0,14.9,0,0,0,0,1,0.0,1.6555555555555557,34.56930693069307,1
0,0,0,5,1,1.0,0.0,0.0,0.0,0.0,0.0,0.0,0,25.45,134.75,1,0,0,1,1,0,0,0,0,0,1,1.0,12.725,0,0,0,0,0,0.0,4.241666666666666,5.094517958412099,0
1,1,0,15,1,1.0,1.0,0.0,1.0,0.0,1.0,0.0,1,96.5,1392.25,0,0,1,0,1,0,0,0,0,1,0,4.0,19.3,1,0,0,1,1,0.0,6.03125,14.27948717948718,1
0,1,1,45,1,0.0,1.0,1.0,1.0,1.0,1.0,1.0,1,84.35,3858.05,0,1,0,0,0,0,1,0,0,0,1,6.0,12.049999999999999,1,1,0,0,0,0.0,1.833695652173913,45.20269478617458,2
0,1,0,4,1,0.0,0.0,0.0,0.0,0.0,0.0,0.0,0,20.5,79.05,1,0,0,1,0,1,0,1,0,0,0,0.0,20.5,0,1,1,0,0,0.0,4.1,3.6767441860465113,0
1,0,0,72,1,1.0,0.0,0.0,0.0,0.0,0.0,0.0,0,25.4,1809.35,0,0,0,1,0,0,1,1,0,0,0,1.0,12.7,0,1,1,0,0,0.0,0.347945205479452,68.53598484848484,3
0,1,1,3,1,0.0,0.0,0.0,0.0,0.0,0.0,0.0,0,19.65,60.65,1,0,0,1,1,0,0,0,0,0,1,0.0,19.65,0,0,0,0,0,0.0,4.9125,2.9370460048426152,0
0,0,0,54,1,0.0,0.0,0.0,0.0,0.0,0.0,0.0,1,20.5,1035.7,1,0,0,1,0,0,1,0,0,0,1,0.0,20.5,0,1,0,0,0,0.0,0.37272727272727274,48.17209302325582,2
0,0,0,2,1,0.0,0.0,0.0,0.0,0.0,0.0,0.0,0,70.7,140.7,0,0,1,0,1,0,0,0,1,0,0,0.0,70.7,0,0,1,1,0,1.0,23.566666666666666,1.9623430962343094,0
0,0,0,63,1,1.0,1.0,0.0,1.0,1.0,0.0,1.0,1,71.9,4479.2,0,1,0,0,0,0,1,1,0,0,0,5.0,11.983333333333334,1,1,1,0,0,0.0,1.1234375,61.44307270233195,3
0,0,0,1,1,0.0,0.0,0.0,0.0,0.0,0.0,0.0,0,20.95,20.95,0,0,0,1,1,0,0,1,0,0,0,0.0,20.95,0,0,1,0,0,0.0,10.475,0.9544419134396356,0
0,0,0,28,1,0.0,1.0,0.0,0.0,1.0,0.0,0.0,0,54.3,1546.3,1,1,0,0,0,1,0,0,0,0,1,2.0,18.099999999999998,0,1,0,0,0,0.0,1.8724137931034481,27.962025316455698,1
1,1,0,72,1,1.0,0.0,1.0,1.0,1.0,1.0,0.0,0,77.35,5396.25,0,1,0,0,0,0,1,0,1,0,0,5.0,12.891666666666666,1,1,1,0,0,0.0,1.0595890410958904,68.87364390555202,3
0,0,0,15,1,1.0,0.0,1.0,0.0,1.0,0.0,1.0,0,95.7,1451.1,0,0,1,0,1,0,0,0,0,1,0,4.0,19.14,1,0,0,1,1,0.0,5.98125,15.00620475698035,1
0,0,0,69,1,1.0,1.0,1.0,1.0,0.0,1.0,1.0,1,110.05,7430.75,0,0,1,0,0,0,1,0,1,0,0,6.0,15.721428571428572,1,1,1,0,0,0.0,1.572142857142857,66.91355245384962,3
1,1,0,71,1,1.0,1.0,1.0,1.0,0.0,1.0,1.0,1,107.5,7713.55,0,0,1,0,1,0,0,0,0,1,0,6.0,15.357142857142858,1,0,0,1,1,0.0,1.4930555555555556,71.0926267281106,3
0,0,1,51,1,0.0,0.0,0.0,0.0,1.0,0.0,0.0,0,47.85,2356.75,0,1,0,0,0,1,0,0,1,0,0,1.0,23.925,0,1,1,0,0,0.0,0.9201923076923078,48.244626407369495,2
0,1,1,9,1,0.0,0.0,0.0,0.0,0.0,0.0,0.0,0,19.75,210.65,1,0,0,1,0,0,1,0,0,0,1,0.0,19.75,0,1,0,0,0,0.0,1.975,10.151807228915663,0
0,1,0,71,1,1.0,0.0,1.0,1.0,0.0,0.0,1.0,1,93.25,6669.45,0,0,1,0,1,0,0,1,0,0,0,4.0,18.65,1,0,1,1,0,1.0,1.2951388888888888,70.7633952254642,3
1,0,0,47,1,1.0,0.0,1.0,0.0,1.0,0.0,0.0,0,59.6,2754.0,0,1,0,0,0,0,1,1,0,0,0,3.0,14.9,0,1,1,0,0,0.0,1.2416666666666667,45.445544554455445,2
0,0,0,35,0,0.0,0.0,0.0,1.0,0.0,1.0,1.0,0,49.2,1701.65,0,1,0,0,1,0,0,0,0,1,0,3.0,12.3,1,0,0,0,1,0.0,1.3666666666666667,33.897410358565736,1
0,1,0,3,1,0.0,0.0,0.0,0.0,0.0,0.0,0.0,1,46.1,130.15,1,1,0,0,1,0,0,0,0,0,1,0.0,46.1,0,0,0,0,0,0.0,11.525,2.7632696390658174,0
0,1,1,15,1,0.0,0.0,0.0,0.0,0.0,0.0,0.0,0,20.55,295.95,1,0,0,1,0,1,0,0,0,0,1,0.0,20.55,0,1,0,0,0,0.0,1.284375,13.733178654292342,1
1,1,0,33,1,1.0,1.0,0.0,1.0,1.0,1.0,1.0,1,109.9,3694.7,0,0,1,0,1,0,0,1,0,0,0,6.0,15.700000000000001,1,0,1,1,0,0.0,3.2323529411764707,33.3155996393147,1
0,0,0,2,1,0.0,0.0,0.0,0.0,0.0,0.0,0.0,0,44.35,81.25,0,1,0,0,1,0,0,0,0,1,0,0.0,44.35,0,0,0,0,1,0.0,14.783333333333333,1.7916207276736493,0
0,0,0,1,1,0.0,0.0,0.0,0.0,0.0,0.0,0.0,0,44.75,44.75,1,1,0,0,1,0,0,0,0,0,1,0.0,44.75,0,0,0,0,0,0.0,22.375,0.9781420765027322,0
1,1,0,70,1,1.0,1.0,1.0,1.0,1.0,1.0,1.0,1,88.55,6306.5,0,1,0,0,0,0,1,0,1,0,0,7.0,11.06875,1,1,1,0,0,0.0,1.2471830985915493,70.42434394193188,3
0,0,0,66,1,1.0,1.0,1.0,1.0,0.0,0.0,1.0,1,74.6,4798.4,0,1,0,0,0,0,1,0,1,0,0,5.0,12.433333333333332,1,1,1,0,0,0.0,1.1134328358208954,63.47089947089947,3
0,0,1,41,1,0.0,0.0,0.0,0.0,0.0,0.0,0.0,0,45.2,1841.9,1,1,0,0,1,0,0,1,0,0,0,0.0,45.2,0,0,1,0,0,0.0,1.0761904761904764,39.86796536796537,2
0,0,0,72,0,0.0,1.0,1.0,1.0,1.0,1.0,1.0,1,65.6,4566.5,0,1,0,0,0,0,1,1,0,0,0,6.0,9.37142857142857,1,1,1,0,0,0.0,0.8986301369863013,68.56606606606607,3
0,1,1,72,1,1.0,1.0,1.0,1.0,1.0,1.0,1.0,1,89.4,6376.55,0,1,0,0,0,0,1,0,0,0,1,7.0,11.175,1,1,0,0,0,0.0,1.2246575342465755,70.53705752212389,3
0,1,0,10,1,0.0,0.0,0.0,0.0,0.0,0.0,0.0,1,70.1,659.65,0,0,1,0,1,0,0,0,0,1,0,0.0,70.1,0,0,0,1,1,1.0,6.372727272727272,9.277777777777779,0
0,1,0,51,0,0.0,0.0,1.0,0.0,0.0,0.0,0.0,1,30.05,1529.45,0,1,0,0,1,0,0,0,1,0,0,1.0,15.025,0,0,1,0,0,0.0,0.5778846153846154,49.25764895330113,2
0,0,0,27,1,0.0,0.0,0.0,1.0,1.0,0.0,1.0,1,89.2,2383.6,1,0,1,0,1,0,0,0,0,1,0,3.0,22.3,1,0,0,1,1,0.0,3.185714285714286,26.42572062084257,1
0,0,1,43,1,0.0,1.0,1.0,0.0,1.0,1.0,1.0,1,106.0,4532.3,1,0,1,0,0,1,0,0,1,0,0,5.0,17.666666666666668,1,1,1,0,0,0.0,2.409090909090909,42.35794392523365,2
0,1,0,1,1,0.0,0.0,0.0,0.0,0.0,0.0,0.0,1,45.0,45.0,1,1,0,0,1,0,0,0,0,1,0,0.0,45.0,0,0,0,0,1,0.0,22.5,0.9782608695652174,0
0,1,1,24,1,0.0,1.0,0.0,1.0,0.0,0.0,0.0,1,56.25,1454.25,0,1,0,0,0,1,0,0,1,0,0,2.0,18.75,0,1,1,0,0,0.0,2.25,25.40174672489083,1
0,1,0,7,1,0.0,0.0,0.0,1.0,0.0,0.0,0.0,1,75.15,496.9,1,0,1,0,1,0,0,1,0,0,0,1.0,37.575,0,0,1,1,0,1.0,9.39375,6.525279054497701,0
0,0,0,41,1,0.0,1.0,0.0,1.0,1.0,1.0,1.0,1,79.85,3320.75,1,1,0,0,0,1,0,1,0,0,0,5.0,13.308333333333332,1,1,1,0,0,0.0,1.901190476190476,41.07297464440322,2
0,0,0,3,1,0.0,0.0,0.0,0.0,0.0,0.0,0.0,1,70.25,229.7,1,0,1,0,1,0,0,0,0,1,0,0.0,70.25,0,0,0,1,1,1.0,17.5625,3.2238596491228066,0
0,1,0,52,1,0.0,1.0,0.0,1.0,0.0,1.0,0.0,1,64.3,3410.6,1,1,0,0,0,1,0,0,0,0,1,3.0,16.075,1,1,0,0,0,0.0,1.2132075471698112,52.22970903522205,2
0,0,0,1,1,1.0,0.0,0.0,0.0,0.0,1.0,1.0,1,94.6,94.6,1,0,1,0,1,0,0,0,0,1,0,3.0,23.65,1,0,0,1,1,1.0,47.3,0.9895397489539749,0
1,0,0,26,1,1.0,0.0,0.0,0.0,0.0,1.0,1.0,1,93.6,2404.1,0,0,1,0,1,0,0,0,0,1,0,3.0,23.4,1,0,0,1,1,1.0,3.4666666666666663,25.413319238900634,1
0,0,0,14,1,0.0,0.0,1.0,0.0,0.0,0.0,1.0,1,86.3,1180.95,1,0,1,0,1,0,0,0,0,1,0,2.0,28.766666666666666,1,0,0,1,1,1.0,5.753333333333333,13.52749140893471,1
1,1,0,9,1,0.0,0.0,0.0,0.0,0.0,0.0,0.0,0,19.85,183.15,0,0,0,1,0,1,0,0,1,0,0,0.0,19.85,0,1,1,0,0,0.0,1.985,8.784172661870503,0
0,0,0,40,1,1.0,0.0,0.0,0.0,0.0,1.0,0.0,1,84.9,3369.05,0,0,1,0,1,0,0,0,0,1,0,2.0,28.3,1,0,0,1,1,1.0,2.0707317073170732,39.22060535506403,2
0,1,0,63,1,1.0,0.0,0.0,0.0,1.0,0.0,0.0,1,81.2,4965.1,1,0,1,0,0,1,0,0,1,0,0,2.0,27.066666666666666,0,1,1,0,0,0.0,1.26875,60.40267639902677,3
0,1,0,32,1,0.0,1.0,0.0,0.0,0.0,0.0,0.0,1,75.5,2324.7,1,0,1,0,1,0,0,1,0,0,0,1.0,37.75,0,0,1,1,0,0.0,2.287878787878788,30.388235294117646,1
1,1,1,28,0,0.0,0.0,0.0,0.0,0.0,1.0,0.0,1,35.9,973.65,1,1,0,0,1,0,0,0,0,1,0,1.0,17.95,1,0,0,0,1,0.0,1.2379310344827585,26.38617886178862,1
1,1,0,62,1,1.0,1.0,1.0,1.0,0.0,0.0,0.0,1,89.1,5618.3,0,0,1,0,1,0,0,0,0,1,0,4.0,17.82,0,0,0,1,1,0.0,1.4142857142857141,62.35627081021088,3
0,1,1,9,1,0.0,0.0,1.0,0.0,1.0,0.0,0.0,0,54.8,452.8,0,1,0,0,1,0,0,0,0,0,1,2.0,18.266666666666666,0,0,0,0,0,0.0,5.4799999999999995,8.114695340501793,0
0,1,0,60,0,0.0,0.0,1.0,1.0,1.0,1.0,1.0,0,60.8,3603.45,1,1,0,0,0,0,1,0,1,0,0,5.0,10.133333333333333,1,1,1,0,0,0.0,0.9967213114754098,58.30825242718446,2
0,1,1,69,1,1.0,0.0,0.0,0.0,0.0,0.0,0.0,1,26.0,1796.55,0,0,0,1,0,0,1,1,0,0,0,1.0,13.0,0,1,1,0,0,0.0,0.37142857142857144,66.53888888888889,3
0,0,0,23,1,0.0,0.0,1.0,0.0,1.0,0.0,0.0,1,79.1,1783.75,1,0,1,0,1,0,0,0,0,0,1,2.0,26.366666666666664,0,0,0,1,0,0.0,3.295833333333333,22.26903870162297,1
0,0,0,2,1,0.0,1.0,0.0,0.0,0.0,0.0,0.0,1,47.8,92.45,0,1,0,0,1,0,0,0,0,1,0,1.0,23.9,0,0,0,0,1,0.0,15.933333333333332,1.8944672131147542,0
0,1,0,70,1,1.0,1.0,1.0,1.0,1.0,1.0,1.0,0,114.3,8244.3,0,0,1,0,0,0,1,0,1,0,0,7.0,14.2875,1,1,1,0,0,0.0,1.6098591549295773,71.50303555941024,3
1,1,0,67,1,1.0,1.0,0.0,1.0,0.0,1.0,1.0,1,107.05,7142.5,1,0,1,0,0,1,0,0,1,0,0,5.0,17.841666666666665,1,1,1,0,0,0.0,1.574264705882353,66.10365571494678,3
0,0,0,38,1,1.0,0.0,1.0,1.0,0.0,0.0,1.0,1,95.1,3691.2,0,0,1,0,1,0,0,0,1,0,0,4.0,19.02,1,0,1,1,0,1.0,2.4384615384615382,38.409989594172735,2
0,1,0,64,1,1.0,0.0,0.0,0.0,0.0,0.0,0.0,0,25.55,1714.95,1,0,0,1,0,0,1,0,0,0,1,1.0,12.775,0,1,0,0,0,0.0,0.3930769230769231,64.59322033898304,3
0,1,0,51,1,1.0,1.0,0.0,1.0,1.0,1.0,1.0,1,111.55,5720.35,0,0,1,0,0,1,0,0,0,1,0,6.0,15.935714285714285,1,1,0,0,0,0.0,2.145192307692308,50.824966681474905,2
0,0,0,1,1,0.0,0.0,0.0,1.0,0.0,0.0,0.0,1,74.6,74.6,1,0,1,0,1,0,0,0,0,0,1,1.0,37.3,0,0,0,1,0,1.0,37.3,0.9867724867724867,0
0,0,0,46,1,1.0,0.0,0.0,1.0,0.0,1.0,1.0,1,101.1,4674.4,1,0,1,0,0,1,0,0,0,1,0,4.0,20.22,1,1,0,0,0,1.0,2.1510638297872338,45.78256611165524,2
0,1,1,36,1,0.0,1.0,1.0,0.0,0.0,0.0,0.0,0,53.65,1939.35,0,1,0,0,0,1,0,0,0,0,1,2.0,17.883333333333333,0,1,0,0,0,0.0,1.45,35.48673376029277,1
0,1,0,64,1,0.0,0.0,1.0,1.0,1.0,0.0,1.0,1,68.3,4378.8,1,1,0,0,0,0,1,0,0,0,1,4.0,13.66,1,1,0,0,0,0.0,1.0507692307692307,63.18614718614719,3
0,1,1,55,1,1.0,1.0,1.0,0.0,1.0,1.0,0.0,1,75.0,4213.9,1,1,0,0,0,1,0,0,1,0,0,5.0,12.5,1,1,1,0,0,0.0,1.3392857142857142,55.446052631578944,2
0,1,0,16,1,1.0,0.0,0.0,0.0,0.0,0.0,0.0,1,73.85,1284.2,0,0,1,0,1,0,0,1,0,0,0,1.0,36.925,0,0,1,1,0,1.0,4.344117647058823,17.156980627922515,1
0,1,1,68,1,0.0,0.0,0.0,0.0,0.0,0.0,0.0,0,19.95,1377.7,0,0,0,1,0,0,1,1,0,0,0,0.0,19.95,0,1,1,0,0,0.0,0.2891304347826087,65.76133651551314,3
0,0,1,40,1,0.0,0.0,0.0,0.0,0.0,0.0,0.0,1,20.4,854.9,0,0,0,1,0,1,0,1,0,0,0,0.0,20.4,0,1,1,0,0,0.0,0.49756097560975604,39.94859813084112,2
0,1,1,2,1,0.0,0.0,0.0,0.0,0.0,0.0,0.0,0,20.2,34.75,0,0,0,1,0,1,0,0,0,0,1,0.0,20.2,0,1,0,0,0,0.0,6.733333333333333,1.6391509433962266,0
1,0,0,31,1,1.0,0.0,1.0,0.0,0.0,1.0,1.0,1,99.95,3186.65,1,0,1,0,1,0,0,0,0,1,0,4.0,19.990000000000002,1,0,0,1,1,1.0,3.1234375,31.566617137196634,1
0,1,0,36,1,1.0,0.0,0.0,0.0,0.0,1.0,1.0,1,95.0,3440.25,0,0,1,0,1,0,0,1,0,0,0,3.0,23.75,1,0,1,1,0,1.0,2.5675675675675675,35.8359375,1
1,1,0,59,1,1.0,0.0,0.0,0.0,0.0,1.0,1.0,1,93.85,5574.75,0,0,1,0,1,0,0,1,0,0,0,3.0,23.4625,1,0,1,1,0,1.0,1.5641666666666665,58.774380600948874,2
0,1,1,70,1,1.0,0.0,0.0,0.0,0.0,0.0,0.0,0,25.15,1790.15,0,0,0,1,0,0,1,0,1,0,0,1.0,12.575,0,1,1,0,0,0.0,0.35422535211267603,68.45697896749523,3
0,1,1,72,1,1.0,1.0,0.0,0.0,0.0,0.0,0.0,0,55.3,3983.6,0,1,0,0,0,0,1,1,0,0,0,2.0,18.433333333333334,0,1,1,0,0,0.0,0.7575342465753424,70.75666074600356,3
0,0,0,2,1,0.0,0.0,0.0,0.0,0.0,0.0,0.0,0,45.55,84.4,1,1,0,0,1,0,0,0,0,1,0,0.0,45.55,0,0,0,0,1,0.0,15.183333333333332,1.813104189044039,0
0,1,0,15,1,0.0,0.0,0.0,0.0,0.0,0.0,0.0,1,68.6,1108.6,0,0,1,0,1,0,0,1,0,0,0,0.0,68.6,0,0,1,1,0,1.0,4.2875,15.92816091954023,1
0,1,0,45,1,1.0,1.0,1.0,1.0,1.0,1.0,1.0,0,113.3,5032.25,1,0,1,0,0,1,0,0,0,0,1,7.0,14.1625,1,1,0,0,0,0.0,2.4630434782608694,44.02668416447944,2
0,0,0,1,1,0.0,0.0,0.0,0.0,0.0,0.0,0.0,0,19.95,19.95,1,0,0,1,1,0,0,0,1,0,0,0.0,19.95,0,0,1,0,0,0.0,9.975,0.9522673031026253,0
0,1,0,11,1,1.0,0.0,1.0,0.0,0.0,0.0,0.0,1,80.5,896.9,0,0,1,0,1,0,0,1,0,0,0,2.0,26.833333333333332,0,0,1,1,0,1.0,6.708333333333333,11.004907975460123,0
1,0,0,1,1,1.0,0.0,0.0,0.0,0.0,0.0,0.0,0,50.55,50.55,1,1,0,0,1,0,0,0,0,0,1,1.0,25.275,0,0,0,0,0,0.0,25.275,0.9806013579049466,0
1,1,0,7,1,1.0,0.0,0.0,0.0,0.0,1.0,1.0,1,95.6,644.35,0,0,1,0,1,0,0,1,0,0,0,3.0,23.9,1,0,1,1,0,1.0,11.95,6.670289855072465,0
1,1,0,64,1,1.0,0.0,1.0,1.0,0.0,0.0,1.0,1,94.25,6081.4,0,0,1,0,1,0,0,0,0,1,0,4.0,18.85,1,0,0,1,1,1.0,1.45,63.84671916010498,3
0,0,0,54,1,0.0,1.0,1.0,0.0,1.0,1.0,1.0,1,105.4,5643.4,0,0,1,0,0,1,0,0,1,0,0,5.0,17.566666666666666,1,1,1,0,0,0.0,1.9163636363636365,53.03947368421052,2
0,1,0,3,1,0.0,0.0,0.0,0.0,0.0,0.0,0.0,0,20.85,72.0,1,0,0,1,1,0,0,0,0,0,1,0.0,20.85,0,0,0,0,0,0.0,5.2125,3.295194508009153,0
0,0,0,2,1,1.0,0.0,0.0,0.0,0.0,1.0,1.0,1,95.15,196.9,1,0,1,0,1,0,0,0,0,1,0,3.0,23.7875,1,0,0,1,1,1.0,31.71666666666667,2.047841913676547,0
0,0,0,67,1,0.0,0.0,0.0,0.0,0.0,0.0,0.0,1,19.8,1311.3,0,0,0,1,0,0,1,0,0,0,1,0.0,19.8,0,1,0,0,0,0.0,0.2911764705882353,63.043269230769226,3
0,1,0,5,1,0.0,1.0,0.0,1.0,0.0,0.0,1.0,1,88.9,454.15,1,0,1,0,1,0,0,0,0,0,1,3.0,22.225,1,0,0,1,0,0.0,14.816666666666668,5.051724137931034,0
0,1,1,3,1,0.0,0.0,1.0,0.0,1.0,0.0,0.0,1,80.0,241.3,1,0,1,0,1,0,0,0,0,1,0,2.0,26.666666666666668,0,0,0,1,1,0.0,20.0,2.9790123456790125,0
0,0,1,19,0,0.0,0.0,0.0,0.0,0.0,0.0,0.0,1,25.35,566.1,0,1,0,0,1,0,0,0,1,0,0,0.0,25.35,0,0,1,0,0,0.0,1.2675,21.483870967741936,1
0,0,0,7,1,0.0,0.0,0.0,0.0,0.0,0.0,0.0,1,19.95,147.5,0,0,0,1,1,0,0,0,0,0,1,0.0,19.95,0,0,0,0,0,0.0,2.49375,7.040572792362768,0
1,0,0,23,0,0.0,0.0,0.0,0.0,0.0,0.0,1.0,1,34.65,768.45,0,1,0,0,1,0,0,1,0,0,0,1.0,17.325,1,0,1,0,0,0.0,1.4437499999999999,21.555399719495092,1
0,1,0,72,1,1.0,1.0,1.0,0.0,1.0,1.0,1.0,1,108.95,7875.0,0,0,1,0,0,0,1,0,1,0,0,6.0,15.564285714285715,1,1,1,0,0,0.0,1.4924657534246575,71.62346521145976,3
0,1,1,5,0,0.0,0.0,0.0,0.0,0.0,0.0,0.0,0,25.05,125.5,1,1,0,0,1,0,0,0,0,0,1,0.0,25.05,0,0,0,0,0,0.0,4.175,4.817658349328215,0
1,1,0,1,1,1.0,0.0,0.0,1.0,0.0,1.0,1.0,1,100.8,100.8,1,0,1,0,1,0,0,0,0,1,0,4.0,20.16,1,0,0,1,1,1.0,50.4,0.9901768172888016,0
0,1,0,68,1,1.0,1.0,0.0,0.0,1.0,0.0,0.0,0,58.25,3975.7,1,1,0,0,0,1,0,1,0,0,0,3.0,14.5625,0,1,1,0,0,0.0,0.8442028985507246,67.10042194092827,3
0,1,1,31,1,0.0,0.0,0.0,0.0,0.0,0.0,0.0,0,21.0,697.7,1,0,0,1,0,0,1,0,0,0,1,0.0,21.0,0,1,0,0,0,0.0,0.65625,31.713636363636365,1
0,0,0,1,1,0.0,0.0,0.0,0.0,0.0,1.0,0.0,1,78.95,78.95,0,0,1,0,1,0,0,0,0,1,0,1.0,39.475,1,0,0,1,1,1.0,39.475,0.9874921826141339,0
0,0,0,18,1,1.0,0.0,0.0,0.0,0.0,0.0,0.0,0,23.75,424.5,0,0,0,1,0,1,0,0,0,0,1,1.0,11.875,0,1,0,0,0,0.0,1.25,17.151515151515152,1
0,0,0,6,1,0.0,1.0,0.0,0.0,0.0,0.0,0.0,1,49.45,314.6,1,1,0,0,1,0,0,0,0,1,0,1.0,24.725,0,0,0,0,1,0.0,7.064285714285715,6.2358771060455895,0
0,0,1,32,1,0.0,0.0,0.0,0.0,0.0,0.0,0.0,0,20.5,696.8,0,0,0,1,0,0,1,0,0,0,1,0.0,20.5,0,1,0,0,0,0.0,0.6212121212121212,32.40930232558139,1
0,1,1,6,1,1.0,0.0,0.0,0.0,0.0,0.0,0.0,1,48.95,273.25,1,1,0,0,1,0,0,0,1,0,0,1.0,24.475,0,0,1,0,0,0.0,6.992857142857143,5.47047047047047,0
0,1,1,8,1,0.0,0.0,0.0,0.0,0.0,0.0,0.0,0,20.15,165.5,0,0,0,1,0,0,1,0,0,0,1,0.0,20.15,0,1,0,0,0,0.0,2.238888888888889,7.825059101654847,0
0,0,0,51,1,1.0,0.0,0.0,0.0,0.0,0.0,0.0,0,24.75,1234.6,0,0,0,1,0,0,1,0,0,0,1,1.0,12.375,0,1,0,0,0,0.0,0.47596153846153844,47.94563106796116,2
0,0,0,2,0,0.0,0.0,0.0,0.0,0.0,0.0,0.0,1,25.05,56.35,0,1,0,0,1,0,0,0,0,1,0,0.0,25.05,0,0,0,0,1,0.0,8.35,2.163147792706334,0
0,0,0,6,1,0.0,1.0,1.0,1.0,1.0,0.0,1.0,1,98.15,567.45,1,0,1,0,1,0,0,1,0,0,0,5.0,16.358333333333334,1,0,1,1,0,0.0,14.021428571428572,5.723146747352496,0
1,1,0,1,0,0.0,0.0,1.0,0.0,0.0,1.0,0.0,0,40.2,40.2,0,1,0,0,1,0,0,0,0,1,0,2.0,13.4,1,0,0,0,1,0.0,20.1,0.9757281553398058,0
0,1,1,46,0,0.0,1.0,1.0,0.0,0.0,0.0,0.0,0,35.05,1620.25,1,1,0,0,1,0,0,1,0,0,0,2.0,11.683333333333332,0,0,1,0,0,0.0,0.7457446808510638,44.94452149791956,2
1,1,0,57,1,1.0,0.0,1.0,1.0,0.0,0.0,1.0,0,94.0,5438.95,1,0,1,0,1,0,0,0,1,0,0,4.0,18.8,1,0,1,1,0,1.0,1.6206896551724137,57.252105263157894,2
0,1,1,72,1,1.0,1.0,1.0,1.0,1.0,0.0,1.0,1,104.9,7537.5,0,0,1,0,0,1,0,0,1,0,0,6.0,14.985714285714286,1,1,1,0,0,0.0,1.4369863013698632,71.1756373937677,3
0,1,1,23,1,1.0,0.0,1.0,0.0,1.0,0.0,0.0,0,59.7,1414.2,0,1,0,0,0,0,1,0,0,0,1,3.0,14.925,0,1,0,0,0,0.0,2.4875000000000003,23.29818780889621,1
0,0,0,1,1,1.0,0.0,0.0,0.0,0.0,0.0,0.0,1,25.75,25.75,1,0,0,1,1,0,0,0,0,0,1,1.0,12.875,0,0,0,0,0,0.0,12.875,0.9626168224299065,0
0,1,1,58,1,1.0,1.0,0.0,1.0,1.0,1.0,0.0,0,75.8,4415.75,1,1,0,0,0,0,1,0,0,0,1,5.0,12.633333333333333,1,1,0,0,0,0.0,1.2847457627118644,57.49674479166667,2
0,0,0,51,1,0.0,1.0,0.0,0.0,0.0,1.0,0.0,0,86.35,4267.15,0,0,1,0,0,1,0,0,0,0,1,2.0,28.78333333333333,1,1,0,0,0,0.0,1.660576923076923,48.85117344018317,2
0,1,0,72,1,1.0,1.0,1.0,1.0,1.0,1.0,1.0,1,117.15,8529.5,1,0,1,0,0,0,1,0,1,0,0,7.0,14.64375,1,1,1,0,0,0.0,1.6047945205479452,72.19212865002116,3
0,0,0,7,0,0.0,1.0,0.0,1.0,0.0,0.0,0.0,0,35.3,264.8,0,1,0,0,0,1,0,0,0,0,1,2.0,11.766666666666666,0,1,0,0,0,0.0,4.4125,7.2947658402203865,0
0,0,0,25,1,0.0,1.0,1.0,1.0,1.0,1.0,0.0,0,74.3,1863.8,1,1,0,0,0,1,0,0,0,0,1,5.0,12.383333333333333,1,1,0,0,0,0.0,2.8576923076923078,24.751660026560426,1
0,1,1,46,1,0.0,0.0,0.0,0.0,0.0,0.0,0.0,1,19.25,864.2,1,0,0,1,0,0,1,0,0,0,1,0.0,19.25,0,1,0,0,0,0.0,0.4095744680851064,42.67654320987655,2
0,0,0,67,0,0.0,1.0,0.0,1.0,1.0,1.0,0.0,1,49.35,3321.35,0,1,0,0,0,1,0,1,0,0,0,4.0,9.870000000000001,1,1,1,0,0,0.0,0.725735294117647,65.96524329692154,3
0,1,1,42,1,0.0,0.0,0.0,1.0,0.0,1.0,1.0,1,92.15,3875.4,1,0,1,0,1,0,0,0,0,1,0,3.0,23.0375,1,0,0,1,1,1.0,2.1430232558139535,41.60386473429951,2
0,0,0,18,1,0.0,0.0,1.0,1.0,0.0,1.0,1.0,0,101.3,1794.65,0,0,1,0,1,0,0,0,1,0,0,4.0,20.259999999999998,1,0,1,1,0,1.0,5.3315789473684205,17.543010752688172,1
0,1,0,29,1,1.0,0.0,1.0,1.0,0.0,0.0,0.0,1,85.8,2440.25,0,0,1,0,1,0,0,0,0,1,0,3.0,21.45,0,0,0,1,1,1.0,2.86,28.11347926267281,1
0,1,1,61,1,0.0,0.0,1.0,1.0,1.0,1.0,1.0,0,103.9,6449.15,0,0,1,0,0,1,0,0,1,0,0,5.0,17.316666666666666,1,1,1,0,0,0.0,1.6758064516129034,61.47902764537654,3
0,0,0,1,1,0.0,0.0,0.0,0.0,0.0,0.0,0.0,1,44.3,44.3,0,1,0,0,1,0,0,0,0,0,1,0.0,44.3,0,0,0,0,0,0.0,22.15,0.977924944812362,0
0,0,0,44,0,0.0,0.0,1.0,1.0,0.0,1.0,1.0,1,53.95,2375.4,0,1,0,0,0,1,0,0,0,0,1,4.0,10.790000000000001,1,1,0,0,0,0.0,1.198888888888889,43.228389444949954,2
0,1,0,60,1,1.0,0.0,1.0,1.0,0.0,1.0,1.0,1,106.15,6411.25,1,0,1,0,1,0,0,0,0,1,0,5.0,17.691666666666666,1,0,0,1,1,1.0,1.7401639344262296,59.834344377041525,2
0,0,0,7,1,1.0,0.0,0.0,0.0,0.0,1.0,1.0,1,93.85,635.6,0,0,1,0,1,0,0,0,0,1,0,3.0,23.4625,1,0,0,1,1,1.0,11.73125,6.701107011070111,0
1,1,1,48,0,0.0,0.0,1.0,0.0,0.0,0.0,0.0,0,29.9,1388.75,1,1,0,0,0,1,0,1,0,0,0,1.0,14.95,0,1,1,0,0,0.0,0.610204081632653,44.943365695792885,2
0,0,0,33,1,0.0,0.0,1.0,1.0,0.0,1.0,0.0,1,66.4,2245.4,0,1,0,0,1,0,0,0,1,0,0,3.0,16.6,1,0,1,0,0,0.0,1.9529411764705884,33.31454005934718,1
1,1,0,71,1,1.0,1.0,0.0,0.0,0.0,0.0,0.0,1,80.7,5676.0,1,0,1,0,0,0,1,0,1,0,0,2.0,26.900000000000002,0,1,1,0,0,0.0,1.1208333333333333,69.47368421052632,3
0,0,1,1,1,1.0,0.0,0.0,0.0,0.0,0.0,0.0,1,74.35,74.35,0,0,1,0,1,0,0,0,0,1,0,1.0,37.175,0,0,0,1,1,1.0,37.175,0.986728599867286,0
0,0,0,4,1,0.0,0.0,0.0,0.0,0.0,0.0,0.0,1,44.8,176.2,0,1,0,0,1,0,0,0,1,0,0,0.0,44.8,0,0,1,0,0,0.0,8.959999999999999,3.8471615720524017,0
0,0,0,4,1,0.0,0.0,0.0,0.0,0.0,0.0,1.0,1,55.3,238.5,0,1,0,0,1,0,0,0,0,0,1,1.0,27.65,1,0,0,0,0,0.0,11.059999999999999,4.236234458259325,0
0,0,0,10,0,0.0,0.0,1.0,0.0,1.0,0.0,0.0,0,35.75,389.8,0,1,0,0,1,0,0,0,0,1,0,2.0,11.916666666666666,0,0,0,0,1,0.0,3.25,10.606802721088435,0
0,0,0,14,1,0.0,0.0,1.0,0.0,0.0,0.0,0.0,0,50.45,765.45,1,1,0,0,1,0,0,0,0,1,0,1.0,25.225,0,0,0,0,1,0.0,3.3633333333333337,14.877551020408163,1
0,0,1,26,1,1.0,0.0,0.0,0.0,0.0,0.0,0.0,1,49.5,1265.65,1,1,0,0,1,0,0,0,0,0,1,1.0,24.75,0,0,0,0,0,0.0,1.8333333333333333,25.062376237623763,1
1,1,0,7,1,1.0,1.0,1.0,0.0,1.0,0.0,0.0,0,64.2,475.0,0,1,0,0,1,0,0,0,0,1,0,4.0,12.84,0,0,0,0,1,0.0,8.025,7.285276073619632,0
0,0,0,1,1,0.0,1.0,0.0,0.0,0.0,0.0,1.0,1,84.6,84.6,0,0,1,0,1,0,0,0,0,0,1,2.0,28.2,1,0,0,1,0,0.0,42.3,0.9883177570093458,0
0,0,0,11,1,0.0,0.0,0.0,1.0,1.0,0.0,1.0,0,64.9,697.25,1,1,0,0,0,1,0,0,1,0,0,3.0,16.225,1,1,1,0,0,0.0,5.408333333333334,10.580424886191198,0
0,0,1,1,1,0.0,0.0,0.0,0.0,0.0,0.0,1.0,1,79.6,79.6,1,0,1,0,1,0,0,0,0,1,0,1.0,39.8,1,0,0,1,1,1.0,39.8,0.9875930521091811,0
0,1,0,41,1,1.0,0.0,1.0,0.0,0.0,0.0,0.0,1,80.25,3439.0,0,0,1,0,1,0,0,0,0,1,0,2.0,26.75,0,0,0,1,1,1.0,1.9107142857142858,42.326153846153844,2
1,1,0,43,1,0.0,0.0,1.0,1.0,0.0,1.0,1.0,1,100.55,4304.0,0,0,1,0,0,1,0,1,0,0,0,4.0,20.11,1,1,1,0,0,1.0,2.2852272727272727,42.38306253077302,2
0,1,0,68,1,0.0,1.0,0.0,0.0,1.0,0.0,0.0,0,55.9,3848.8,1,1,0,0,0,1,0,1,0,0,0,2.0,18.633333333333333,0,1,1,0,0,0.0,0.8101449275362319,67.64147627416521,3
0,1,0,71,0,0.0,0.0,1.0,0.0,0.0,1.0,1.0,0,49.35,3515.25,0,1,0,0,0,0,1,0,0,1,0,3.0,12.3375,1,1,0,0,0,0.0,0.6854166666666667,69.8162859980139,3
1,0,0,47,1,1.0,0.0,1.0,1.0,0.0,0.0,0.0,1,85.2,3969.35,1,0,1,0,1,0,0,1,0,0,0,3.0,21.3,0,0,1,1,0,1.0,1.7750000000000001,46.048143851508115,2
0,1,1,57,1,0.0,1.0,0.0,1.0,1.0,0.0,0.0,1,59.3,3274.35,1,1,0,0,0,1,0,0,0,0,1,3.0,14.825,0,1,0,0,0,0.0,1.0224137931034483,54.300995024875625,2
0,1,1,20,1,0.0,0.0,0.0,0.0,0.0,0.0,0.0,0,20.05,406.05,1,0,0,1,1,0,0,0,0,0,1,0.0,20.05,0,0,0,0,0,0.0,0.9547619047619048,19.28978622327791,1
0,0,0,26,1,0.0,0.0,0.0,0.0,0.0,0.0,0.0,0,19.8,457.3,0,0,0,1,0,1,0,0,1,0,0,0.0,19.8,0,1,1,0,0,0.0,0.7333333333333334,21.985576923076923,1
0,0,1,70,1,1.0,1.0,1.0,1.0,1.0,1.0,1.0,1,114.6,7882.5,0,0,1,0,0,0,1,0,0,1,0,7.0,14.325,1,1,0,0,0,0.0,1.6140845070422534,68.18771626297578,3
1,0,0,66,1,1.0,0.0,1.0,1.0,1.0,1.0,1.0,0,110.9,7432.05,0,0,1,0,0,1,0,0,1,0,0,6.0,15.842857142857143,1,1,1,0,0,0.0,1.655223880597015,66.41689008042896,3
1,1,0,32,1,1.0,0.0,0.0,0.0,0.0,0.0,1.0,0,85.3,2661.1,0,0,1,0,1,0,0,0,0,1,0,2.0,28.433333333333334,1,0,0,1,1,1.0,2.584848484848485,30.835457705677868,1
1,0,0,41,1,1.0,0.0,0.0,1.0,0.0,1.0,1.0,1,98.4,4187.75,0,0,1,0,1,0,0,0,0,1,0,4.0,19.68,1,0,0,1,1,1.0,2.342857142857143,42.13028169014084,2
0,1,1,14,1,0.0,1.0,1.0,0.0,0.0,0.0,1.0,1,61.4,815.55,0,1,0,0,0,0,1,1,0,0,0,3.0,15.35,1,1,1,0,0,0.0,4.093333333333333,13.069711538461538,1
0,0,0,70,1,1.0,1.0,1.0,1.0,1.0,1.0,1.0,0,115.55,8127.6,1,0,1,0,0,1,0,0,1,0,0,7.0,14.44375,1,1,1,0,0,0.0,1.6274647887323943,69.73487773487774,3
1,0,0,55,1,1.0,0.0,0.0,1.0,0.0,1.0,1.0,1,100.15,5409.75,1,0,1,0,0,1,0,0,0,1,0,4.0,20.03,1,1,0,0,0,1.0,1.7883928571428573,53.482451804251106,2
1,0,0,1,1,0.0,0.0,0.0,0.0,0.0,0.0,0.0,1,69.65,69.65,1,0,1,0,1,0,0,0,0,1,0,0.0,69.65,0,0,0,1,1,1.0,34.825,0.9858457183297947,0
1,1,1,71,1,1.0,1.0,1.0,0.0,0.0,1.0,0.0,0,69.2,4982.5,1,1,0,0,0,1,0,0,0,1,0,4.0,13.84,1,1,0,0,0,0.0,0.9611111111111111,70.97578347578347,3
1,1,0,70,1,0.0,0.0,0.0,0.0,0.0,0.0,0.0,1,19.55,1462.05,1,0,0,1,0,0,1,0,1,0,0,0.0,19.55,0,1,1,0,0,0.0,0.27535211267605636,71.14598540145985,3
0,0,1,1,1,0.0,0.0,0.0,0.0,1.0,0.0,1.0,1,59.55,59.55,0,1,0,0,1,0,0,0,0,0,1,2.0,19.849999999999998,1,0,0,0,0,0.0,29.775,0.9834847233691164,0
0,1,1,72,1,1.0,0.0,0.0,0.0,0.0,0.0,0.0,0,26.1,1851.45,0,0,0,1,0,0,1,0,0,0,1,1.0,13.05,0,1,0,0,0,0.0,0.3575342465753425,68.31918819188192,3
0,0,0,2,1,0.0,0.0,0.0,0.0,0.0,1.0,0.0,1,80.25,144.55,0,0,1,0,1,0,0,0,0,1,0,1.0,40.125,1,0,0,1,1,1.0,26.75,1.7790769230769232,0
0,0,0,37,1,1.0,1.0,0.0,0.0,0.0,1.0,0.0,0,64.65,2347.85,1,1,0,0,0,1,0,1,0,0,0,3.0,16.1625,1,1,1,0,0,0.0,1.7013157894736843,35.76313785224676,2
0,0,0,13,1,0.0,0.0,0.0,0.0,0.0,0.0,0.0,0,19.3,259.65,0,0,0,1,0,1,0,0,1,0,0,0.0,19.3,0,1,1,0,0,0.0,1.3785714285714286,12.790640394088669,1
0,0,0,66,1,1.0,1.0,1.0,1.0,1.0,1.0,0.0,1,104.55,6779.05,1,0,1,0,0,1,0,1,0,0,0,6.0,14.935714285714285,1,1,1,0,0,0.0,1.5604477611940297,64.22595926101374,3
0,0,1,12,1,0.0,0.0,0.0,0.0,0.0,0.0,0.0,0,21.05,235.8,0,0,0,1,1,0,0,0,1,0,0,0.0,21.05,0,0,1,0,0,0.0,1.6192307692307693,10.693877551020408,0
1,0,0,33,0,0.0,0.0,0.0,1.0,1.0,1.0,1.0,1,54.6,1803.7,0,1,0,0,1,0,0,0,0,1,0,4.0,10.92,1,0,0,0,1,0.0,1.6058823529411765,32.44064748201439,1
0,1,0,63,1,1.0,0.0,1.0,0.0,0.0,0.0,0.0,1,81.55,5029.05,1,0,1,0,1,0,0,1,0,0,0,2.0,27.183333333333334,0,0,1,1,0,1.0,1.27421875,60.92125984251969,3
0,1,1,24,1,1.0,0.0,0.0,0.0,0.0,0.0,0.0,1,24.1,587.4,0,0,0,1,0,0,1,1,0,0,0,1.0,12.05,0,1,1,0,0,0.0,0.9640000000000001,23.40239043824701,1
0,1,0,48,1,1.0,1.0,0.0,0.0,1.0,0.0,0.0,1,60.6,2985.25,1,1,0,0,0,1,0,1,0,0,0,3.0,15.15,0,1,1,0,0,0.0,1.236734693877551,48.46185064935065,2
0,1,1,50,1,1.0,1.0,1.0,1.0,0.0,1.0,1.0,1,108.25,5431.4,0,0,1,0,0,1,0,0,0,1,0,6.0,15.464285714285714,1,1,0,0,0,0.0,2.122549019607843,49.715331807780316,2
1,1,1,68,1,1.0,0.0,0.0,1.0,1.0,1.0,1.0,1,107.15,7379.8,0,0,1,0,0,1,0,0,1,0,0,5.0,17.858333333333334,1,1,1,0,0,0.0,1.5528985507246378,68.23670827554322,3
0,0,0,1,1,0.0,0.0,0.0,0.0,0.0,0.0,0.0,0,20.4,20.4,0,0,0,1,1,0,0,0,0,0,1,0.0,20.4,0,0,0,0,0,0.0,10.2,0.9532710280373832,0
0,1,1,18,1,0.0,0.0,0.0,0.0,0.0,0.0,0.0,0,20.05,345.9,0,0,0,1,0,1,0,1,0,0,0,0.0,20.05,0,1,1,0,0,0.0,1.055263157894737,16.432304038004748,1
0,1,1,21,1,1.0,0.0,1.0,1.0,0.0,1.0,1.0,0,104.4,2157.95,0,0,1,0,1,0,0,0,0,1,0,5.0,17.400000000000002,1,0,0,1,1,1.0,4.745454545454546,20.47390891840607,1
0,0,0,1,1,0.0,0.0,0.0,0.0,0.0,0.0,0.0,0,19.15,19.15,1,0,0,1,1,0,0,0,0,0,1,0.0,19.15,0,0,0,0,0,0.0,9.575,0.9503722084367245,0
0,0,0,31,1,1.0,0.0,0.0,0.0,1.0,0.0,0.0,1,79.85,2404.15,1,0,1,0,1,0,0,0,1,0,0,2.0,26.616666666666664,0,0,1,1,0,0.0,2.4953125,29.73593073593074,1
0,1,1,53,1,0.0,0.0,0.0,1.0,0.0,0.0,1.0,0,60.6,3297.0,1,1,0,0,0,1,0,0,1,0,0,2.0,20.2,1,1,1,0,0,0.0,1.1222222222222222,53.52272727272727,2
0,0,0,69,0,0.0,0.0,1.0,1.0,0.0,0.0,0.0,1,35.75,2492.25,0,1,0,0,0,1,0,1,0,0,0,2.0,11.916666666666666,0,1,1,0,0,0.0,0.5107142857142857,67.81632653061224,3
0,1,1,68,1,1.0,0.0,1.0,0.0,1.0,0.0,0.0,1,83.65,5733.4,1,0,1,0,0,1,0,1,0,0,0,3.0,20.9125,0,1,1,0,0,0.0,1.2123188405797103,67.73065564087418,3
0,0,0,26,1,1.0,1.0,1.0,0.0,0.0,1.0,0.0,1,69.5,1800.05,1,1,0,0,1,0,0,1,0,0,0,4.0,13.9,1,0,1,0,0,0.0,2.574074074074074,25.532624113475176,1
0,1,0,72,1,1.0,0.0,0.0,0.0,0.0,0.0,0.0,0,24.85,1871.85,1,0,0,1,0,0,1,0,1,0,0,1.0,12.425,0,1,1,0,0,0.0,0.3404109589041096,72.41199226305609,3
0,1,0,67,1,1.0,0.0,0.0,0.0,0.0,0.0,0.0,0,25.6,1784.9,0,0,0,1,0,0,1,0,1,0,0,1.0,12.8,0,1,1,0,0,0.0,0.3764705882352941,67.1015037593985,3
0,0,0,14,1,0.0,0.0,0.0,0.0,0.0,1.0,1.0,1,89.8,1129.1,1,0,1,0,1,0,0,0,0,0,1,2.0,29.933333333333334,1,0,0,1,0,1.0,5.986666666666666,12.435022026431717,1
0,1,0,26,0,0.0,1.0,0.0,1.0,0.0,0.0,0.0,0,35.4,978.6,1,1,0,0,0,1,0,0,1,0,0,2.0,11.799999999999999,0,1,1,0,0,0.0,1.3111111111111111,26.884615384615387,1
0,1,0,45,1,0.0,1.0,0.0,1.0,0.0,0.0,0.0,0,53.3,2296.25,0,1,0,0,0,0,1,0,1,0,0,2.0,17.766666666666666,0,1,1,0,0,0.0,1.158695652173913,42.28821362799263,2
0,1,0,21,1,1.0,0.0,0.0,0.0,0.0,1.0,1.0,1,94.3,1948.35,1,0,1,0,1,0,0,0,0,1,0,3.0,23.575,1,0,0,1,1,1.0,4.286363636363636,20.444386149003147,1
0,0,0,36,1,1.0,0.0,0.0,1.0,0.0,0.0,0.0,0,55.8,1941.5,1,1,0,0,0,1,0,0,0,1,0,2.0,18.599999999999998,0,1,0,0,0,0.0,1.508108108108108,34.181338028169016,1
1,1,0,43,1,1.0,1.0,1.0,0.0,0.0,1.0,0.0,1,94.5,4156.8,1,0,1,0,1,0,0,0,0,1,0,4.0,18.9,1,0,0,1,1,0.0,2.147727272727273,43.52670157068063,2
0,0,0,2,1,0.0,0.0,0.0,0.0,0.0,0.0,0.0,0,20.0,32.7,0,0,0,1,1,0,0,0,0,0,1,0.0,20.0,0,0,0,0,0,0.0,6.666666666666667,1.5571428571428574,0
1,1,0,32,1,1.0,0.0,1.0,1.0,0.0,1.0,1.0,0,106.35,3520.75,0,0,1,0,1,0,0,1,0,0,0,5.0,17.724999999999998,1,0,1,1,0,1.0,3.2227272727272727,32.796925943176525,1
0,0,0,12,1,1.0,0.0,0.0,1.0,0.0,1.0,1.0,0,74.75,827.05,0,1,0,0,1,0,0,1,0,0,0,4.0,14.95,1,0,1,0,0,0.0,5.75,10.918151815181517,0
0,0,0,24,1,1.0,0.0,1.0,0.0,0.0,0.0,0.0,1,80.25,1861.5,0,0,1,0,1,0,0,0,0,1,0,2.0,26.75,0,0,0,1,1,1.0,3.21,22.91076923076923,1
0,1,1,50,1,0.0,0.0,0.0,1.0,1.0,1.0,1.0,0,103.05,5153.5,1,0,1,0,0,1,0,0,0,0,1,4.0,20.61,1,1,0,0,0,0.0,2.0205882352941176,49.52907256126862,2
0,1,1,41,1,1.0,1.0,1.0,1.0,0.0,0.0,1.0,1,101.6,3930.55,1,0,1,0,0,1,0,1,0,0,0,5.0,16.933333333333334,1,1,1,0,0,0.0,2.419047619047619,38.30945419103314,2
0,1,0,52,1,1.0,0.0,1.0,1.0,0.0,1.0,0.0,0,94.6,5025.8,1,0,1,0,1,0,0,1,0,0,0,4.0,18.919999999999998,1,0,1,1,0,1.0,1.7849056603773583,52.57112970711297,2
1,0,0,1,1,1.0,0.0,0.0,0.0,0.0,0.0,0.0,1,73.65,73.65,0,0,1,0,1,0,0,0,0,1,0,1.0,36.825,0,0,0,1,1,1.0,36.825,0.9866041527126591,0
1,1,0,66,1,1.0,0.0,0.0,1.0,1.0,1.0,1.0,1,105.95,6975.25,1,0,1,0,0,1,0,0,1,0,0,5.0,17.658333333333335,1,1,1,0,0,0.0,1.5813432835820895,65.21972884525479,3
0,0,0,2,1,0.0,1.0,1.0,0.0,0.0,1.0,1.0,0,100.2,198.5,0,0,1,0,1,0,0,0,0,1,0,4.0,20.04,1,0,0,1,1,0.0,33.4,1.9614624505928853,0
0,0,0,10,1,0.0,0.0,0.0,0.0,0.0,0.0,0.0,1,19.85,193.05,0,0,0,1,1,0,0,0,0,0,1,0.0,19.85,0,0,0,0,0,0.0,1.8045454545454547,9.258992805755396,0
0,1,1,12,1,0.0,0.0,0.0,0.0,0.0,0.0,0.0,1,21.15,306.05,0,0,0,1,1,0,0,0,0,1,0,0.0,21.15,0,0,0,0,1,0.0,1.626923076923077,13.817155756207676,0
0,0,0,1,1,0.0,0.0,0.0,0.0,0.0,0.0,0.0,1,20.2,20.2,1,0,0,1,1,0,0,0,0,0,1,0.0,20.2,0,0,0,0,0,0.0,10.1,0.9528301886792453,0
1,0,0,1,1,1.0,0.0,0.0,0.0,0.0,0.0,0.0,1,75.35,75.35,0,0,1,0,1,0,0,0,0,1,0,1.0,37.675,0,0,0,1,1,1.0,37.675,0.9869024230517355,0
0,1,0,49,1,1.0,1.0,0.0,0.0,0.0,0.0,0.0,1,55.35,2633.95,0,1,0,0,0,1,0,0,0,1,0,2.0,18.45,0,1,0,0,0,0.0,1.107,46.742679680567875,2
0,0,0,60,1,1.0,0.0,0.0,0.0,0.0,0.0,0.0,0,25.0,1505.05,1,0,0,1,0,0,1,0,0,0,1,1.0,12.5,0,1,0,0,0,0.0,0.4098360655737705,57.88653846153846,2
0,0,0,46,0,0.0,1.0,0.0,1.0,1.0,0.0,0.0,0,38.25,1755.35,0,1,0,0,0,0,1,0,0,0,1,3.0,9.5625,0,1,0,0,0,0.0,0.8138297872340425,44.72229299363057,2
0,0,0,3,1,0.0,0.0,0.0,0.0,0.0,0.0,0.0,0,19.75,58.85,1,0,0,1,1,0,0,0,0,1,0,0.0,19.75,0,0,0,0,1,0.0,4.9375,2.8361445783132533,0
0,0,0,5,1,0.0,0.0,0.0,0.0,0.0,0.0,0.0,0,19.95,107.05,0,0,0,1,1,0,0,0,0,0,1,0.0,19.95,0,0,0,0,0,0.0,3.3249999999999997,5.109785202863962,0
1,1,0,72,1,1.0,1.0,1.0,1.0,0.0,1.0,1.0,1,84.1,6129.65,1,1,0,0,0,0,1,0,1,0,0,6.0,12.014285714285714,1,1,1,0,0,0.0,1.152054794520548,72.02878965922444,3
0,1,0,51,1,1.0,0.0,0.0,0.0,1.0,1.0,1.0,1,75.2,3901.25,0,1,0,0,0,0,1,1,0,0,0,4.0,15.040000000000001,1,1,1,0,0,0.0,1.4461538461538461,51.19750656167979,2
0,0,0,18,1,0.0,0.0,0.0,0.0,0.0,0.0,0.0,0,19.25,331.35,0,0,0,1,1,0,0,0,0,0,1,0.0,19.25,0,0,0,0,0,0.0,1.013157894736842,16.362962962962964,1
0,0,0,1,1,0.0,0.0,0.0,0.0,0.0,1.0,1.0,1,89.9,89.9,0,0,1,0,1,0,0,0,0,1,0,2.0,29.96666666666667,1,0,0,1,1,1.0,44.95,0.988998899889989,0
1,1,0,6,1,1.0,0.0,0.0,1.0,0.0,0.0,0.0,1,80.8,457.1,0,0,1,0,1,0,0,0,0,1,0,2.0,26.933333333333334,0,0,0,1,1,1.0,11.542857142857143,5.588019559902201,0
0,1,0,57,1,1.0,0.0,0.0,1.0,1.0,1.0,1.0,0,107.95,5969.85,0,0,1,0,0,0,1,0,0,1,0,5.0,17.991666666666667,1,1,0,0,0,0.0,1.861206896551724,54.79440110142267,2
0,0,0,6,1,0.0,0.0,0.0,0.0,1.0,0.0,0.0,1,49.65,267.35,1,1,0,0,1,0,0,1,0,0,0,1.0,24.825,0,0,1,0,0,0.0,7.0928571428571425,5.2783810463968415,0
0,0,0,24,1,1.0,0.0,0.0,0.0,1.0,0.0,1.0,1,89.55,2259.35,1,0,1,0,1,0,0,0,0,1,0,3.0,22.3875,1,0,0,1,1,0.0,3.582,24.951408061844283,1
0,0,0,7,1,1.0,0.0,0.0,0.0,0.0,0.0,1.0,1,85.2,602.55,0,0,1,0,1,0,0,0,0,0,1,2.0,28.400000000000002,1,0,0,1,0,1.0,10.65,6.99013921113689,0
0,1,0,72,1,1.0,1.0,0.0,1.0,1.0,1.0,0.0,1,98.2,7015.9,1,0,1,0,0,0,1,1,0,0,0,5.0,16.366666666666667,1,1,1,0,0,0.0,1.345205479452055,70.72479838709677,3
0,0,0,7,1,0.0,0.0,0.0,0.0,0.0,0.0,0.0,0,20.05,164.85,1,0,0,1,1,0,0,0,0,0,1,0.0,20.05,0,0,0,0,0,0.0,2.50625,7.831353919239905,0
0,0,0,40,1,1.0,0.0,1.0,1.0,0.0,1.0,1.0,1,104.5,4036.85,0,0,1,0,1,0,0,0,1,0,0,5.0,17.416666666666668,1,0,1,1,0,1.0,2.548780487804878,38.26398104265403,2
0,1,1,71,1,0.0,0.0,0.0,0.0,0.0,0.0,0.0,0,19.45,1378.45,0,0,0,1,0,0,1,0,0,0,1,0.0,19.45,0,1,0,0,0,0.0,0.2701388888888889,67.40586797066015,3
0,1,1,47,1,0.0,0.0,0.0,0.0,0.0,0.0,0.0,0,20.05,1016.7,1,0,0,1,0,0,1,0,1,0,0,0.0,20.05,0,1,1,0,0,0.0,0.41770833333333335,48.29928741092637,2
0,1,1,65,1,1.0,1.0,1.0,0.0,1.0,1.0,0.0,1,99.05,6416.7,1,0,1,0,0,0,1,0,1,0,0,5.0,16.508333333333333,1,1,1,0,0,0.0,1.5007575757575757,64.13493253373314,3
1,0,0,8,1,1.0,0.0,0.0,1.0,0.0,1.0,1.0,1,100.6,819.4,0,0,1,0,1,0,0,0,0,1,0,4.0,20.119999999999997,1,0,0,1,1,1.0,11.177777777777777,8.06496062992126,0
0,0,0,1,1,0.0,0.0,0.0,0.0,0.0,0.0,0.0,1,70.1,70.1,1,0,1,0,1,0,0,0,0,1,0,0.0,70.1,0,0,0,1,1,1.0,35.05,0.9859353023909986,0
0,0,1,15,1,0.0,0.0,0.0,1.0,1.0,0.0,0.0,0,55.2,864.55,0,1,0,0,0,1,0,0,1,0,0,2.0,18.400000000000002,0,1,1,0,0,0.0,3.45,15.383451957295373,1
0,1,1,26,1,0.0,0.0,0.0,0.0,0.0,0.0,0.0,1,20.05,505.9,0,0,0,1,0,1,0,1,0,0,0,0.0,20.05,0,1,1,0,0,0.0,0.7425925925925926,24.033254156769594,1
0,0,0,48,1,1.0,0.0,0.0,0.0,0.0,0.0,0.0,0,24.35,1133.7,1,0,0,1,0,1,0,1,0,0,0,1.0,12.175,0,1,1,0,0,0.0,0.4969387755102041,44.72189349112426,2
0,0,0,60,1,0.0,0.0,0.0,0.0,0.0,0.0,0.0,0,19.85,1128.1,1,0,0,1,0,0,1,1,0,0,0,0.0,19.85,0,1,1,0,0,0.0,0.3254098360655738,54.105515587529965,2
0,0,0,11,1,0.0,0.0,1.0,1.0,1.0,0.0,0.0,1,60.9,688.5,0,1,0,0,1,0,0,0,0,1,0,3.0,15.225,0,0,0,0,1,0.0,5.075,11.122778675282714,0
0,0,0,50,0,0.0,1.0,1.0,0.0,0.0,0.0,0.0,1,35.0,1782.4,0,1,0,0,1,0,0,0,0,0,1,2.0,11.666666666666666,0,0,0,0,0,0.0,0.6862745098039216,49.51111111111111,2
0,0,0,31,1,0.0,0.0,1.0,1.0,0.0,1.0,1.0,1,101.4,3143.65,0,0,1,0,1,0,0,0,0,1,0,4.0,20.28,1,0,0,1,1,1.0,3.16875,30.69970703125,1
0,0,0,3,1,0.0,0.0,0.0,0.0,0.0,0.0,0.0,1,69.6,207.4,0,0,1,0,1,0,0,0,0,0,1,0.0,69.6,0,0,0,1,0,1.0,17.4,2.937677053824363,0
0,1,0,2,1,0.0,0.0,0.0,1.0,0.0,1.0,1.0,0,69.0,147.8,1,1,0,0,1,0,0,0,1,0,0,3.0,17.25,1,0,1,0,0,0.0,23.0,2.1114285714285717,0
0,1,0,30,1,0.0,0.0,0.0,0.0,0.0,0.0,0.0,0,20.7,587.1,0,0,0,1,0,1,0,0,1,0,0,0.0,20.7,0,1,1,0,0,0.0,0.667741935483871,27.05529953917051,1
0,0,0,1,1,0.0,0.0,0.0,0.0,0.0,0.0,0.0,0,45.05,45.05,0,1,0,0,1,0,0,0,0,0,1,0.0,45.05,0,0,0,0,0,0.0,22.525,0.9782844733984799,0
1,1,0,72,1,1.0,1.0,1.0,1.0,0.0,1.0,1.0,1,109.55,7920.7,0,0,1,0,0,0,1,1,0,0,0,6.0,15.65,1,1,1,0,0,0.0,1.5006849315068493,71.64812302125735,3
1,1,1,50,1,1.0,1.0,1.0,1.0,0.0,0.0,1.0,1,75.15,3822.45,0,1,0,0,0,0,1,1,0,0,0,5.0,12.525,1,1,1,0,0,0.0,1.473529411764706,50.19632304661851,2
0,0,0,52,1,1.0,0.0,1.0,1.0,0.0,1.0,1.0,1,103.05,5364.8,0,0,1,0,1,0,0,0,0,1,0,5.0,17.175,1,0,0,1,1,1.0,1.9443396226415093,51.559827006247,2
0,0,0,66,1,1.0,1.0,1.0,1.0,1.0,1.0,1.0,1,90.05,5965.95,1,1,0,0,0,0,1,0,1,0,0,7.0,11.25625,1,1,1,0,0,0.0,1.3440298507462687,65.52388797364085,3
0,0,0,1,1,0.0,0.0,0.0,0.0,0.0,0.0,1.0,1,54.75,54.75,1,1,0,0,1,0,0,0,0,0,1,1.0,27.375,1,0,0,0,0,0.0,27.375,0.9820627802690582,0
0,0,0,4,0,0.0,1.0,1.0,0.0,1.0,0.0,0.0,0,42.4,146.4,0,1,0,0,1,0,0,0,0,0,1,3.0,10.6,0,0,0,0,0,0.0,8.48,3.3732718894009217,0
0,1,0,55,1,0.0,1.0,1.0,0.0,1.0,0.0,0.0,0,56.8,3112.05,1,1,0,0,0,0,1,0,0,0,1,3.0,14.2,0,1,0,0,0,0.0,1.0142857142857142,53.84169550173011,2
0,0,0,35,1,0.0,1.0,1.0,1.0,0.0,0.0,0.0,0,60.55,1982.6,1,1,0,0,1,0,0,0,0,1,0,3.0,15.1375,0,0,0,0,1,0.0,1.6819444444444445,32.21121039805037,1
0,1,1,60,1,1.0,1.0,1.0,1.0,1.0,1.0,1.0,0,115.25,6758.45,1,0,1,0,0,0,1,0,1,0,0,7.0,14.40625,1,1,1,0,0,0.0,1.889344262295082,58.137204301075265,2
0,1,1,41,1,1.0,0.0,0.0,1.0,1.0,1.0,1.0,1,102.6,4213.35,0,0,1,0,0,1,0,0,0,1,0,5.0,17.099999999999998,1,1,0,0,0,0.0,2.4428571428571426,40.66940154440155,2
1,0,0,33,1,1.0,0.0,0.0,0.0,0.0,0.0,0.0,1,24.9,847.8,0,0,0,1,0,1,0,1,0,0,0,1.0,12.45,0,1,1,0,0,0.0,0.7323529411764705,32.73359073359073,1
0,1,1,35,1,1.0,0.0,0.0,0.0,0.0,0.0,0.0,0,24.3,821.6,1,0,0,1,0,0,1,1,0,0,0,1.0,12.15,0,1,1,0,0,0.0,0.675,32.47430830039526,1
0,1,0,71,0,0.0,0.0,0.0,1.0,1.0,0.0,1.0,1,47.05,3263.6,1,1,0,0,0,0,1,0,0,1,0,3.0,11.7625,1,1,0,0,0,0.0,0.6534722222222222,67.92091571279917,3
0,1,1,13,1,0.0,0.0,0.0,0.0,0.0,1.0,1.0,1,64.75,877.35,0,1,0,0,0,1,0,0,0,1,0,2.0,21.583333333333332,1,1,0,0,0,0.0,4.625,13.343726235741444,1
0,0,0,24,1,0.0,0.0,0.0,1.0,0.0,0.0,0.0,1,49.7,1167.8,0,1,0,0,1,0,0,0,0,0,1,1.0,24.85,0,0,0,0,0,0.0,1.9880000000000002,23.03353057199211,1
1,1,0,23,1,0.0,0.0,0.0,0.0,0.0,0.0,0.0,1,20.75,485.2,0,0,0,1,0,1,0,0,0,1,0,0.0,20.75,0,1,0,0,0,0.0,0.8645833333333334,22.308045977011492,1
0,1,1,45,1,1.0,0.0,0.0,0.0,0.0,0.0,0.0,0,24.45,1088.25,0,0,0,1,0,0,1,0,0,0,1,1.0,12.225,0,1,0,0,0,0.0,0.5315217391304348,42.76031434184676,2
0,1,1,70,1,1.0,1.0,1.0,1.0,1.0,1.0,1.0,1,116.55,8152.3,0,0,1,0,0,0,1,0,1,0,0,7.0,14.56875,1,1,1,0,0,0.0,1.6415492957746478,69.3517652062952,3
1,0,0,18,1,1.0,0.0,0.0,1.0,1.0,1.0,0.0,0,93.9,1743.9,0,0,1,0,1,0,0,1,0,0,0,4.0,18.78,1,0,1,1,0,0.0,4.942105263157895,18.37618545837724,1
0,1,1,50,1,1.0,1.0,0.0,1.0,0.0,1.0,1.0,0,105.95,5341.8,0,0,1,0,1,0,0,0,1,0,0,5.0,17.658333333333335,1,0,1,1,0,0.0,2.077450980392157,49.94670406732118,2
1,0,0,4,1,0.0,1.0,0.0,0.0,0.0,0.0,0.0,0,75.35,273.4,0,0,1,0,1,0,0,0,0,1,0,1.0,37.675,0,0,0,1,1,0.0,15.069999999999999,3.5808775376555335,0
0,0,0,1,0,0.0,0.0,0.0,0.0,0.0,0.0,0.0,1,24.4,24.4,0,1,0,0,1,0,0,0,0,1,0,0.0,24.4,0,0,0,0,1,0.0,12.2,0.9606299212598425,0
0,1,1,16,1,1.0,0.0,0.0,1.0,0.0,1.0,0.0,1,90.8,1442.2,0,0,1,0,1,0,0,1,0,0,0,3.0,22.7,1,0,1,1,0,1.0,5.341176470588235,15.710239651416122,1
0,1,0,63,1,1.0,0.0,0.0,1.0,0.0,1.0,1.0,0,102.6,6296.75,0,0,1,0,0,0,1,0,0,1,0,4.0,20.52,1,1,0,0,0,1.0,1.603125,60.77944015444016,3
0,1,1,65,1,1.0,1.0,0.0,1.0,1.0,1.0,1.0,0,108.65,6937.95,0,0,1,0,0,0,1,1,0,0,0,6.0,15.521428571428572,1,1,1,0,0,0.0,1.6462121212121212,63.273597811217506,3
1,0,0,71,1,1.0,0.0,0.0,1.0,0.0,1.0,1.0,0,104.05,7413.55,1,0,1,0,0,0,1,1,0,0,0,4.0,20.81,1,1,1,0,0,1.0,1.4451388888888888,70.57163255592576,3
0,1,1,67,1,1.0,1.0,0.0,0.0,1.0,1.0,1.0,0,104.6,6885.75,0,0,1,0,0,0,1,1,0,0,0,5.0,17.433333333333334,1,1,1,0,0,0.0,1.538235294117647,65.2059659090909,3
0,1,0,38,1,1.0,1.0,0.0,0.0,0.0,1.0,0.0,0,91.7,3479.05,0,0,1,0,1,0,0,1,0,0,0,3.0,22.925,1,0,1,1,0,0.0,2.3512820512820514,37.5302049622438,2
0,0,0,2,1,0.0,0.0,0.0,0.0,0.0,0.0,0.0,0,19.95,38.15,1,0,0,1,1,0,0,0,0,0,1,0.0,19.95,0,0,0,0,0,0.0,6.6499999999999995,1.8210023866348448,0
0,0,0,52,1,0.0,0.0,1.0,1.0,1.0,1.0,1.0,1,105.0,5426.85,0,0,1,0,0,1,0,1,0,0,0,5.0,17.5,1,1,1,0,0,0.0,1.9811320754716981,51.19669811320755,2
0,0,1,4,1,1.0,0.0,0.0,0.0,0.0,0.0,0.0,1,25.45,84.2,1,0,0,1,1,0,0,0,0,0,1,1.0,12.725,0,0,0,0,0,0.0,5.09,3.183364839319471,0
0,0,0,40,1,1.0,0.0,0.0,1.0,1.0,1.0,1.0,1,80.75,3208.65,1,1,0,0,0,1,0,0,0,0,1,5.0,13.458333333333334,1,1,0,0,0,0.0,1.9695121951219512,39.24954128440367,2
0,0,0,1,1,0.0,0.0,0.0,0.0,0.0,0.0,0.0,0,19.5,19.5,1,0,0,1,1,0,0,0,0,0,1,0.0,19.5,0,0,0,0,0,0.0,9.75,0.9512195121951219,0
0,1,1,54,1,1.0,0.0,0.0,0.0,0.0,0.0,0.0,1,24.05,1230.9,0,0,0,1,0,0,1,1,0,0,0,1.0,12.025,0,1,1,0,0,0.0,0.4372727272727273,49.137724550898206,2
0,1,1,31,0,0.0,1.0,0.0,0.0,1.0,0.0,0.0,0,35.4,1077.5,0,1,0,0,1,0,0,1,0,0,0,2.0,11.799999999999999,0,0,1,0,0,0.0,1.10625,29.601648351648354,1
1,1,0,27,1,0.0,0.0,0.0,0.0,0.0,0.0,0.0,1,70.55,1943.9,0,0,1,0,1,0,0,0,0,1,0,0.0,70.55,0,0,0,1,1,1.0,2.519642857142857,27.168413696715586,1
0,0,0,2,1,0.0,0.0,0.0,0.0,0.0,0.0,0.0,1,71.3,157.75,0,0,1,0,1,0,0,0,1,0,0,0.0,71.3,0,0,1,1,0,1.0,23.766666666666666,2.1818810511756572,0
1,1,0,27,1,1.0,0.0,1.0,1.0,1.0,1.0,1.0,1,84.8,2309.55,0,1,0,0,1,0,0,1,0,0,0,6.0,12.114285714285714,1,0,1,0,0,0.0,3.0285714285714285,26.91783216783217,1
0,0,0,1,1,0.0,0.0,0.0,0.0,0.0,0.0,0.0,1,45.7,45.7,0,1,0,0,1,0,0,0,0,0,1,0.0,45.7,0,0,0,0,0,0.0,22.85,0.9785867237687366,0
0,1,1,72,1,1.0,0.0,0.0,0.0,0.0,0.0,0.0,1,23.3,1623.15,1,0,0,1,0,1,0,1,0,0,0,1.0,11.65,0,1,1,0,0,0.0,0.31917808219178084,66.7962962962963,3
0,1,0,49,1,0.0,0.0,1.0,1.0,0.0,1.0,1.0,0,99.4,5025.0,1,0,1,0,1,0,0,0,0,1,0,4.0,19.880000000000003,1,0,0,1,1,1.0,1.9880000000000002,50.04980079681275,2
0,1,0,66,1,1.0,0.0,1.0,0.0,1.0,1.0,1.0,1,104.05,6890.0,0,0,1,0,0,1,0,0,0,1,0,5.0,17.341666666666665,1,1,0,0,0,0.0,1.5529850746268656,65.58781532603523,3
0,1,0,63,1,0.0,0.0,1.0,0.0,0.0,1.0,1.0,1,96.0,6109.75,1,0,1,0,0,1,0,0,0,1,0,3.0,24.0,1,1,0,0,0,1.0,1.5,62.98711340206186,3
0,1,1,55,1,1.0,1.0,0.0,0.0,0.0,1.0,1.0,0,100.9,5448.6,1,0,1,0,0,1,0,0,0,0,1,4.0,20.18,1,1,0,0,0,0.0,1.8017857142857143,53.470068694798826,2
1,1,0,12,1,1.0,0.0,1.0,1.0,0.0,1.0,0.0,1,98.1,1060.2,1,0,1,0,1,0,0,0,0,1,0,4.0,19.619999999999997,1,0,0,1,1,1.0,7.546153846153846,10.698284561049446,0
0,1,0,72,1,1.0,1.0,1.0,0.0,1.0,1.0,1.0,1,109.95,7852.4,0,0,1,0,0,0,1,0,1,0,0,6.0,15.707142857142857,1,1,1,0,0,0.0,1.5061643835616438,70.77422262280307,3
0,1,0,5,1,1.0,1.0,0.0,0.0,0.0,0.0,1.0,1,89.15,413.25,0,0,1,0,1,0,0,0,0,1,0,3.0,22.2875,1,0,0,1,1,0.0,14.858333333333334,4.5840266222961725,0
0,0,1,57,1,0.0,0.0,0.0,0.0,0.0,0.0,0.0,1,19.6,1170.55,0,0,0,1,0,0,1,0,0,0,1,0.0,19.6,0,1,0,0,0,0.0,0.33793103448275863,56.822815533980574,2
0,0,0,34,1,1.0,0.0,0.0,0.0,1.0,1.0,0.0,0,65.0,2157.5,1,1,0,0,1,0,0,0,0,0,1,3.0,16.25,1,0,0,0,0,0.0,1.8571428571428572,32.68939393939394,1
0,1,1,31,1,1.0,1.0,0.0,1.0,1.0,0.0,0.0,0,89.3,2823.0,0,0,1,0,1,0,0,0,0,1,0,4.0,17.86,0,0,0,1,1,0.0,2.790625,31.262458471760798,1
0,0,0,1,1,0.0,0.0,0.0,0.0,0.0,0.0,0.0,1,71.35,71.35,0,0,1,0,1,0,0,0,0,0,1,0.0,71.35,0,0,0,1,0,1.0,35.675,0.9861782999308915,0
0,0,0,67,1,0.0,1.0,0.0,1.0,1.0,0.0,1.0,1,72.35,4991.5,1,1,0,0,0,1,0,1,0,0,0,4.0,14.469999999999999,1,1,1,0,0,0.0,1.0639705882352941,68.05044308111793,3
1,0,0,1,0,0.0,0.0,1.0,1.0,0.0,0.0,1.0,1,43.3,43.3,0,1,0,0,1,0,0,0,0,1,0,3.0,10.825,1,0,0,0,1,0.0,21.65,0.9774266365688488,0
0,0,0,2,1,0.0,0.0,0.0,0.0,0.0,0.0,0.0,0,44.65,74.9,0,1,0,0,1,0,0,0,0,0,1,0.0,44.65,0,0,0,0,0,0.0,14.883333333333333,1.6407447973713036,0
0,0,0,4,1,0.0,0.0,0.0,0.0,1.0,0.0,0.0,1,50.8,202.3,0,1,0,0,1,0,0,0,0,0,1,1.0,25.4,0,0,0,0,0,0.0,10.16,3.9054054054054057,0
1,0,0,30,1,1.0,1.0,1.0,1.0,0.0,0.0,0.0,0,91.7,2758.15,1,0,1,0,1,0,0,0,1,0,0,4.0,18.34,0,0,1,1,0,0.0,2.958064516129032,29.753505933117584,1
0,0,0,1,1,0.0,0.0,0.0,1.0,0.0,1.0,0.0,1,84.85,84.85,0,0,1,0,1,0,0,0,0,1,0,2.0,28.28333333333333,1,0,0,1,1,1.0,42.425,0.988351776354106,0
0,1,1,71,1,0.0,1.0,1.0,1.0,0.0,1.0,1.0,1,104.65,7288.4,0,0,1,0,0,1,0,1,0,0,0,5.0,17.441666666666666,1,1,1,0,0,0.0,1.4534722222222223,68.9862754377662,3
0,0,0,58,1,0.0,1.0,1.0,1.0,0.0,1.0,1.0,1,106.45,6145.85,1,0,1,0,0,1,0,0,0,1,0,5.0,17.741666666666667,1,1,0,0,0,0.0,1.8042372881355933,57.19730107026524,2
0,0,0,27,1,1.0,0.0,0.0,0.0,0.0,1.0,1.0,1,94.55,2724.6,1,0,1,0,1,0,0,0,0,0,1,3.0,23.6375,1,0,0,1,0,1.0,3.376785714285714,28.5149136577708,1
0,0,0,49,1,0.0,0.0,0.0,0.0,0.0,0.0,0.0,1,19.9,1022.6,0,0,0,1,0,0,1,0,1,0,0,0.0,19.9,0,1,1,0,0,0.0,0.39799999999999996,48.928229665071775,2
0,1,1,64,1,1.0,1.0,0.0,1.0,0.0,0.0,1.0,0,93.4,5822.3,0,0,1,0,0,0,1,1,0,0,0,4.0,18.68,1,1,1,0,0,0.0,1.436923076923077,61.67690677966102,3
0,0,0,42,1,1.0,0.0,1.0,0.0,0.0,1.0,1.0,1,101.75,4273.45,0,0,1,0,1,0,0,0,0,1,0,4.0,20.35,1,0,0,1,1,1.0,2.366279069767442,41.59075425790754,2
1,1,0,67,1,1.0,1.0,1.0,1.0,1.0,0.0,1.0,1,105.4,7035.6,1,0,1,0,0,1,0,0,1,0,0,6.0,15.057142857142859,1,1,1,0,0,0.0,1.55,66.12406015037594,3
0,0,0,69,1,1.0,0.0,1.0,0.0,1.0,1.0,1.0,1,104.7,7220.35,0,0,1,0,0,1,0,1,0,0,0,5.0,17.45,1,1,1,0,0,0.0,1.4957142857142858,68.30983916745507,3
0,0,0,66,1,1.0,0.0,1.0,0.0,0.0,0.0,1.0,0,89.4,5976.9,0,0,1,0,1,0,0,0,1,0,0,3.0,22.35,1,0,1,1,0,1.0,1.3343283582089553,66.11615044247787,3
1,1,0,39,1,1.0,0.0,0.0,0.0,1.0,1.0,1.0,1,101.25,3949.15,1,0,1,0,1,0,0,0,0,1,0,4.0,20.25,1,0,0,1,1,0.0,2.53125,38.62249388753057,2
0,0,0,2,1,0.0,0.0,0.0,0.0,0.0,0.0,0.0,0,20.35,45.3,1,0,0,1,1,0,0,0,0,0,1,0.0,20.35,0,0,0,0,0,0.0,6.783333333333334,2.121779859484777,0
0,1,0,59,0,0.0,0.0,0.0,0.0,0.0,1.0,1.0,1,44.3,2666.75,0,1,0,0,1,0,0,0,0,1,0,2.0,14.766666666666666,1,0,0,0,1,0.0,0.7383333333333333,58.86865342163356,2
0,1,0,24,1,0.0,0.0,1.0,0.0,0.0,1.0,1.0,1,69.45,1614.05,1,1,0,0,1,0,0,1,0,0,0,3.0,17.3625,1,0,1,0,0,0.0,2.778,22.91057487579844,1
0,1,1,69,1,1.0,0.0,1.0,1.0,1.0,1.0,1.0,1,81.95,5601.4,0,1,0,0,0,0,1,1,0,0,0,6.0,11.707142857142857,1,1,1,0,0,0.0,1.1707142857142858,67.52742616033754,3
0,0,0,38,1,1.0,0.0,0.0,1.0,1.0,1.0,1.0,1,103.65,3988.5,1,0,1,0,1,0,0,0,0,1,0,5.0,17.275000000000002,1,0,0,1,1,0.0,2.657692307692308,38.11275680840898,2
0,0,0,1,1,0.0,0.0,0.0,0.0,0.0,0.0,0.0,0,19.75,19.75,0,0,0,1,1,0,0,1,0,0,0,0.0,19.75,0,0,1,0,0,0.0,9.875,0.9518072289156626,0
0,1,1,68,1,1.0,1.0,1.0,1.0,1.0,1.0,1.0,0,88.0,6161.9,1,1,0,0,0,0,1,0,1,0,0,7.0,11.0,1,1,1,0,0,0.0,1.2753623188405796,69.23483146067416,3
0,1,1,30,1,1.0,0.0,1.0,0.0,1.0,0.0,0.0,1,83.55,2570.2,0,0,1,0,1,0,0,1,0,0,0,3.0,20.8875,0,0,1,1,0,0.0,2.6951612903225803,30.398580721466587,1
0,1,0,37,1,0.0,0.0,0.0,1.0,1.0,0.0,1.0,1,90.35,3419.3,0,0,1,0,1,0,0,0,0,1,0,3.0,22.5875,1,0,0,1,1,0.0,2.3776315789473683,37.430760810071156,2
0,1,1,40,1,0.0,0.0,0.0,0.0,0.0,0.0,0.0,0,19.6,808.95,0,0,0,1,0,0,1,0,0,0,1,0.0,19.6,0,1,0,0,0,0.0,0.4780487804878049,39.269417475728154,2
0,1,0,72,1,1.0,1.0,1.0,1.0,1.0,0.0,0.0,1,94.25,6849.75,1,0,1,0,0,0,1,1,0,0,0,5.0,15.708333333333334,0,1,1,0,0,0.0,1.2910958904109588,71.91338582677166,3
0,0,1,1,1,0.0,0.0,0.0,0.0,0.0,0.0,0.0,1,19.3,19.3,0,0,0,1,1,0,0,0,0,0,1,0.0,19.3,0,0,0,0,0,0.0,9.65,0.9507389162561576,0
0,0,0,37,1,0.0,0.0,0.0,0.0,0.0,0.0,0.0,0,19.85,784.25,1,0,0,1,0,0,1,0,0,0,1,0.0,19.85,0,1,0,0,0,0.0,0.5223684210526316,37.613908872901675,2
0,1,1,72,0,0.0,1.0,1.0,1.0,1.0,0.0,1.0,0,55.65,3880.05,1,1,0,0,0,0,1,0,1,0,0,5.0,9.275,1,1,1,0,0,0.0,0.7623287671232877,68.49161518093557,3
0,0,0,18,1,1.0,0.0,0.0,0.0,0.0,0.0,0.0,1,50.3,913.3,1,1,0,0,1,0,0,0,0,1,0,1.0,25.15,0,0,0,0,1,0.0,2.6473684210526316,17.803118908382068,1
0,0,0,1,0,0.0,0.0,0.0,0.0,0.0,1.0,0.0,1,35.75,35.75,1,1,0,0,1,0,0,0,0,1,0,1.0,17.875,1,0,0,0,1,0.0,17.875,0.9727891156462585,0
0,1,0,27,1,0.0,0.0,0.0,0.0,0.0,0.0,0.0,0,19.55,520.55,0,0,0,1,0,0,1,1,0,0,0,0.0,19.55,0,1,1,0,0,0.0,0.6982142857142858,25.330900243309,1
0,1,1,35,1,0.0,0.0,0.0,0.0,0.0,0.0,0.0,0,20.1,655.3,0,0,0,1,0,0,1,0,0,0,1,0.0,20.1,0,1,0,0,0,0.0,0.5583333333333333,31.056872037914687,1
0,0,0,48,1,0.0,0.0,1.0,0.0,0.0,0.0,0.0,0,75.15,3772.65,1,0,1,0,0,1,0,0,0,1,0,1.0,37.575,0,1,0,0,0,1.0,1.5336734693877552,49.542350623768876,2
0,1,1,61,1,0.0,1.0,1.0,1.0,1.0,1.0,1.0,0,84.9,5264.5,0,1,0,0,0,1,0,1,0,0,0,6.0,12.12857142857143,1,1,1,0,0,0.0,1.3693548387096774,61.286379511059366,3
0,0,0,1,1,0.0,0.0,0.0,0.0,0.0,0.0,0.0,0,19.55,19.55,1,0,0,1,1,0,0,0,1,0,0,0.0,19.55,0,0,1,0,0,0.0,9.775,0.9513381995133819,0
1,1,0,67,1,1.0,0.0,0.0,0.0,0.0,1.0,1.0,1,94.65,6079.0,0,0,1,0,1,0,0,0,1,0,0,3.0,23.6625,1,0,1,1,0,1.0,1.3919117647058825,63.55462624150549,3
0,0,0,36,1,1.0,1.0,0.0,0.0,0.0,0.0,0.0,0,54.45,1893.5,1,1,0,0,0,1,0,0,0,0,1,2.0,18.150000000000002,0,1,0,0,0,0.0,1.4716216216216218,34.14788097385031,1
0,1,1,8,1,0.0,0.0,0.0,0.0,0.0,0.0,0.0,0,19.05,201.7,1,0,0,1,0,0,1,0,0,0,1,0.0,19.05,0,1,0,0,0,0.0,2.1166666666666667,10.059850374064837,0
1,1,0,71,1,1.0,1.0,1.0,1.0,1.0,0.0,1.0,1,82.7,5831.2,1,1,0,0,0,0,1,1,0,0,0,6.0,11.814285714285715,1,1,1,0,0,0.0,1.1486111111111112,69.66786140979688,3
0,1,0,21,1,1.0,0.0,0.0,1.0,1.0,1.0,1.0,1,106.1,2249.95,0,0,1,0,1,0,0,0,0,1,0,5.0,17.683333333333334,1,0,0,1,1,0.0,4.822727272727272,21.007936507936506,1
0,0,0,19,1,1.0,0.0,1.0,0.0,0.0,1.0,1.0,1,99.95,1931.75,0,0,1,0,1,0,0,0,0,1,0,4.0,19.990000000000002,1,0,0,1,1,1.0,4.9975000000000005,19.135710747894997,1
0,0,0,54,1,1.0,1.0,1.0,0.0,1.0,1.0,1.0,1,108.0,5760.65,0,0,1,0,0,0,1,0,1,0,0,6.0,15.428571428571429,1,1,1,0,0,0.0,1.9636363636363636,52.849999999999994,2
0,0,0,11,1,0.0,0.0,1.0,0.0,0.0,0.0,0.0,0,51.1,531.15,1,1,0,0,1,0,0,0,0,1,0,1.0,25.55,0,0,0,0,1,0.0,4.258333333333334,10.194817658349328,0
0,0,1,18,1,0.0,0.0,0.0,0.0,0.0,0.0,0.0,0,20.15,390.85,1,0,0,1,0,1,0,1,0,0,0,0.0,20.15,0,1,1,0,0,0.0,1.0605263157894735,18.479905437352247,1
1,1,0,52,1,1.0,1.0,0.0,1.0,0.0,1.0,1.0,1,104.2,5568.35,0,0,1,0,1,0,0,0,0,1,0,5.0,17.366666666666667,1,0,0,1,1,0.0,1.9660377358490566,52.93108365019012,2
1,1,0,1,1,1.0,1.0,0.0,0.0,0.0,0.0,0.0,1,80.3,80.3,0,0,1,0,1,0,0,0,0,1,0,2.0,26.766666666666666,0,0,0,1,1,0.0,40.15,0.9876998769987699,0
0,1,1,53,1,0.0,0.0,0.0,0.0,0.0,0.0,0.0,0,20.9,1146.05,1,0,0,1,0,0,1,0,0,0,1,0.0,20.9,0,1,0,0,0,0.0,0.387037037037037,52.3310502283105,2
1,1,0,72,1,1.0,0.0,0.0,0.0,0.0,0.0,0.0,1,25.7,1937.4,1,0,0,1,0,0,1,0,1,0,0,1.0,12.85,0,1,1,0,0,0.0,0.35205479452054794,72.561797752809,3
1,0,0,2,1,1.0,0.0,0.0,0.0,0.0,1.0,1.0,1,93.85,170.85,1,0,1,0,1,0,0,0,0,1,0,3.0,23.4625,1,0,0,1,1,1.0,31.28333333333333,1.801265155508698,0
0,1,0,59,1,1.0,0.0,1.0,0.0,0.0,1.0,1.0,0,101.1,6039.9,1,0,1,0,1,0,0,0,0,1,0,4.0,20.22,1,0,0,1,1,1.0,1.6849999999999998,59.156709108716946,2
0,0,0,1,1,0.0,0.0,0.0,0.0,1.0,0.0,0.0,1,75.9,75.9,0,0,1,0,1,0,0,0,0,1,0,1.0,37.95,0,0,0,1,1,0.0,37.95,0.9869960988296489,0
0,0,0,58,1,0.0,1.0,1.0,0.0,0.0,1.0,1.0,0,99.15,5720.95,0,0,1,0,0,1,0,1,0,0,0,4.0,19.830000000000002,1,1,1,0,0,0.0,1.6805084745762713,57.123814278582124,2
0,1,0,7,1,1.0,0.0,0.0,0.0,0.0,1.0,0.0,1,86.5,582.5,1,0,1,0,1,0,0,0,0,1,0,2.0,28.833333333333332,1,0,0,1,1,1.0,10.8125,6.6571428571428575,0
0,0,0,24,1,1.0,0.0,0.0,1.0,0.0,1.0,0.0,1,89.85,2165.05,0,0,1,0,1,0,0,0,0,0,1,3.0,22.4625,1,0,0,1,0,1.0,3.594,23.831040176114477,1
0,1,0,18,1,0.0,0.0,0.0,1.0,0.0,1.0,1.0,1,95.95,1745.5,1,0,1,0,1,0,0,0,1,0,0,3.0,23.9875,1,0,1,1,0,1.0,5.05,18.004125838060855,1
0,1,1,31,1,1.0,1.0,0.0,1.0,0.0,1.0,0.0,0,98.05,3082.1,0,0,1,0,0,1,0,1,0,0,0,4.0,19.61,1,1,1,0,0,0.0,3.0640625,31.11660777385159,1
0,0,0,28,1,0.0,0.0,0.0,1.0,0.0,1.0,0.0,1,59.55,1646.45,1,1,0,0,1,0,0,1,0,0,0,2.0,19.849999999999998,1,0,1,0,0,0.0,2.0534482758620687,27.19157720891825,1
0,0,0,1,1,0.0,0.0,0.0,0.0,0.0,0.0,0.0,1,45.8,45.8,0,1,0,0,1,0,0,0,0,0,1,0.0,45.8,0,0,0,0,0,0.0,22.9,0.9786324786324786,0
1,0,0,18,1,0.0,0.0,1.0,0.0,0.0,0.0,0.0,1,73.55,1359.45,1,0,1,0,1,0,0,0,0,1,0,1.0,36.775,0,0,0,1,1,1.0,3.871052631578947,18.235412474849095,1
0,0,0,4,1,0.0,0.0,0.0,0.0,0.0,0.0,0.0,1,70.05,266.9,1,0,1,0,1,0,0,0,1,0,0,0.0,70.05,0,0,1,1,0,1.0,14.01,3.7565095003518647,0
1,1,0,54,1,0.0,0.0,0.0,0.0,0.0,0.0,0.0,1,18.95,1031.1,1,0,0,1,0,0,1,0,0,0,1,0.0,18.95,0,1,0,0,0,0.0,0.34454545454545454,51.68421052631579,2
0,1,1,72,1,1.0,1.0,1.0,1.0,1.0,1.0,1.0,1,117.6,8308.9,1,0,1,0,0,0,1,1,0,0,0,7.0,14.7,1,1,1,0,0,0.0,1.6109589041095889,70.05817875210792,3
0,0,0,1,1,0.0,0.0,1.0,1.0,0.0,0.0,0.0,1,82.3,82.3,1,0,1,0,1,0,0,0,0,1,0,2.0,27.433333333333334,0,0,0,1,1,1.0,41.15,0.9879951980792316,0
0,1,1,69,1,1.0,1.0,1.0,1.0,1.0,1.0,1.0,1,114.35,7665.8,0,0,1,0,0,0,1,1,0,0,0,7.0,14.29375,1,1,1,0,0,0.0,1.6335714285714285,66.45687039445167,3
1,1,0,49,1,1.0,0.0,1.0,0.0,0.0,0.0,1.0,0,90.05,4547.25,0,0,1,0,1,0,0,0,1,0,0,3.0,22.5125,1,0,1,1,0,1.0,1.801,49.94233937397035,2
1,0,0,53,0,0.0,0.0,1.0,1.0,0.0,1.0,1.0,1,54.45,2854.55,0,1,0,0,1,0,0,0,0,1,0,4.0,10.89,1,0,0,0,1,0.0,1.0083333333333333,51.47971145175834,2
0,1,1,50,1,1.0,0.0,0.0,0.0,0.0,0.0,0.0,0,24.95,1261.45,0,0,0,1,0,0,1,0,0,0,1,1.0,12.475,0,1,0,0,0,0.0,0.4892156862745098,48.61078998073218,2
1,0,0,1,1,0.0,0.0,0.0,0.0,0.0,0.0,0.0,1,71.15,71.15,1,0,1,0,1,0,0,0,0,1,0,0.0,71.15,0,0,0,1,1,1.0,35.575,0.9861399861399861,0
0,0,0,56,1,0.0,0.0,1.0,0.0,0.0,0.0,0.0,1,73.85,4092.85,1,0,1,0,1,0,0,0,0,1,0,1.0,36.925,0,0,0,1,1,1.0,1.2956140350877192,54.680694722778895,2
0,1,0,71,1,0.0,0.0,0.0,0.0,0.0,0.0,0.0,0,20.85,1539.75,0,0,0,1,0,1,0,0,0,1,0,0.0,20.85,0,1,0,0,0,0.0,0.28958333333333336,70.46910755148741,3
0,1,1,60,1,0.0,0.0,0.0,0.0,0.0,0.0,0.0,0,20.55,1205.05,0,0,0,1,0,0,1,0,0,0,1,0.0,20.55,0,1,0,0,0,0.0,0.3368852459016394,55.91879350348027,2
0,0,0,7,1,0.0,0.0,0.0,0.0,0.0,0.0,0.0,1,44.65,322.5,0,1,0,0,1,0,0,1,0,0,0,0.0,44.65,0,0,1,0,0,0.0,5.58125,7.064622124863089,0
1,0,0,5,1,0.0,0.0,1.0,0.0,0.0,1.0,0.0,1,84.7,392.5,1,0,1,0,1,0,0,0,0,1,0,2.0,28.233333333333334,1,0,0,1,1,1.0,14.116666666666667,4.579929988331388,0
0,1,1,29,1,0.0,1.0,0.0,0.0,0.0,1.0,1.0,0,94.65,2649.15,0,0,1,0,1,0,0,0,1,0,0,3.0,23.6625,1,0,1,1,0,0.0,3.1550000000000002,27.696288552012547,1
0,1,1,68,1,1.0,0.0,1.0,0.0,1.0,1.0,1.0,1,103.75,7039.45,1,0,1,0,0,0,1,0,1,0,0,5.0,17.291666666666668,1,1,1,0,0,0.0,1.5036231884057971,67.20238663484487,3
0,1,1,20,1,1.0,1.0,0.0,0.0,0.0,1.0,1.0,0,76.0,1588.75,1,1,0,0,0,1,0,1,0,0,0,4.0,15.2,1,1,1,0,0,0.0,3.619047619047619,20.633116883116884,1
0,0,0,16,1,0.0,0.0,1.0,0.0,1.0,0.0,0.0,1,53.9,834.15,1,1,0,0,1,0,0,0,0,0,1,2.0,17.966666666666665,0,0,0,0,0,0.0,3.1705882352941175,15.193989071038251,1
0,0,0,71,1,1.0,1.0,1.0,1.0,1.0,0.0,1.0,0,80.6,5708.2,0,1,0,0,0,0,1,1,0,0,0,6.0,11.514285714285714,1,1,1,0,0,0.0,1.1194444444444445,69.95343137254902,3
0,1,0,32,1,1.0,0.0,1.0,0.0,0.0,1.0,1.0,1,98.85,3145.9,0,0,1,0,1,0,0,0,1,0,0,4.0,19.77,1,0,1,1,0,1.0,2.995454545454545,31.506259389083628,1
0,0,0,4,1,0.0,0.0,0.0,0.0,0.0,0.0,0.0,1,20.7,83.75,0,0,0,1,1,0,0,0,1,0,0,0.0,20.7,0,0,1,0,0,0.0,4.14,3.859447004608295,0
0,0,1,36,1,0.0,0.0,1.0,0.0,0.0,1.0,1.0,1,94.7,3512.5,0,0,1,0,1,0,0,0,0,1,0,3.0,23.675,1,0,0,1,1,1.0,2.5594594594594597,36.70323928944619,1
0,1,0,72,1,1.0,1.0,0.0,1.0,0.0,1.0,1.0,1,105.5,7544.0,1,0,1,0,0,0,1,0,0,1,0,5.0,17.583333333333332,1,1,0,0,0,0.0,1.4452054794520548,70.83568075117371,3
1,1,1,31,1,0.0,0.0,0.0,1.0,1.0,1.0,1.0,1,98.9,2911.3,1,0,1,0,1,0,0,0,0,1,0,4.0,19.78,1,0,0,1,1,0.0,3.090625,29.14214214214214,1
0,0,0,65,1,1.0,1.0,1.0,0.0,1.0,0.0,0.0,1,89.85,5844.65,1,0,1,0,0,1,0,0,0,1,0,4.0,17.97,0,1,0,0,0,0.0,1.3613636363636363,64.33296642817831,3
0,0,0,5,1,1.0,0.0,0.0,0.0,0.0,1.0,0.0,1,85.2,474.8,1,0,1,0,1,0,0,0,0,1,0,2.0,28.400000000000002,1,0,0,1,1,1.0,14.200000000000001,5.508120649651972,0
0,0,0,16,0,0.0,1.0,1.0,1.0,1.0,1.0,0.0,0,54.85,916.15,0,1,0,0,0,0,1,0,0,0,1,5.0,9.141666666666667,1,1,0,0,0,0.0,3.226470588235294,16.40376007162041,1
0,0,0,10,1,1.0,0.0,1.0,0.0,0.0,0.0,0.0,1,80.05,830.7,1,0,1,0,1,0,0,1,0,0,0,2.0,26.683333333333334,0,0,1,1,0,1.0,7.277272727272727,10.249228871067244,0
0,0,1,49,1,0.0,0.0,0.0,0.0,0.0,0.0,0.0,0,20.45,1024.65,1,0,0,1,0,0,1,0,1,0,0,0.0,20.45,0,1,1,0,0,0.0,0.409,47.769230769230774,2
1,0,0,43,0,0.0,1.0,1.0,0.0,0.0,0.0,0.0,1,33.45,1500.25,1,1,0,0,1,0,0,0,1,0,0,2.0,11.15,0,0,1,0,0,0.0,0.7602272727272728,43.54862119013062,2
0,0,0,1,0,0.0,0.0,0.0,0.0,0.0,0.0,0.0,1,24.45,24.45,0,1,0,0,1,0,0,0,0,0,1,0.0,24.45,0,0,0,0,0,0.0,12.225,0.9607072691552063,0
0,1,0,4,1,0.0,1.0,1.0,0.0,0.0,0.0,0.0,0,54.7,235.05,1,1,0,0,1,0,0,0,0,0,1,2.0,18.233333333333334,0,0,0,0,0,0.0,10.940000000000001,4.219928186714542,0
0,0,0,2,1,0.0,0.0,0.0,0.0,0.0,0.0,0.0,1,70.3,144.0,0,0,1,0,1,0,0,0,0,1,0,0.0,70.3,0,0,0,1,1,1.0,23.433333333333334,2.0196353436185133,0
0,1,1,70,1,1.0,0.0,1.0,1.0,1.0,1.0,1.0,1,84.1,5979.7,0,1,0,0,0,0,1,0,0,1,0,6.0,12.014285714285714,1,1,0,0,0,0.0,1.184507042253521,70.26674500587545,3
0,0,0,36,1,1.0,0.0,1.0,0.0,1.0,0.0,1.0,1,70.7,2511.95,1,1,0,0,0,1,0,0,0,0,1,4.0,14.14,1,1,0,0,0,0.0,1.9108108108108108,35.03417015341701,1
0,1,1,66,1,1.0,1.0,1.0,1.0,0.0,1.0,1.0,0,109.25,7082.5,1,0,1,0,0,0,1,1,0,0,0,6.0,15.607142857142858,1,1,1,0,0,0.0,1.6305970149253732,64.24036281179139,3
0,1,1,67,1,1.0,1.0,1.0,0.0,1.0,1.0,0.0,0,74.0,4868.4,1,1,0,0,0,0,1,0,1,0,0,5.0,12.333333333333334,1,1,1,0,0,0.0,1.088235294117647,64.91199999999999,3
0,0,0,33,1,0.0,0.0,0.0,0.0,0.0,0.0,0.0,0,20.35,689.75,0,0,0,1,0,0,1,0,0,0,1,0.0,20.35,0,1,0,0,0,0.0,0.598529411764706,32.30679156908665,1
0,0,0,23,1,1.0,1.0,0.0,0.0,0.0,1.0,0.0,1,90.05,2169.8,1,0,1,0,1,0,0,1,0,0,0,3.0,22.5125,1,0,1,1,0,0.0,3.752083333333333,23.83086216364635,1
0,0,0,34,1,0.0,0.0,1.0,0.0,0.0,0.0,0.0,1,73.95,2524.45,1,0,1,0,1,0,0,0,1,0,0,1.0,36.975,0,0,1,1,0,1.0,2.112857142857143,33.68178785857238,1
0,0,1,11,1,1.0,0.0,0.0,0.0,0.0,0.0,1.0,0,86.2,893.2,0,0,1,0,1,0,0,0,0,1,0,2.0,28.733333333333334,1,0,0,1,1,1.0,7.183333333333334,10.243119266055047,0
0,1,1,49,1,0.0,1.0,1.0,1.0,1.0,1.0,1.0,1,87.2,4345.0,1,1,0,0,0,1,0,0,0,0,1,6.0,12.457142857142857,1,1,0,0,0,0.0,1.744,49.26303854875283,2
0,1,0,8,1,1.0,0.0,0.0,0.0,0.0,0.0,1.0,1,85.2,627.4,1,0,1,0,1,0,0,0,1,0,0,2.0,28.400000000000002,1,0,1,1,0,1.0,9.466666666666667,7.278422273781902,0
0,1,0,46,0,0.0,0.0,0.0,0.0,0.0,1.0,1.0,1,43.95,2007.85,1,1,0,0,1,0,0,0,0,1,0,2.0,14.65,1,0,0,0,1,0.0,0.9351063829787235,44.66852057842046,2
1,1,0,72,1,1.0,0.0,1.0,1.0,1.0,1.0,1.0,1,110.8,7882.25,1,0,1,0,0,0,1,0,1,0,0,6.0,15.828571428571427,1,1,1,0,0,0.0,1.5178082191780822,70.5031305903399,3
0,0,0,1,1,0.0,0.0,0.0,0.0,0.0,0.0,0.0,0,20.9,20.9,1,0,0,1,1,0,0,0,0,0,1,0.0,20.9,0,0,0,0,0,0.0,10.45,0.954337899543379,0
0,1,1,3,1,0.0,0.0,1.0,0.0,0.0,1.0,0.0,1,58.7,168.6,1,1,0,0,1,0,0,0,1,0,0,2.0,19.566666666666666,1,0,1,0,0,0.0,14.675,2.824120603015075,0
0,1,1,32,0,0.0,0.0,0.0,1.0,1.0,0.0,0.0,1,36.25,1151.05,0,1,0,0,0,1,0,0,0,0,1,2.0,12.083333333333334,0,1,0,0,0,0.0,1.0984848484848484,30.900671140939597,1
0,0,0,33,1,0.0,0.0,1.0,0.0,1.0,0.0,0.0,1,79.95,2684.85,1,0,1,0,0,1,0,1,0,0,0,2.0,26.650000000000002,0,1,1,0,0,0.0,2.351470588235294,33.16676961087091,1
1,1,0,25,1,0.0,0.0,1.0,1.0,0.0,1.0,1.0,1,98.5,2514.5,1,0,1,0,1,0,0,0,0,1,0,4.0,19.7,1,0,0,1,1,1.0,3.7884615384615383,25.271356783919597,1
0,1,0,72,1,1.0,1.0,1.0,1.0,1.0,1.0,1.0,1,90.95,6468.6,1,1,0,0,0,0,1,1,0,0,0,7.0,11.36875,1,1,1,0,0,0.0,1.2458904109589042,70.34910277324633,3
0,1,1,34,1,0.0,0.0,0.0,0.0,0.0,1.0,0.0,0,78.3,2564.3,0,0,1,0,1,0,0,0,0,1,0,1.0,39.15,1,0,0,1,1,1.0,2.237142857142857,32.336696090794455,1
0,0,0,1,1,0.0,0.0,0.0,0.0,0.0,0.0,0.0,1,44.8,44.8,0,1,0,0,1,0,0,0,0,1,0,0.0,44.8,0,0,0,0,1,0.0,22.4,0.9781659388646288,0
0,0,1,21,1,0.0,0.0,0.0,0.0,0.0,0.0,0.0,0,20.75,452.2,1,0,0,1,1,0,0,0,0,0,1,0.0,20.75,0,0,0,0,0,0.0,0.9431818181818182,20.79080459770115,1
0,0,0,14,1,0.0,0.0,0.0,0.0,0.0,0.0,0.0,0,20.4,275.7,0,0,0,1,0,1,0,1,0,0,0,0.0,20.4,0,1,1,0,0,0.0,1.3599999999999999,12.883177570093459,1
0,0,0,23,1,0.0,1.0,0.0,1.0,0.0,1.0,1.0,1,99.95,2292.75,0,0,1,0,0,1,0,0,1,0,0,4.0,19.990000000000002,1,1,1,0,0,0.0,4.164583333333334,22.711738484398218,1
1,1,0,39,1,1.0,0.0,1.0,1.0,0.0,1.0,1.0,1,105.65,4284.8,0,0,1,0,1,0,0,0,0,1,0,5.0,17.608333333333334,1,0,0,1,1,1.0,2.6412500000000003,40.17627754336615,2
1,1,0,66,1,1.0,0.0,1.0,1.0,1.0,1.0,1.0,1,108.1,7181.95,1,0,1,0,0,1,0,0,1,0,0,6.0,15.442857142857141,1,1,1,0,0,0.0,1.6134328358208954,65.82905591200733,3
0,0,1,52,1,1.0,0.0,0.0,0.0,0.0,0.0,0.0,0,25.6,1334.5,0,0,0,1,0,0,1,0,1,0,0,1.0,12.8,0,1,1,0,0,0.0,0.4830188679245283,50.169172932330824,2
0,1,1,71,1,1.0,0.0,1.0,0.0,1.0,0.0,0.0,1,84.8,6152.4,0,0,1,0,0,0,1,0,0,1,0,3.0,21.2,0,1,0,0,0,0.0,1.1777777777777778,71.7062937062937,3
1,0,0,26,1,1.0,0.0,1.0,0.0,0.0,1.0,0.0,1,89.15,2277.65,1,0,1,0,1,0,0,0,0,1,0,3.0,22.2875,1,0,0,1,1,1.0,3.3018518518518523,25.265113699389904,1
0,1,1,56,1,1.0,1.0,1.0,0.0,0.0,0.0,1.0,0,68.75,3815.4,1,1,0,0,0,1,0,1,0,0,0,4.0,13.75,1,1,1,0,0,0.0,1.206140350877193,54.701075268817206,2
0,0,0,10,1,1.0,0.0,1.0,0.0,0.0,0.0,0.0,1,81.0,818.05,1,0,1,0,1,0,0,0,1,0,0,2.0,27.0,0,0,1,1,0,1.0,7.363636363636363,9.976219512195122,0
0,0,0,72,1,1.0,1.0,1.0,1.0,1.0,1.0,1.0,0,115.05,8405.0,1,0,1,0,0,0,1,0,1,0,0,7.0,14.38125,1,1,1,0,0,0.0,1.5760273972602739,72.42567858681603,3
0,0,0,15,1,0.0,0.0,0.0,1.0,1.0,1.0,1.0,1,101.35,1553.95,0,0,1,0,1,0,0,0,0,1,0,4.0,20.27,1,0,0,1,1,0.0,6.334375,15.182706399609186,1
0,1,1,67,1,1.0,1.0,0.0,0.0,1.0,0.0,1.0,1,94.35,6341.45,1,0,1,0,0,1,0,0,1,0,0,4.0,18.869999999999997,1,1,1,0,0,0.0,1.3875,66.5070791819612,3
0,0,0,16,1,0.0,1.0,0.0,0.0,0.0,0.0,0.0,1,50.15,762.25,1,1,0,0,1,0,0,0,0,1,0,1.0,25.075,0,0,0,0,1,0.0,2.9499999999999997,14.902248289345064,1
0,0,0,54,1,1.0,0.0,1.0,1.0,0.0,1.0,0.0,1,94.75,5121.75,1,0,1,0,0,1,0,1,0,0,0,4.0,18.95,1,1,1,0,0,1.0,1.7227272727272727,53.49086161879895,2
0,0,0,11,1,0.0,0.0,0.0,0.0,1.0,0.0,0.0,1,73.85,926.25,0,0,1,0,1,0,0,0,0,1,0,1.0,36.925,0,0,0,1,1,0.0,6.154166666666666,12.374749498997996,0
0,1,1,10,1,1.0,1.0,1.0,0.0,0.0,1.0,0.0,0,70.3,676.15,1,1,0,0,0,1,0,0,0,1,0,4.0,14.059999999999999,1,1,0,0,0,0.0,6.390909090909091,9.483169705469846,0
0,1,0,59,1,1.0,1.0,1.0,1.0,0.0,1.0,1.0,1,109.15,6557.75,1,0,1,0,0,1,0,0,1,0,0,6.0,15.592857142857143,1,1,1,0,0,0.0,1.8191666666666668,59.53472537448933,2
0,0,0,25,1,0.0,0.0,0.0,0.0,0.0,0.0,0.0,1,20.75,499.4,0,0,0,1,0,0,1,0,0,0,1,0.0,20.75,0,1,0,0,0,0.0,0.7980769230769231,22.960919540229884,1
0,0,0,4,1,0.0,0.0,0.0,0.0,0.0,0.0,0.0,0,20.7,73.05,0,0,0,1,1,0,0,0,0,0,1,0.0,20.7,0,0,0,0,0,0.0,4.14,3.366359447004608,0
0,1,1,11,1,0.0,0.0,0.0,0.0,0.0,0.0,0.0,0,19.65,225.75,0,0,0,1,0,0,1,0,0,0,1,0.0,19.65,0,1,0,0,0,0.0,1.6375,10.932203389830509,0
0,1,0,57,1,1.0,1.0,1.0,1.0,1.0,1.0,0.0,1,103.05,5925.75,0,0,1,0,1,0,0,0,0,1,0,6.0,14.721428571428572,1,0,0,1,1,0.0,1.7767241379310343,56.950985103315716,2
1,0,0,69,1,1.0,1.0,0.0,1.0,1.0,1.0,1.0,0,110.25,7467.55,1,0,1,0,0,0,1,0,1,0,0,6.0,15.75,1,1,1,0,0,0.0,1.575,67.12404494382022,3
1,0,0,15,1,1.0,0.0,0.0,0.0,0.0,0.0,0.0,0,75.65,1146.65,0,0,1,0,1,0,0,0,0,1,0,1.0,37.825,0,0,0,1,1,1.0,4.728125,14.95955642530985,1
0,1,1,54,1,1.0,0.0,1.0,1.0,0.0,0.0,0.0,1,59.8,3246.45,1,1,0,0,0,0,1,1,0,0,0,3.0,14.95,0,1,1,0,0,0.0,1.0872727272727272,53.395559210526315,2
0,0,0,59,1,1.0,0.0,0.0,0.0,0.0,0.0,0.0,0,25.0,1510.5,0,0,0,1,0,0,1,0,0,0,1,1.0,12.5,0,1,0,0,0,0.0,0.4166666666666667,58.09615384615385,2
0,1,0,67,1,1.0,1.0,1.0,1.0,0.0,0.0,1.0,0,75.1,5064.45,1,1,0,0,0,1,0,0,0,0,1,5.0,12.516666666666666,1,1,0,0,0,0.0,1.1044117647058822,66.54993429697767,3
0,0,0,4,1,1.0,1.0,0.0,0.0,0.0,0.0,0.0,1,80.1,336.15,0,0,1,0,1,0,0,0,0,1,0,2.0,26.7,0,0,0,1,1,0.0,16.02,4.144882860665844,0
0,1,1,72,1,1.0,0.0,1.0,1.0,1.0,1.0,1.0,1,109.2,7711.45,1,0,1,0,0,0,1,1,0,0,0,6.0,15.6,1,1,1,0,0,0.0,1.4958904109589042,69.97686025408348,3
0,1,0,69,1,1.0,0.0,0.0,0.0,0.0,0.0,0.0,1,26.3,1763.55,1,0,0,1,0,1,0,0,0,1,0,1.0,13.15,0,1,0,0,0,0.0,0.3757142857142857,64.5989010989011,3
0,1,0,49,1,1.0,1.0,1.0,1.0,0.0,0.0,1.0,0,71.8,3472.05,1,1,0,0,0,1,0,0,0,1,0,5.0,11.966666666666667,1,1,0,0,0,0.0,1.436,47.69299450549451,2
0,0,0,66,0,0.0,1.0,0.0,1.0,1.0,1.0,1.0,1,61.35,4193.4,1,1,0,0,0,0,1,1,0,0,0,5.0,10.225,1,1,1,0,0,0.0,0.9156716417910448,67.25581395348837,3
0,0,0,7,1,0.0,0.0,0.0,0.0,0.0,0.0,0.0,1,69.85,515.45,1,0,1,0,1,0,0,1,0,0,0,0.0,69.85,0,0,1,1,0,1.0,8.73125,7.275229357798167,0
0,1,1,62,1,1.0,1.0,1.0,0.0,0.0,1.0,0.0,1,94.95,5791.85,0,0,1,0,0,1,0,0,1,0,0,4.0,18.990000000000002,1,1,1,0,0,0.0,1.5071428571428571,60.36321000521105,3
1,1,0,38,1,1.0,1.0,1.0,0.0,0.0,0.0,1.0,0,95.0,3591.25,1,0,1,0,0,1,0,0,1,0,0,4.0,19.0,1,1,1,0,0,0.0,2.4358974358974357,37.408854166666664,2
0,1,1,19,1,1.0,0.0,0.0,1.0,1.0,1.0,1.0,0,103.3,2012.7,0,0,1,0,1,0,0,0,0,1,0,5.0,17.216666666666665,1,0,0,1,1,0.0,5.165,19.297219558964528,1
0,0,0,63,1,1.0,0.0,0.0,0.0,0.0,0.0,0.0,0,24.2,1618.2,1,0,0,1,0,0,1,0,0,0,1,1.0,12.1,0,1,0,0,0,0.0,0.378125,64.21428571428572,3
1,0,0,21,1,0.0,0.0,0.0,0.0,0.0,0.0,0.0,0,20.5,429.55,0,0,0,1,0,1,0,1,0,0,0,0.0,20.5,0,1,1,0,0,0.0,0.9318181818181818,19.97906976744186,1
0,0,0,1,1,0.0,0.0,0.0,0.0,0.0,0.0,0.0,0,44.45,44.45,0,1,0,0,1,0,0,0,0,0,1,0.0,44.45,0,0,0,0,0,0.0,22.225,0.977997799779978,0
1,0,0,33,0,0.0,1.0,1.0,1.0,0.0,1.0,1.0,1,59.45,1884.65,1,1,0,0,1,0,0,1,0,0,0,5.0,9.908333333333333,1,0,1,0,0,0.0,1.7485294117647059,31.177005789909014,1
1,0,0,67,1,1.0,0.0,0.0,1.0,0.0,1.0,1.0,1,101.4,6841.05,0,0,1,0,1,0,0,0,1,0,0,4.0,20.28,1,0,1,1,0,1.0,1.4911764705882353,66.80712890625,3
0,1,0,17,0,0.0,1.0,0.0,1.0,0.0,0.0,0.0,0,34.4,592.75,0,1,0,0,1,0,0,0,0,0,1,2.0,11.466666666666667,0,0,0,0,0,0.0,1.911111111111111,16.744350282485875,1
0,1,1,8,1,0.0,1.0,1.0,0.0,0.0,0.0,0.0,0,54.65,482.25,1,1,0,0,1,0,0,0,0,0,1,2.0,18.216666666666665,0,0,0,0,0,0.0,6.072222222222222,8.66576819407008,0
0,0,0,65,1,1.0,1.0,1.0,1.0,0.0,1.0,1.0,1,111.05,7107.0,1,0,1,0,1,0,0,0,1,0,0,6.0,15.864285714285714,1,0,1,1,0,0.0,1.6825757575757576,63.427041499330656,3
1,1,0,69,1,1.0,1.0,1.0,0.0,0.0,0.0,0.0,1,84.9,5785.65,0,0,1,0,1,0,0,0,1,0,0,3.0,21.225,0,0,1,1,0,0.0,1.2128571428571429,67.3533178114086,3
0,0,0,64,1,1.0,0.0,0.0,1.0,1.0,1.0,1.0,1,104.65,6889.8,0,0,1,0,0,1,0,0,1,0,0,5.0,17.441666666666666,1,1,1,0,0,0.0,1.61,65.21344060577378,3
0,0,0,55,1,0.0,0.0,1.0,0.0,1.0,0.0,1.0,1,64.2,3627.3,0,1,0,0,0,1,0,0,0,1,0,3.0,16.05,1,1,0,0,0,0.0,1.1464285714285716,55.63343558282209,2
0,1,1,71,1,1.0,1.0,1.0,1.0,0.0,1.0,0.0,1,99.0,7061.65,1,0,1,0,0,0,1,0,1,0,0,5.0,16.5,1,1,1,0,0,0.0,1.375,70.6165,3
0,1,0,40,1,1.0,0.0,0.0,0.0,1.0,0.0,0.0,1,78.85,3126.85,1,0,1,0,1,0,0,0,1,0,0,2.0,26.28333333333333,0,0,1,1,0,0.0,1.923170731707317,39.159048215403885,2
0,0,0,23,1,1.0,0.0,0.0,1.0,1.0,1.0,0.0,1,96.9,2085.45,0,0,1,0,1,0,0,0,1,0,0,4.0,19.380000000000003,1,0,1,1,0,0.0,4.0375000000000005,21.30183861082737,1
0,0,0,72,1,0.0,0.0,0.0,0.0,0.0,0.0,0.0,1,21.15,1419.4,1,0,0,1,0,0,1,1,0,0,0,0.0,21.15,0,1,1,0,0,0.0,0.2897260273972603,64.08126410835216,3
0,0,0,10,1,0.0,0.0,0.0,0.0,0.0,0.0,0.0,0,18.85,163.2,1,0,0,1,1,0,0,0,0,0,1,0.0,18.85,0,0,0,0,0,0.0,1.7136363636363638,8.221662468513852,0
0,1,0,5,1,1.0,0.0,1.0,0.0,0.0,0.0,0.0,1,81.3,416.3,0,0,1,0,1,0,0,0,0,1,0,2.0,27.099999999999998,0,0,0,1,1,1.0,13.549999999999999,5.058323207776428,0
1,1,0,72,1,1.0,1.0,1.0,0.0,0.0,1.0,1.0,1,106.85,7677.4,1,0,1,0,0,1,0,1,0,0,0,5.0,17.808333333333334,1,1,1,0,0,0.0,1.4636986301369863,71.185906351414,3
0,0,0,1,1,0.0,0.0,0.0,0.0,0.0,0.0,0.0,1,19.9,19.9,1,0,0,1,1,0,0,0,0,0,1,0.0,19.9,0,0,0,0,0,0.0,9.95,0.9521531100478469,0
0,1,1,5,1,1.0,0.0,0.0,0.0,0.0,0.0,0.0,1,25.9,135.0,0,0,0,1,1,0,0,1,0,0,0,1.0,12.95,0,0,1,0,0,0.0,4.316666666666666,5.018587360594796,0
0,1,0,65,1,1.0,0.0,1.0,1.0,1.0,1.0,1.0,1,107.65,7082.85,1,0,1,0,0,0,1,1,0,0,0,6.0,15.37857142857143,1,1,1,0,0,0.0,1.631060606060606,65.18959963184537,3
0,1,0,33,1,0.0,0.0,0.0,1.0,0.0,1.0,1.0,1,95.8,3036.75,0,0,1,0,0,1,0,0,0,1,0,3.0,23.95,1,1,0,0,0,1.0,2.817647058823529,31.371384297520663,1
0,1,1,1,1,0.0,0.0,0.0,0.0,0.0,0.0,0.0,1,20.5,20.5,1,0,0,1,1,0,0,0,0,0,1,0.0,20.5,0,0,0,0,0,0.0,10.25,0.9534883720930233,0
0,1,1,10,1,1.0,0.0,0.0,0.0,0.0,0.0,0.0,0,26.1,225.55,1,0,0,1,0,0,1,0,1,0,0,1.0,13.05,0,1,1,0,0,0.0,2.372727272727273,8.322878228782288,0
0,1,1,70,1,1.0,0.0,1.0,1.0,0.0,1.0,1.0,1,106.5,7397.0,1,0,1,0,0,1,0,0,0,1,0,5.0,17.75,1,1,0,0,0,1.0,1.5,68.8093023255814,3
0,0,0,36,1,1.0,0.0,1.0,1.0,0.0,1.0,1.0,1,104.8,3886.45,1,0,1,0,0,1,0,1,0,0,0,5.0,17.466666666666665,1,1,1,0,0,1.0,2.8324324324324324,36.73393194706994,1
0,0,0,21,1,0.0,0.0,1.0,1.0,0.0,0.0,1.0,1,90.05,1862.9,1,0,1,0,1,0,0,0,0,1,0,3.0,22.5125,1,0,0,1,1,1.0,4.093181818181818,20.460186710598574,1
0,1,0,72,0,0.0,1.0,1.0,1.0,0.0,0.0,0.0,0,42.1,2962.0,0,1,0,0,0,0,1,1,0,0,0,3.0,10.525,0,1,1,0,0,0.0,0.5767123287671233,68.72389791183295,3
0,0,0,1,1,0.0,0.0,0.0,0.0,0.0,0.0,0.0,0,19.95,19.95,0,0,0,1,1,0,0,0,0,1,0,0.0,19.95,0,0,0,0,1,0.0,9.975,0.9522673031026253,0
0,0,0,19,1,1.0,1.0,1.0,0.0,0.0,0.0,1.0,1,95.15,1789.25,1,0,1,0,1,0,0,0,0,1,0,4.0,19.03,1,0,0,1,1,0.0,4.7575,18.60894435777431,1
0,1,1,70,1,1.0,0.0,1.0,1.0,1.0,1.0,1.0,1,110.2,7689.8,1,0,1,0,0,0,1,0,0,1,0,6.0,15.742857142857144,1,1,0,0,0,0.0,1.552112676056338,69.15287769784173,3
0,0,0,7,1,0.0,1.0,1.0,0.0,1.0,1.0,1.0,1,78.5,571.05,1,1,0,0,1,0,0,0,0,1,0,5.0,13.083333333333334,1,0,0,0,1,0.0,9.8125,7.1830188679245275,0
0,0,0,60,1,1.0,0.0,0.0,1.0,0.0,1.0,0.0,1,89.55,5231.2,0,0,1,0,0,0,1,0,0,1,0,3.0,22.3875,1,1,0,0,0,1.0,1.4680327868852459,57.771397018221975,2
0,0,1,21,1,0.0,0.0,0.0,0.0,0.0,0.0,0.0,0,19.6,397.0,0,0,0,1,0,0,1,0,0,0,1,0.0,19.6,0,1,0,0,0,0.0,0.890909090909091,19.271844660194173,1
0,1,1,36,1,0.0,0.0,0.0,0.0,0.0,0.0,0.0,0,19.2,702.9,1,0,0,1,1,0,0,1,0,0,0,0.0,19.2,0,0,1,0,0,0.0,0.518918918918919,34.7970297029703,1
0,0,0,1,1,0.0,0.0,1.0,0.0,0.0,0.0,0.0,0,50.65,50.65,0,1,0,0,1,0,0,0,0,0,1,1.0,25.325,0,0,0,0,0,0.0,25.325,0.9806389157792836,0
0,1,0,72,1,0.0,0.0,0.0,1.0,0.0,1.0,1.0,1,94.65,6747.35,0,0,1,0,1,0,0,0,0,1,0,3.0,23.6625,1,0,0,1,1,1.0,1.2965753424657536,70.54208050182959,3
0,1,1,2,1,0.0,0.0,1.0,0.0,0.0,0.0,0.0,1,73.55,145.4,1,0,1,0,1,0,0,1,0,0,0,1.0,36.775,0,0,1,1,0,1.0,24.516666666666666,1.9503688799463448,0
0,0,0,1,1,0.0,0.0,0.0,0.0,0.0,0.0,0.0,0,19.9,19.9,1,0,0,1,1,0,0,0,0,0,1,0.0,19.9,0,0,0,0,0,0.0,9.95,0.9521531100478469,0
0,1,1,7,1,0.0,0.0,0.0,0.0,0.0,0.0,0.0,1,69.95,529.5,0,0,1,0,1,0,0,1,0,0,0,0.0,69.95,0,0,1,1,0,1.0,8.74375,7.4630021141649046,0
0,0,0,22,1,0.0,0.0,0.0,0.0,0.0,0.0,0.0,1,19.25,412.55,1,0,0,1,0,1,0,0,0,0,1,0.0,19.25,0,1,0,0,0,0.0,0.8369565217391305,20.37283950617284,1
0,0,0,33,1,0.0,0.0,1.0,0.0,1.0,0.0,0.0,0,80.6,2651.1,0,0,1,0,0,0,1,1,0,0,0,2.0,26.866666666666664,0,1,1,0,0,0.0,2.3705882352941177,32.4889705882353,1
0,1,1,25,1,0.0,0.0,0.0,0.0,0.0,1.0,1.0,1,90.4,2178.6,0,0,1,0,0,1,0,0,0,1,0,2.0,30.133333333333336,1,1,0,0,0,1.0,3.476923076923077,23.83588621444201,1
0,0,0,39,0,0.0,0.0,0.0,1.0,1.0,0.0,0.0,0,35.55,1309.15,0,1,0,0,0,1,0,0,0,0,1,2.0,11.85,0,1,0,0,0,0.0,0.8887499999999999,35.81805745554036,2
0,0,0,17,0,0.0,0.0,0.0,0.0,0.0,0.0,0.0,0,25.1,382.8,0,1,0,0,1,0,0,0,1,0,0,0.0,25.1,0,0,1,0,0,0.0,1.3944444444444446,14.666666666666666,1
0,0,0,2,1,0.0,0.0,0.0,0.0,0.0,0.0,0.0,1,19.9,33.7,0,0,0,1,1,0,0,0,1,0,0,0.0,19.9,0,0,1,0,0,0.0,6.633333333333333,1.6124401913875601,0
0,1,1,3,1,0.0,0.0,1.0,1.0,0.0,0.0,0.0,1,56.15,168.15,0,1,0,0,1,0,0,0,0,0,1,2.0,18.716666666666665,0,0,0,0,0,0.0,14.0375,2.9422572178477693,0
0,0,0,12,1,0.0,0.0,0.0,1.0,0.0,1.0,1.0,0,95.5,1115.15,1,0,1,0,0,1,0,0,0,0,1,3.0,23.875,1,1,0,0,0,1.0,7.346153846153846,11.5559585492228,0
0,1,1,47,1,0.0,0.0,0.0,0.0,0.0,0.0,0.0,0,20.05,951.55,0,0,0,1,0,1,0,0,0,0,1,0.0,20.05,0,1,0,0,0,0.0,0.41770833333333335,45.2042755344418,2
0,0,0,71,1,1.0,1.0,1.0,1.0,1.0,1.0,1.0,0,111.3,7985.9,1,0,1,0,0,0,1,0,0,0,1,7.0,13.9125,1,1,0,0,0,0.0,1.5458333333333334,71.11219946571683,3
0,0,0,27,1,1.0,0.0,0.0,1.0,1.0,0.0,0.0,0,59.45,1611.65,0,1,0,0,1,0,0,0,0,1,0,3.0,14.8625,0,0,0,0,1,0.0,2.123214285714286,26.66087675765095,1
0,1,1,63,1,0.0,0.0,0.0,0.0,0.0,0.0,0.0,0,19.55,1245.6,0,0,0,1,0,0,1,0,0,0,1,0.0,19.55,0,1,0,0,0,0.0,0.30546875,60.61313868613138,3
0,1,0,70,1,1.0,1.0,0.0,1.0,1.0,0.0,0.0,0,65.3,4759.75,1,1,0,0,0,0,1,0,1,0,0,4.0,13.059999999999999,0,1,1,0,0,0.0,0.9197183098591549,71.79110105580695,3
1,1,0,61,1,1.0,0.0,1.0,1.0,1.0,1.0,0.0,1,98.3,6066.55,0,0,1,0,0,1,0,0,0,0,1,5.0,16.383333333333333,1,1,0,0,0,0.0,1.585483870967742,61.09315206445116,3
0,0,0,61,1,1.0,1.0,0.0,1.0,0.0,1.0,1.0,0,104.0,6363.45,0,0,1,0,0,1,0,0,0,1,0,5.0,17.333333333333332,1,1,0,0,0,0.0,1.6774193548387097,60.604285714285716,3
0,1,0,72,1,0.0,0.0,0.0,0.0,0.0,0.0,0.0,0,19.7,1421.9,0,0,0,1,0,0,1,0,1,0,0,0.0,19.7,0,1,1,0,0,0.0,0.26986301369863014,68.69082125603866,3
0,1,0,65,1,1.0,1.0,0.0,1.0,0.0,1.0,1.0,1,105.05,6914.95,1,0,1,0,1,0,0,0,0,1,0,5.0,17.508333333333333,1,0,0,1,1,0.0,1.5916666666666666,65.20462046204621,3
1,0,0,4,1,1.0,0.0,0.0,0.0,0.0,0.0,0.0,1,74.9,321.75,1,0,1,0,1,0,0,0,0,1,0,1.0,37.45,0,0,0,1,1,1.0,14.98,4.239130434782608,0
0,1,1,3,1,0.0,0.0,0.0,0.0,0.0,0.0,0.0,0,19.3,54.7,1,0,0,1,1,0,0,0,0,0,1,0.0,19.3,0,0,0,0,0,0.0,4.825,2.6945812807881775,0
0,1,1,15,0,0.0,1.0,0.0,0.0,0.0,0.0,0.0,1,30.2,469.65,0,1,0,0,1,0,0,1,0,0,0,1.0,15.1,0,0,1,0,0,0.0,1.8875,15.052884615384615,1
0,1,0,72,1,1.0,0.0,1.0,1.0,0.0,1.0,1.0,1,101.35,7323.15,1,0,1,0,0,1,0,0,0,1,0,5.0,16.891666666666666,1,1,0,0,0,1.0,1.3883561643835616,71.55007327796775,3
0,1,1,68,1,0.0,1.0,1.0,1.0,1.0,1.0,1.0,1,85.0,5607.75,1,1,0,0,0,0,1,0,1,0,0,6.0,12.142857142857142,1,1,1,0,0,0.0,1.2318840579710144,65.2063953488372,3
0,0,0,1,1,0.0,0.0,0.0,0.0,0.0,0.0,0.0,1,19.6,19.6,0,0,0,1,1,0,0,0,0,0,1,0.0,19.6,0,0,0,0,0,0.0,9.8,0.9514563106796117,0
0,0,0,35,1,1.0,0.0,1.0,0.0,1.0,0.0,0.0,0,85.3,2917.5,1,0,1,0,1,0,0,0,1,0,0,3.0,21.325,0,0,1,1,0,0.0,2.3694444444444445,33.80648899188876,1
0,1,1,72,1,0.0,1.0,0.0,1.0,1.0,1.0,1.0,1,80.45,5886.85,1,1,0,0,0,0,1,1,0,0,0,5.0,13.408333333333333,1,1,1,0,0,0.0,1.1020547945205479,72.27562922038061,3
0,1,0,42,0,0.0,0.0,1.0,0.0,1.0,0.0,0.0,0,33.55,1445.3,1,1,0,0,0,1,0,0,0,0,1,2.0,11.183333333333332,0,1,0,0,0,0.0,0.7802325581395348,41.832127351664255,2
0,1,1,72,1,1.0,1.0,1.0,1.0,1.0,1.0,1.0,1,90.8,6397.6,0,1,0,0,0,0,1,0,1,0,0,7.0,11.35,1,1,1,0,0,0.0,1.2438356164383562,69.69063180827888,3
1,0,0,13,1,0.0,0.0,0.0,0.0,0.0,1.0,1.0,1,90.5,1201.15,0,0,1,0,1,0,0,0,0,1,0,2.0,30.166666666666668,1,0,0,1,1,1.0,6.464285714285714,13.127322404371586,1
0,0,0,1,1,0.0,0.0,0.0,0.0,0.0,0.0,0.0,0,45.95,45.95,1,1,0,0,1,0,0,0,0,0,1,0.0,45.95,0,0,0,0,0,0.0,22.975,0.9787007454739084,0
0,0,0,7,1,0.0,0.0,0.0,0.0,0.0,0.0,0.0,1,19.4,168.65,0,0,0,1,1,0,0,0,0,0,1,0.0,19.4,0,0,0,0,0,0.0,2.425,8.267156862745098,0
0,1,0,67,1,1.0,0.0,1.0,0.0,0.0,1.0,0.0,1,88.4,5798.3,0,0,1,0,0,1,0,1,0,0,0,3.0,22.1,1,1,1,0,0,1.0,1.3,64.85794183445189,3
0,1,1,37,1,1.0,0.0,1.0,1.0,0.0,1.0,0.0,1,92.95,3415.25,0,0,1,0,1,0,0,0,0,1,0,4.0,18.59,1,0,0,1,1,1.0,2.4460526315789473,36.35178286322512,2
0,1,1,13,1,0.0,0.0,0.0,0.0,0.0,0.0,0.0,1,20.45,254.5,1,0,0,1,1,0,0,0,0,0,1,0.0,20.45,0,0,0,0,0,0.0,1.4607142857142856,11.864801864801866,1
0,0,0,26,1,0.0,0.0,0.0,0.0,0.0,0.0,0.0,0,19.4,525.55,0,0,0,1,0,1,0,0,0,0,1,0.0,19.4,0,1,0,0,0,0.0,0.7185185185185184,25.762254901960784,1
0,0,0,61,1,1.0,1.0,1.0,1.0,1.0,1.0,1.0,0,89.65,5308.7,1,1,0,0,0,0,1,0,0,1,0,7.0,11.20625,1,1,0,0,0,0.0,1.445967741935484,58.562603419746274,3
0,1,0,15,1,1.0,0.0,0.0,0.0,0.0,0.0,0.0,1,51.1,711.15,1,1,0,0,1,0,0,0,0,1,0,1.0,25.55,0,0,0,0,1,0.0,3.19375,13.649712092130518,1
0,1,1,68,1,1.0,0.0,1.0,1.0,1.0,1.0,1.0,0,85.3,5560.0,1,1,0,0,0,0,1,1,0,0,0,6.0,12.185714285714285,1,1,1,0,0,0.0,1.236231884057971,64.42641946697567,3
0,1,1,13,1,0.0,0.0,1.0,1.0,1.0,0.0,0.0,0,61.8,750.1,0,1,0,0,1,0,0,1,0,0,0,3.0,15.45,0,0,1,0,0,0.0,4.414285714285714,11.944267515923567,1
1,0,0,5,1,0.0,0.0,0.0,0.0,0.0,0.0,1.0,0,78.95,378.4,1,0,1,0,1,0,0,0,0,1,0,1.0,39.475,1,0,0,1,1,1.0,13.158333333333333,4.732958098811757,0
1,1,0,16,1,1.0,0.0,0.0,1.0,0.0,1.0,1.0,1,98.75,1587.55,0,0,1,0,1,0,0,0,0,1,0,4.0,19.75,1,0,0,1,1,1.0,5.8088235294117645,15.915288220551378,1
0,0,0,2,1,0.0,0.0,0.0,0.0,0.0,0.0,0.0,0,45.85,81.0,0,1,0,0,1,0,0,0,0,0,1,0.0,45.85,0,0,0,0,0,0.0,15.283333333333333,1.7289220917822838,0
0,1,1,4,1,1.0,0.0,1.0,0.0,0.0,1.0,1.0,1,97.95,384.5,1,0,1,0,1,0,0,0,0,1,0,4.0,19.59,1,0,0,1,1,1.0,19.59,3.885800909550278,0
1,1,0,7,1,1.0,0.0,0.0,1.0,0.0,1.0,1.0,1,101.95,700.85,0,0,1,0,1,0,0,0,0,1,0,4.0,20.39,1,0,0,1,1,1.0,12.74375,6.807673627974745,0
0,0,0,1,0,0.0,0.0,0.0,0.0,0.0,0.0,0.0,0,25.85,25.85,1,1,0,0,0,1,0,0,0,0,1,0.0,25.85,0,1,0,0,0,0.0,12.925,0.962756052141527,0
0,1,1,23,1,0.0,0.0,0.0,0.0,0.0,0.0,0.0,0,20.4,478.75,1,0,0,1,0,0,1,1,0,0,0,0.0,20.4,0,1,1,0,0,0.0,0.85,22.371495327102807,1
0,1,0,9,1,0.0,0.0,1.0,1.0,1.0,1.0,0.0,1,94.85,890.6,0,0,1,0,1,0,0,0,0,0,1,4.0,18.97,1,0,0,1,0,0.0,9.485,9.291601460615546,0
1,1,1,60,1,0.0,1.0,1.0,1.0,1.0,0.0,1.0,1,74.85,4456.35,1,1,0,0,0,1,0,0,1,0,0,5.0,12.475,1,1,1,0,0,0.0,1.2270491803278687,58.75214238628874,2
0,1,0,71,1,1.0,1.0,1.0,1.0,1.0,1.0,1.0,0,89.3,6388.65,1,1,0,0,0,0,1,0,1,0,0,7.0,11.1625,1,1,1,0,0,0.0,1.2402777777777778,70.74916943521595,3
0,0,0,4,1,0.0,0.0,0.0,0.0,0.0,0.0,0.0,1,70.9,273.0,1,0,1,0,1,0,0,1,0,0,0,0.0,70.9,0,0,1,1,0,1.0,14.180000000000001,3.7969401947148813,0
0,1,1,67,0,0.0,1.0,1.0,1.0,1.0,1.0,0.0,0,54.2,3623.95,1,1,0,0,0,0,1,0,1,0,0,5.0,9.033333333333333,1,1,1,0,0,0.0,0.7970588235294118,65.65126811594202,3
0,1,1,33,1,1.0,1.0,0.0,1.0,0.0,1.0,1.0,1,103.7,3467.0,1,0,1,0,0,1,0,0,0,0,1,5.0,17.283333333333335,1,1,0,0,0,0.0,3.0500000000000003,33.11365807067813,1
1,1,0,8,1,1.0,0.0,0.0,0.0,0.0,0.0,1.0,1,84.0,613.4,1,0,1,0,1,0,0,0,0,1,0,2.0,28.0,1,0,0,1,1,1.0,9.333333333333334,7.2164705882352935,0
1,1,1,71,1,1.0,1.0,1.0,0.0,0.0,1.0,1.0,1,105.1,7548.1,0,0,1,0,1,0,0,0,1,0,0,5.0,17.516666666666666,1,0,1,1,0,0.0,1.4597222222222221,71.14137606032045,3
0,1,1,4,1,1.0,0.0,0.0,1.0,0.0,1.0,1.0,0,101.15,385.9,0,0,1,0,1,0,0,0,0,1,0,4.0,20.23,1,0,0,1,1,1.0,20.23,3.7777777777777772,0
0,0,0,3,1,0.0,0.0,0.0,0.0,0.0,1.0,0.0,0,55.15,159.15,0,1,0,0,1,0,0,0,0,0,1,1.0,27.575,1,0,0,0,0,0.0,13.7875,2.834372217275156,0
0,1,1,72,1,1.0,0.0,1.0,1.0,1.0,0.0,0.0,0,90.45,6565.85,0,0,1,0,0,0,1,1,0,0,0,4.0,18.09,0,1,1,0,0,0.0,1.239041095890411,71.79715691634773,3
0,0,1,25,1,0.0,0.0,0.0,0.0,0.0,0.0,0.0,0,20.05,471.7,1,0,0,1,1,0,0,0,1,0,0,0.0,20.05,0,0,1,0,0,0.0,0.7711538461538462,22.40855106888361,1
1,1,0,16,1,1.0,0.0,0.0,0.0,0.0,0.0,1.0,1,85.35,1375.15,1,0,1,0,1,0,0,0,1,0,0,2.0,28.45,1,0,1,1,0,1.0,5.020588235294118,15.925303995367692,1
1,1,0,72,1,1.0,1.0,1.0,1.0,0.0,0.0,1.0,1,102.65,7550.3,0,0,1,0,0,0,1,0,1,0,0,5.0,17.108333333333334,1,1,1,0,0,0.0,1.406164383561644,72.84418716835503,3
1,0,0,49,1,1.0,0.0,0.0,0.0,0.0,1.0,1.0,1,96.2,4718.25,0,0,1,0,1,0,0,0,0,1,0,3.0,24.05,1,0,0,1,1,1.0,1.9240000000000002,48.541666666666664,2
0,1,0,9,1,0.0,0.0,1.0,0.0,0.0,0.0,0.0,0,50.85,466.6,1,1,0,0,1,0,0,0,0,0,1,1.0,25.425,0,0,0,0,0,0.0,5.085,8.99903567984571,0
1,0,0,64,1,1.0,0.0,0.0,1.0,1.0,1.0,1.0,0,102.1,6688.1,0,0,1,0,0,1,0,0,0,1,0,5.0,17.016666666666666,1,1,0,0,0,0.0,1.5707692307692307,64.87002909796315,3
0,0,0,1,1,0.0,0.0,0.0,0.0,0.0,0.0,0.0,0,19.85,19.85,1,0,0,1,1,0,0,0,0,0,1,0.0,19.85,0,0,0,0,0,0.0,9.925,0.9520383693045563,0
0,0,0,56,1,1.0,0.0,1.0,0.0,1.0,1.0,1.0,1,105.45,5916.95,1,0,1,0,1,0,0,1,0,0,0,5.0,17.575,1,0,1,1,0,0.0,1.85,55.58431188351339,2
0,1,0,49,1,1.0,1.0,1.0,1.0,1.0,0.0,1.0,0,106.65,5174.35,1,0,1,0,0,0,1,0,1,0,0,6.0,15.235714285714286,1,1,1,0,0,0.0,2.133,48.0664189503019,2
1,0,0,2,1,1.0,0.0,0.0,1.0,0.0,0.0,0.0,1,78.55,149.55,1,0,1,0,1,0,0,0,0,1,0,2.0,26.183333333333334,0,0,0,1,1,1.0,26.183333333333334,1.8799497171590196,0
0,1,0,71,1,1.0,0.0,0.0,0.0,0.0,0.0,0.0,1,24.65,1710.15,1,0,0,1,0,0,1,1,0,0,0,1.0,12.325,0,1,1,0,0,0.0,0.3423611111111111,66.67251461988305,3
0,0,1,71,1,1.0,1.0,1.0,0.0,0.0,0.0,0.0,1,85.45,6028.95,0,0,1,0,0,1,0,0,1,0,0,3.0,21.3625,0,1,1,0,0,0.0,1.1868055555555557,69.73915558126085,3
0,1,1,31,1,1.0,0.0,0.0,0.0,0.0,0.0,0.0,0,25.75,755.6,0,0,0,1,0,0,1,0,0,0,1,1.0,12.875,0,1,0,0,0,0.0,0.8046875,28.246728971962618,1
0,0,0,6,1,1.0,0.0,0.0,0.0,1.0,0.0,1.0,1,87.95,522.35,0,0,1,0,1,0,0,1,0,0,0,3.0,21.9875,1,0,1,1,0,0.0,12.564285714285715,5.872400224845419,0
0,1,1,43,1,0.0,0.0,0.0,0.0,0.0,0.0,0.0,0,20.0,817.95,1,0,0,1,0,1,0,0,0,0,1,0.0,20.0,0,1,0,0,0,0.0,0.45454545454545453,38.95,2
0,0,0,40,0,0.0,1.0,0.0,0.0,1.0,1.0,1.0,1,54.55,2236.2,1,1,0,0,0,1,0,1,0,0,0,4.0,10.91,1,1,1,0,0,0.0,1.3304878048780486,40.255625562556254,2
0,1,1,28,1,1.0,0.0,1.0,0.0,0.0,0.0,1.0,0,64.4,1802.15,0,1,0,0,1,0,0,0,0,1,0,3.0,16.1,1,0,0,0,1,0.0,2.220689655172414,27.555810397553515,1
0,0,0,2,0,0.0,0.0,0.0,0.0,0.0,0.0,0.0,0,24.3,38.45,0,1,0,0,1,0,0,0,0,0,1,0.0,24.3,0,0,0,0,0,0.0,8.1,1.5197628458498025,0
0,0,0,14,1,0.0,0.0,0.0,0.0,0.0,0.0,0.0,1,71.0,914.0,1,0,1,0,1,0,0,0,1,0,0,0.0,71.0,0,0,1,1,0,1.0,4.733333333333333,12.694444444444445,1
0,0,0,1,1,0.0,1.0,0.0,0.0,0.0,0.0,0.0,1,48.55,48.55,0,1,0,0,1,0,0,0,0,0,1,1.0,24.275,0,0,0,0,0,0.0,24.275,0.9798183652875883,0
0,0,0,53,1,0.0,0.0,1.0,1.0,0.0,1.0,1.0,1,100.3,5200.8,1,0,1,0,0,1,0,0,0,0,1,4.0,20.06,1,1,0,0,0,1.0,1.8574074074074074,51.3405725567621,2
0,0,0,65,1,1.0,0.0,1.0,1.0,1.0,1.0,1.0,1,109.15,6941.2,0,0,1,0,1,0,0,0,0,1,0,6.0,15.592857142857143,1,0,0,1,1,0.0,1.6537878787878788,63.015887426236944,3
0,0,1,29,1,1.0,0.0,1.0,1.0,1.0,0.0,1.0,0,100.55,2830.45,0,0,1,0,0,1,0,0,1,0,0,5.0,16.758333333333333,1,1,1,0,0,0.0,3.3516666666666666,27.872476612506155,1
0,0,1,33,0,0.0,1.0,0.0,0.0,1.0,0.0,0.0,0,34.05,1113.95,0,1,0,0,0,1,0,0,1,0,0,2.0,11.35,0,1,1,0,0,0.0,1.0014705882352941,31.78174037089872,1
0,1,1,11,0,0.0,1.0,0.0,0.0,0.0,0.0,0.0,1,29.6,346.45,1,1,0,0,1,0,0,0,0,1,0,1.0,14.8,0,0,0,0,1,0.0,2.466666666666667,11.321895424836601,0
0,0,0,3,1,0.0,1.0,0.0,0.0,0.0,0.0,0.0,1,74.55,233.65,1,0,1,0,1,0,0,0,0,1,0,1.0,37.275,0,0,0,1,1,0.0,18.6375,3.092653871608207,0
0,0,1,68,1,1.0,1.0,1.0,0.0,1.0,1.0,1.0,1,86.5,5882.75,0,1,0,0,0,0,1,1,0,0,0,6.0,12.357142857142858,1,1,1,0,0,0.0,1.2536231884057971,67.23142857142857,3
0,1,1,65,1,1.0,0.0,0.0,0.0,0.0,0.0,0.0,0,24.75,1715.1,0,0,0,1,0,0,1,0,1,0,0,1.0,12.375,0,1,1,0,0,0.0,0.375,66.60582524271844,3
0,0,0,8,1,1.0,1.0,1.0,1.0,0.0,0.0,0.0,1,65.5,573.15,1,1,0,0,1,0,0,1,0,0,0,4.0,13.1,0,0,1,0,0,0.0,7.277777777777778,8.618796992481203,0
0,0,0,44,1,1.0,0.0,1.0,1.0,0.0,0.0,0.0,1,84.8,3862.55,1,0,1,0,1,0,0,1,0,0,0,3.0,21.2,0,0,1,1,0,1.0,1.8844444444444444,45.01806526806527,2
0,0,1,1,1,0.0,0.0,0.0,0.0,0.0,0.0,0.0,0,19.85,19.85,0,0,0,1,1,0,0,0,0,0,1,0.0,19.85,0,0,0,0,0,0.0,9.925,0.9520383693045563,0
1,0,0,5,1,0.0,0.0,0.0,1.0,0.0,1.0,0.0,1,84.85,415.55,1,0,1,0,1,0,0,0,0,0,1,2.0,28.28333333333333,1,0,0,1,0,1.0,14.141666666666666,4.840419336051252,0
0,1,1,30,1,1.0,1.0,1.0,0.0,0.0,1.0,0.0,1,94.4,2838.7,0,0,1,0,1,0,0,0,0,1,0,4.0,18.880000000000003,1,0,0,1,1,0.0,3.045161290322581,29.755765199161424,1
0,0,1,41,1,0.0,1.0,1.0,1.0,1.0,1.0,1.0,1,111.15,4507.15,0,0,1,0,0,0,1,0,0,1,0,6.0,15.87857142857143,1,1,0,0,0,0.0,2.6464285714285714,40.18858671422202,2
0,0,0,1,1,0.0,0.0,0.0,0.0,0.0,0.0,0.0,0,20.05,20.05,0,0,0,1,1,0,0,1,0,0,0,0.0,20.05,0,0,1,0,0,0.0,10.025,0.9524940617577197,0
0,1,0,51,1,0.0,1.0,1.0,0.0,1.0,0.0,0.0,1,60.5,3145.15,1,1,0,0,0,1,0,1,0,0,0,3.0,15.125,0,1,1,0,0,0.0,1.1634615384615385,51.140650406504065,2
0,1,0,14,1,1.0,0.0,0.0,0.0,0.0,0.0,1.0,1,85.15,1139.2,0,0,1,0,1,0,0,0,0,1,0,2.0,28.383333333333336,1,0,0,1,1,1.0,5.676666666666667,13.22344747533372,1
1,1,0,60,1,1.0,0.0,0.0,0.0,1.0,1.0,1.0,1,99.0,6017.9,0,0,1,0,1,0,0,0,0,1,0,4.0,19.8,1,0,0,1,1,0.0,1.6229508196721312,60.178999999999995,2
0,0,0,28,1,1.0,0.0,1.0,1.0,0.0,1.0,1.0,1,105.7,2979.5,0,0,1,0,1,0,0,0,0,1,0,5.0,17.616666666666667,1,0,0,1,1,1.0,3.6448275862068966,27.924086223055294,1
0,0,1,14,1,0.0,0.0,0.0,1.0,0.0,1.0,0.0,1,59.8,824.85,1,1,0,0,1,0,0,0,1,0,0,2.0,19.933333333333334,1,0,1,0,0,0.0,3.9866666666666664,13.566611842105264,1
0,0,0,5,1,0.0,0.0,1.0,0.0,0.0,0.0,0.0,1,74.65,383.65,0,0,1,0,1,0,0,0,0,1,0,1.0,37.325,0,0,0,1,1,1.0,12.441666666666668,5.071381361533377,0
0,0,0,38,1,0.0,0.0,0.0,0.0,0.0,0.0,0.0,0,20.05,678.2,1,0,0,1,0,1,0,0,0,0,1,0.0,20.05,0,1,0,0,0,0.0,0.5141025641025642,32.21852731591449,2
0,0,0,35,1,0.0,0.0,0.0,0.0,0.0,0.0,0.0,0,21.45,705.45,0,0,0,1,0,0,1,1,0,0,0,0.0,21.45,0,1,1,0,0,0.0,0.5958333333333333,31.423162583518934,1
0,0,0,1,1,0.0,0.0,0.0,0.0,0.0,1.0,0.0,1,79.5,79.5,0,0,1,0,1,0,0,0,0,1,0,1.0,39.75,1,0,0,1,1,1.0,39.75,0.9875776397515528,0
0,0,0,58,1,1.0,1.0,0.0,0.0,0.0,0.0,0.0,1,79.8,4526.85,1,0,1,0,1,0,0,1,0,0,0,2.0,26.599999999999998,0,0,1,1,0,0.0,1.352542372881356,56.02537128712872,2
0,0,0,47,1,0.0,1.0,1.0,0.0,1.0,0.0,0.0,1,58.9,2813.05,1,1,0,0,0,1,0,0,0,0,1,3.0,14.725,0,1,0,0,0,0.0,1.2270833333333333,46.962437395659435,2
0,0,0,29,1,1.0,0.0,0.0,1.0,0.0,1.0,1.0,0,100.55,2878.75,1,0,1,0,1,0,0,1,0,0,0,4.0,20.11,1,0,1,1,0,1.0,3.3516666666666666,28.348104382077796,1
0,1,0,41,1,0.0,1.0,1.0,1.0,0.0,1.0,1.0,1,104.45,4162.05,1,0,1,0,0,1,0,1,0,0,0,5.0,17.408333333333335,1,1,1,0,0,0.0,2.486904761904762,39.469416785206256,2
0,1,0,4,0,0.0,1.0,0.0,0.0,0.0,0.0,0.0,1,29.05,129.6,1,1,0,0,1,0,0,0,0,1,0,1.0,14.525,0,0,0,0,1,0.0,5.8100000000000005,4.312811980033278,0
0,1,0,72,1,1.0,1.0,1.0,1.0,1.0,1.0,1.0,1,116.95,8594.4,0,0,1,0,0,0,1,0,1,0,0,7.0,14.61875,1,1,1,0,0,0.0,1.6020547945205479,72.86477320898685,3
0,1,0,22,1,0.0,0.0,0.0,0.0,0.0,0.0,0.0,1,20.45,471.55,0,0,0,1,1,0,0,1,0,0,0,0.0,20.45,0,0,1,0,0,0.0,0.8891304347826087,21.983682983682986,1
0,1,0,65,1,0.0,0.0,0.0,0.0,0.0,0.0,0.0,1,20.4,1414.45,0,0,0,1,0,0,1,0,1,0,0,0.0,20.4,0,1,1,0,0,0.0,0.3090909090909091,66.09579439252337,3
0,1,0,25,0,0.0,0.0,0.0,1.0,0.0,1.0,0.0,1,38.1,970.4,0,1,0,0,0,1,0,0,1,0,0,2.0,12.700000000000001,1,1,1,0,0,0.0,1.4653846153846155,24.81841432225064,1
0,0,0,66,1,0.0,1.0,1.0,0.0,0.0,0.0,0.0,1,54.8,3465.7,0,1,0,0,0,1,0,0,0,0,1,2.0,18.266666666666666,0,1,0,0,0,0.0,0.817910447761194,62.10931899641577,3
0,1,0,69,1,1.0,0.0,0.0,0.0,0.0,0.0,0.0,0,24.25,1641.8,1,0,0,1,0,0,1,1,0,0,0,1.0,12.125,0,1,1,0,0,0.0,0.3464285714285714,65.02178217821782,3
0,0,0,56,1,1.0,0.0,0.0,0.0,0.0,0.0,0.0,0,24.9,1334.0,0,0,0,1,0,1,0,0,0,1,0,1.0,12.45,0,1,0,0,0,0.0,0.43684210526315786,51.50579150579151,2
0,0,0,38,1,0.0,1.0,1.0,0.0,1.0,1.0,0.0,0,70.6,2708.2,0,1,0,0,0,1,0,0,0,0,1,4.0,14.12,1,1,0,0,0,0.0,1.81025641025641,37.824022346368714,2
0,0,0,3,1,0.0,0.0,0.0,0.0,0.0,1.0,1.0,1,92.0,266.8,0,0,1,0,1,0,0,0,0,1,0,2.0,30.666666666666668,1,0,0,1,1,1.0,23.0,2.8688172043010756,0
0,1,1,71,1,1.0,0.0,0.0,0.0,0.0,0.0,0.0,0,23.9,1663.5,1,0,0,1,0,0,1,0,1,0,0,1.0,11.95,0,1,1,0,0,0.0,0.33194444444444443,66.80722891566265,3
0,0,0,72,1,0.0,1.0,1.0,1.0,1.0,1.0,0.0,1,75.1,5336.35,0,1,0,0,0,0,1,1,0,0,0,5.0,12.516666666666666,1,1,1,0,0,0.0,1.0287671232876712,70.122864651774,3
0,1,0,58,1,1.0,0.0,0.0,1.0,0.0,1.0,1.0,0,100.35,5681.1,0,0,1,0,0,1,0,0,1,0,0,4.0,20.07,1,1,1,0,0,1.0,1.7008474576271186,56.05426739023188,2
0,1,1,33,1,0.0,0.0,0.0,1.0,0.0,1.0,1.0,1,93.8,3124.5,1,0,1,0,0,1,0,0,0,1,0,3.0,23.45,1,1,0,0,0,1.0,2.7588235294117647,32.958860759493675,1
0,1,1,67,0,0.0,1.0,0.0,0.0,0.0,1.0,1.0,0,50.9,3281.65,0,1,0,0,0,0,1,0,1,0,0,3.0,12.725,1,1,1,0,0,0.0,0.7485294117647059,63.23025048169557,3
0,1,0,1,0,0.0,0.0,0.0,0.0,0.0,0.0,0.0,1,23.45,23.45,0,1,0,0,1,0,0,0,0,1,0,0.0,23.45,0,0,0,0,1,0.0,11.725,0.9591002044989775,0
1,0,0,5,1,0.0,0.0,0.0,0.0,0.0,1.0,1.0,1,89.5,477.7,0,0,1,0,1,0,0,0,0,1,0,2.0,29.833333333333332,1,0,0,1,1,1.0,14.916666666666666,5.278453038674033,0
0,0,0,22,1,1.0,1.0,0.0,0.0,0.0,1.0,1.0,1,100.75,2095.0,0,0,1,0,1,0,0,0,0,1,0,4.0,20.15,1,0,0,1,1,0.0,4.380434782608695,20.58968058968059,1
0,0,0,63,1,1.0,0.0,1.0,0.0,0.0,1.0,1.0,0,97.45,6253.0,1,0,1,0,0,0,1,1,0,0,0,4.0,19.490000000000002,1,1,1,0,0,1.0,1.52265625,63.514474352463175,3
0,1,1,72,1,1.0,1.0,0.0,1.0,1.0,1.0,1.0,1,83.55,6093.3,0,1,0,0,0,0,1,0,1,0,0,6.0,11.935714285714285,1,1,1,0,0,0.0,1.1445205479452054,72.06741573033709,3
0,1,1,71,1,0.0,1.0,0.0,1.0,1.0,1.0,1.0,1,82.0,5999.85,1,1,0,0,0,0,1,0,1,0,0,5.0,13.666666666666666,1,1,1,0,0,0.0,1.1388888888888888,72.28734939759036,3
0,1,1,29,0,0.0,1.0,1.0,1.0,1.0,0.0,1.0,1,55.35,1636.95,0,1,0,0,0,1,0,0,1,0,0,5.0,9.225,1,1,1,0,0,0.0,1.845,29.049689440993788,1
0,0,0,25,0,0.0,0.0,0.0,1.0,0.0,1.0,1.0,1,48.25,1293.8,1,1,0,0,1,0,0,0,0,1,0,3.0,12.0625,1,0,0,0,1,0.0,1.8557692307692308,26.27005076142132,1
1,0,0,27,1,1.0,0.0,0.0,1.0,0.0,0.0,1.0,0,88.3,2467.75,1,0,1,0,1,0,0,0,1,0,0,3.0,22.075,1,0,1,1,0,1.0,3.1535714285714285,27.63437849944009,1
0,1,0,70,1,1.0,0.0,0.0,1.0,1.0,1.0,1.0,1,104.3,7188.5,1,0,1,0,0,0,1,1,0,0,0,5.0,17.383333333333333,1,1,1,0,0,0.0,1.4690140845070423,68.26685660018994,3
0,1,0,5,1,1.0,0.0,1.0,0.0,1.0,0.0,0.0,1,85.4,401.1,0,0,1,0,1,0,0,0,0,1,0,3.0,21.35,0,0,0,1,1,0.0,14.233333333333334,4.642361111111111,0
0,1,1,13,0,0.0,1.0,1.0,0.0,1.0,0.0,0.0,0,40.55,590.35,0,1,0,0,0,0,1,0,0,0,1,3.0,10.1375,0,1,0,0,0,0.0,2.8964285714285714,14.208182912154033,1
0,1,1,31,1,1.0,0.0,0.0,0.0,0.0,0.0,1.0,0,59.7,1825.5,0,1,0,0,1,0,0,1,0,0,0,2.0,19.900000000000002,1,0,1,0,0,0.0,1.865625,30.074135090609555,1
0,1,0,59,1,0.0,0.0,1.0,0.0,1.0,1.0,1.0,1,100.05,6034.85,1,0,1,0,0,0,1,0,0,0,1,4.0,20.009999999999998,1,1,0,0,0,0.0,1.6675,59.72142503711034,2
0,1,0,70,1,1.0,1.0,0.0,1.0,1.0,0.0,1.0,0,77.3,5498.2,0,1,0,0,0,0,1,0,1,0,0,5.0,12.883333333333333,1,1,1,0,0,0.0,1.088732394366197,70.21966794380587,3
0,0,0,1,1,0.0,0.0,0.0,0.0,0.0,0.0,0.0,1,44.95,44.95,0,1,0,0,1,0,0,0,0,0,1,0.0,44.95,0,0,0,0,0,0.0,22.475,0.9782372143634385,0
0,0,0,39,1,0.0,1.0,0.0,1.0,1.0,1.0,0.0,1,95.55,3692.85,1,0,1,0,0,1,0,0,0,1,0,4.0,19.11,1,1,0,0,0,0.0,2.38875,38.24805800103573,2
0,1,1,72,1,0.0,1.0,0.0,1.0,1.0,1.0,1.0,1,104.9,7559.55,0,0,1,0,0,0,1,0,1,0,0,5.0,17.483333333333334,1,1,1,0,0,0.0,1.4369863013698632,71.38385269121812,3
0,0,0,12,1,0.0,0.0,0.0,0.0,0.0,0.0,0.0,0,19.45,246.25,1,0,0,1,1,0,0,0,0,0,1,0.0,19.45,0,0,0,0,0,0.0,1.4961538461538462,12.04156479217604,0
0,1,0,64,1,1.0,0.0,1.0,1.0,1.0,1.0,1.0,1,111.15,6953.4,1,0,1,0,1,0,0,0,0,1,0,6.0,15.87857142857143,1,0,0,1,1,0.0,1.7100000000000002,62.000891662951396,3
0,0,1,1,0,0.0,0.0,0.0,0.0,0.0,0.0,0.0,0,24.75,24.75,0,1,0,0,1,0,0,0,0,1,0,0.0,24.75,0,0,0,0,1,0.0,12.375,0.9611650485436893,0
0,0,0,3,1,0.0,0.0,0.0,0.0,0.0,0.0,0.0,1,20.25,61.45,0,0,0,1,1,0,0,0,0,1,0,0.0,20.25,0,0,0,0,1,0.0,5.0625,2.8917647058823532,0
0,0,0,11,1,1.0,0.0,0.0,0.0,0.0,0.0,0.0,0,75.25,888.65,1,0,1,0,1,0,0,0,0,1,0,1.0,37.625,0,0,0,1,1,1.0,6.270833333333333,11.654426229508196,0
1,0,0,4,1,1.0,0.0,0.0,0.0,0.0,0.0,0.0,1,74.45,294.45,1,0,1,0,1,0,0,0,0,1,0,1.0,37.225,0,0,0,1,1,1.0,14.89,3.9025844930417493,0
1,1,0,72,0,0.0,1.0,1.0,1.0,1.0,1.0,1.0,1,64.45,4641.1,0,1,0,0,0,0,1,0,1,0,0,6.0,9.207142857142857,1,1,1,0,0,0.0,0.8828767123287672,70.91061879297173,3
0,1,1,71,1,0.0,0.0,0.0,1.0,0.0,0.0,0.0,0,76.05,5436.45,1,0,1,0,0,0,1,0,0,1,0,1.0,38.025,0,1,0,0,0,1.0,1.05625,70.55743024010383,3
0,1,1,31,1,0.0,0.0,0.0,0.0,0.0,0.0,0.0,1,19.55,658.95,1,0,0,1,1,0,0,0,0,0,1,0.0,19.55,0,0,0,0,0,0.0,0.6109375,32.065693430656935,1
0,1,1,43,1,0.0,0.0,0.0,0.0,0.0,0.0,0.0,1,19.2,776.25,0,0,0,1,0,1,0,0,0,0,1,0.0,19.2,0,1,0,0,0,0.0,0.43636363636363634,38.42821782178218,2
1,1,0,65,1,1.0,0.0,1.0,1.0,0.0,1.0,1.0,1,104.35,6578.55,0,0,1,0,1,0,0,0,0,1,0,5.0,17.391666666666666,1,0,0,1,1,1.0,1.581060606060606,62.44470811580447,3
0,1,1,49,1,1.0,0.0,1.0,0.0,0.0,1.0,1.0,1,98.35,4889.2,1,0,1,0,1,0,0,0,0,1,0,4.0,19.669999999999998,1,0,0,1,1,1.0,1.9669999999999999,49.21187720181178,2
0,1,0,43,1,0.0,0.0,0.0,0.0,0.0,1.0,0.0,1,56.35,2391.15,0,1,0,0,0,1,0,0,0,0,1,1.0,28.175,1,1,0,0,0,0.0,1.2806818181818183,41.693984306887536,2
1,1,0,21,1,1.0,0.0,1.0,1.0,0.0,0.0,1.0,0,71.7,1497.05,1,1,0,0,0,1,0,1,0,0,0,4.0,14.34,1,1,1,0,0,0.0,3.2590909090909093,20.592159559834936,1
0,0,0,20,1,0.0,0.0,0.0,0.0,0.0,0.0,0.0,1,18.9,347.65,1,0,0,1,1,0,0,0,1,0,0,0.0,18.9,0,0,1,0,0,0.0,0.8999999999999999,17.469849246231156,1
0,0,0,9,1,1.0,0.0,0.0,0.0,0.0,0.0,0.0,1,74.75,706.6,1,0,1,0,1,0,0,0,0,1,0,1.0,37.375,0,0,0,1,1,1.0,7.475,9.328052805280528,0
1,0,0,35,1,1.0,0.0,0.0,1.0,0.0,1.0,1.0,1,101.4,3496.3,0,0,1,0,1,0,0,0,0,1,0,4.0,20.28,1,0,0,1,1,1.0,2.816666666666667,34.1435546875,1
0,1,0,68,1,1.0,1.0,1.0,1.0,1.0,0.0,0.0,0,70.9,4911.35,1,1,0,0,0,0,1,0,1,0,0,5.0,11.816666666666668,0,1,1,0,0,0.0,1.027536231884058,68.30806675938804,3
1,1,0,69,1,1.0,0.0,1.0,0.0,0.0,1.0,0.0,1,89.95,6143.15,0,0,1,0,1,0,0,0,0,1,0,3.0,22.4875,1,0,0,1,1,1.0,1.2850000000000001,67.54425508521165,3
0,0,1,10,1,1.0,0.0,0.0,0.0,0.0,1.0,1.0,0,95.2,930.4,0,0,1,0,1,0,0,0,0,1,0,3.0,23.8,1,0,0,1,1,1.0,8.654545454545454,9.671517671517671,0
0,1,1,59,1,0.0,0.0,0.0,0.0,0.0,0.0,0.0,0,19.5,1222.65,1,0,0,1,0,0,1,0,1,0,0,0.0,19.5,0,1,1,0,0,0.0,0.325,59.64146341463415,2
0,0,0,15,0,0.0,0.0,0.0,1.0,0.0,1.0,1.0,0,50.75,688.2,0,1,0,0,0,1,0,0,0,1,0,3.0,12.6875,1,1,0,0,0,0.0,3.171875,13.298550724637682,1
0,0,0,11,1,1.0,0.0,0.0,0.0,1.0,1.0,0.0,0,90.15,987.95,1,0,1,0,1,0,0,0,0,1,0,3.0,22.5375,1,0,0,1,1,0.0,7.5125,10.838727372462973,0
0,0,0,3,1,0.0,0.0,0.0,0.0,0.0,1.0,0.0,1,78.5,242.05,0,0,1,0,1,0,0,0,0,1,0,1.0,39.25,1,0,0,1,1,1.0,19.625,3.0446540880503146,0
0,0,0,30,1,1.0,0.0,1.0,1.0,0.0,1.0,0.0,1,68.95,2038.7,1,1,0,0,0,1,0,0,1,0,0,4.0,13.790000000000001,1,1,1,0,0,0.0,2.2241935483870967,29.14510364546104,1
1,1,0,18,1,0.0,1.0,0.0,0.0,0.0,0.0,1.0,1,59.1,1011.05,0,1,0,0,1,0,0,0,1,0,0,2.0,19.7,1,0,1,0,0,0.0,3.110526315789474,16.822795341098168,1
0,1,1,1,1,0.0,0.0,0.0,0.0,0.0,0.0,0.0,0,19.65,19.65,0,0,0,1,0,1,0,0,0,0,1,0.0,19.65,0,1,0,0,0,0.0,9.825,0.9515738498789347,0
0,0,1,46,1,1.0,0.0,0.0,1.0,1.0,0.0,0.0,1,84.8,3958.85,1,0,1,0,1,0,0,1,0,0,0,3.0,21.2,0,0,1,1,0,0.0,1.804255319148936,46.14044289044289,2
0,0,0,3,0,0.0,0.0,0.0,0.0,0.0,1.0,0.0,1,34.8,113.95,1,1,0,0,1,0,0,0,1,0,0,1.0,17.4,1,0,1,0,0,0.0,8.7,3.182960893854749,0
0,1,1,32,1,1.0,1.0,0.0,0.0,0.0,1.0,1.0,1,99.55,3204.65,0,0,1,0,1,0,0,0,1,0,0,4.0,19.91,1,0,1,1,0,0.0,3.0166666666666666,31.871208354052712,1
0,1,1,47,1,1.0,0.0,0.0,1.0,1.0,1.0,1.0,1,107.35,5118.95,0,0,1,0,1,0,0,1,0,0,0,5.0,17.891666666666666,1,0,1,1,0,0.0,2.236458333333333,47.24457775726811,2
0,1,1,63,1,1.0,0.0,1.0,1.0,0.0,1.0,1.0,1,104.8,6597.25,0,0,1,0,0,0,1,1,0,0,0,5.0,17.466666666666665,1,1,1,0,0,1.0,1.6375,62.35586011342155,3
1,1,1,56,1,1.0,1.0,0.0,1.0,0.0,1.0,1.0,1,104.55,5794.65,0,0,1,0,0,1,0,1,0,0,0,5.0,17.425,1,1,1,0,0,0.0,1.8342105263157895,54.89957366177167,2
0,0,0,1,1,0.0,0.0,0.0,1.0,0.0,1.0,1.0,0,94.4,94.4,1,0,1,0,1,0,0,0,0,1,0,3.0,23.6,1,0,0,1,1,1.0,47.2,0.989517819706499,0
0,1,1,71,1,1.0,1.0,1.0,1.0,1.0,1.0,1.0,1,116.05,8297.5,0,0,1,0,0,0,1,1,0,0,0,7.0,14.50625,1,1,1,0,0,0.0,1.6118055555555555,70.88850918410935,3
0,1,1,26,1,1.0,0.0,0.0,0.0,0.0,1.0,0.0,1,83.75,2070.6,0,0,1,0,1,0,0,0,0,1,0,2.0,27.916666666666668,1,0,0,1,1,1.0,3.1018518518518516,24.431858407079645,1
1,1,1,28,0,0.0,0.0,1.0,0.0,0.0,0.0,1.0,1,39.1,1096.6,1,1,0,0,0,1,0,0,0,1,0,2.0,13.033333333333333,1,1,0,0,0,0.0,1.3482758620689657,27.34663341645885,1
0,1,0,1,1,0.0,0.0,0.0,0.0,0.0,0.0,0.0,0,70.0,70.0,0,0,1,0,1,0,0,0,0,1,0,0.0,70.0,0,0,0,1,1,1.0,35.0,0.9859154929577465,0
1,1,1,1,1,0.0,0.0,0.0,0.0,1.0,0.0,0.0,1,49.25,49.25,0,1,0,0,1,0,0,0,1,0,0,1.0,24.625,0,0,1,0,0,0.0,24.625,0.9800995024875622,0
0,1,0,21,1,0.0,0.0,0.0,0.0,0.0,1.0,0.0,0,54.6,1125.2,0,1,0,0,1,0,0,1,0,0,0,1.0,27.3,1,0,1,0,0,0.0,2.481818181818182,20.237410071942445,1
0,1,1,62,1,1.0,0.0,1.0,0.0,1.0,1.0,1.0,1,106.05,6703.5,1,0,1,0,0,1,0,0,1,0,0,5.0,17.675,1,1,1,0,0,0.0,1.6833333333333333,62.620270901447924,3
0,1,0,72,1,1.0,1.0,1.0,0.0,0.0,0.0,1.0,1,94.45,6921.7,1,0,1,0,0,0,1,0,1,0,0,4.0,18.89,1,1,1,0,0,0.0,1.2938356164383562,72.5165007857517,3
0,1,0,9,0,0.0,0.0,0.0,0.0,1.0,1.0,0.0,0,40.65,328.95,0,1,0,0,1,0,0,0,0,0,1,2.0,13.549999999999999,1,0,0,0,0,0.0,4.0649999999999995,7.8979591836734695,0
1,0,0,64,0,0.0,0.0,1.0,0.0,1.0,1.0,0.0,1,43.85,2751.0,1,1,0,0,1,0,0,0,0,1,0,3.0,10.9625,1,0,0,0,1,0.0,0.6746153846153846,61.337792642140464,3
0,0,0,52,1,0.0,0.0,0.0,0.0,0.0,0.0,0.0,0,20.65,1022.95,1,0,0,1,0,1,0,0,0,0,1,0.0,20.65,0,1,0,0,0,0.0,0.38962264150943393,47.24942263279446,2
1,0,0,47,1,1.0,0.0,1.0,0.0,1.0,1.0,0.0,1,95.05,4504.55,1,0,1,0,1,0,0,0,0,1,0,4.0,19.009999999999998,1,0,0,1,1,0.0,1.9802083333333333,46.89796980739199,2
0,1,0,58,1,1.0,1.0,1.0,1.0,0.0,1.0,1.0,1,109.45,6144.55,1,0,1,0,0,0,1,1,0,0,0,6.0,15.635714285714286,1,1,1,0,0,0.0,1.855084745762712,55.63196016296967,2
0,1,1,38,1,1.0,0.0,1.0,1.0,0.0,1.0,1.0,0,78.95,2862.55,0,1,0,0,0,1,0,0,1,0,0,5.0,13.158333333333333,1,1,1,0,0,0.0,2.0243589743589743,35.80425265791119,2
0,1,1,65,1,0.0,0.0,0.0,0.0,0.0,0.0,0.0,1,19.85,1267.05,0,0,0,1,0,0,1,0,1,0,0,0.0,19.85,0,1,1,0,0,0.0,0.3007575757575758,60.769784172661865,3
0,0,0,16,1,1.0,0.0,1.0,1.0,0.0,0.0,1.0,1,95.6,1555.65,1,0,1,0,1,0,0,0,1,0,0,4.0,19.119999999999997,1,0,1,1,0,1.0,5.623529411764705,16.10403726708075,1
0,1,0,1,1,0.0,0.0,0.0,0.0,1.0,1.0,0.0,1,84.8,84.8,0,0,1,0,1,0,0,0,0,1,0,2.0,28.266666666666666,1,0,0,1,1,0.0,42.4,0.9883449883449883,0
0,0,0,37,1,0.0,0.0,0.0,0.0,0.0,0.0,0.0,0,20.15,785.75,0,0,0,1,0,1,0,0,1,0,0,0.0,20.15,0,1,1,0,0,0.0,0.5302631578947368,37.15130023640662,2
1,0,0,17,1,0.0,0.0,1.0,1.0,0.0,1.0,1.0,1,101.8,1752.45,0,0,1,0,1,0,0,0,0,1,0,4.0,20.36,1,0,0,1,1,1.0,5.655555555555555,17.04717898832685,1
1,1,0,58,1,1.0,0.0,0.0,1.0,0.0,1.0,1.0,1,98.7,5812.6,0,0,1,0,1,0,0,0,0,1,0,4.0,19.740000000000002,1,0,0,1,1,1.0,1.6728813559322033,58.300902708124376,2
0,0,0,59,1,0.0,0.0,0.0,0.0,0.0,0.0,0.0,0,19.35,1099.6,0,0,0,1,0,0,1,0,0,0,1,0.0,19.35,0,1,0,0,0,0.0,0.3225,54.03439803439802,2
0,0,0,1,1,0.0,0.0,0.0,0.0,0.0,0.0,0.0,0,70.9,70.9,1,0,1,0,1,0,0,0,0,0,1,0.0,70.9,0,0,0,1,0,1.0,35.45,0.9860917941585535,0
0,1,0,62,1,1.0,1.0,1.0,0.0,1.0,1.0,1.0,1,84.95,5150.55,1,1,0,0,0,0,1,0,0,1,0,6.0,12.135714285714286,1,1,0,0,0,0.0,1.3484126984126985,59.924956369982546,3
0,0,0,7,1,0.0,0.0,0.0,0.0,0.0,0.0,0.0,1,69.9,497.3,1,0,1,0,1,0,0,0,0,0,1,0.0,69.9,0,0,0,1,0,1.0,8.7375,7.01410437235543,0
0,1,1,53,1,1.0,1.0,1.0,0.0,0.0,0.0,1.0,0,69.7,3686.05,0,1,0,0,0,0,1,1,0,0,0,4.0,13.940000000000001,1,1,1,0,0,0.0,1.2907407407407407,52.13649222065064,2
0,1,0,71,1,1.0,0.0,1.0,0.0,1.0,1.0,1.0,1,104.15,7365.3,0,0,1,0,0,0,1,0,1,0,0,5.0,17.358333333333334,1,1,1,0,0,0.0,1.4465277777777779,70.0456490727532,3
0,1,0,69,1,0.0,1.0,1.0,1.0,1.0,1.0,1.0,1,84.7,5878.9,0,1,0,0,0,0,1,0,0,0,1,6.0,12.1,1,1,0,0,0,0.0,1.21,68.59859976662777,3
0,1,1,72,1,0.0,0.0,0.0,0.0,0.0,0.0,0.0,0,20.1,1460.85,1,0,0,1,0,0,1,1,0,0,0,0.0,20.1,0,1,1,0,0,0.0,0.2753424657534247,69.2345971563981,3
0,1,1,62,1,0.0,0.0,0.0,0.0,0.0,0.0,0.0,0,20.45,1297.35,0,0,0,1,0,0,1,1,0,0,0,0.0,20.45,0,1,1,0,0,0.0,0.3246031746031746,60.48251748251748,3
0,1,0,60,1,0.0,1.0,0.0,0.0,0.0,1.0,0.0,1,59.8,3561.15,0,1,0,0,0,1,0,0,0,0,1,2.0,19.933333333333334,1,1,0,0,0,0.0,0.9803278688524589,58.57154605263158,2
0,0,0,9,1,0.0,1.0,0.0,0.0,1.0,0.0,1.0,0,64.95,547.8,0,1,0,0,1,0,0,0,0,0,1,3.0,16.2375,1,0,0,0,0,0.0,6.495,8.306292645943897,0
0,1,0,2,1,0.0,0.0,0.0,0.0,0.0,0.0,0.0,1,45.0,89.75,1,1,0,0,1,0,0,0,0,1,0,0.0,45.0,0,0,0,0,1,0.0,15.0,1.951086956521739,0
0,0,0,46,0,0.0,0.0,0.0,1.0,1.0,0.0,0.0,0,33.7,1537.85,0,1,0,0,0,1,0,0,1,0,0,2.0,11.233333333333334,0,1,1,0,0,0.0,0.7170212765957448,44.31844380403457,2
0,1,1,50,1,1.0,0.0,0.0,0.0,0.0,1.0,0.0,1,84.4,4116.15,1,0,1,0,1,0,0,1,0,0,0,2.0,28.133333333333336,1,0,1,1,0,1.0,1.6549019607843138,48.198477751756435,2
0,0,0,3,1,0.0,0.0,0.0,0.0,0.0,0.0,0.0,0,20.2,65.95,1,0,0,1,1,0,0,0,0,1,0,0.0,20.2,0,0,0,0,1,0.0,5.05,3.1108490566037736,0
0,0,1,39,1,0.0,0.0,0.0,0.0,0.0,0.0,0.0,0,19.35,779.2,0,0,0,1,0,1,0,1,0,0,0,0.0,19.35,0,1,1,0,0,0.0,0.48375,38.28992628992629,2
0,0,0,29,0,0.0,0.0,1.0,0.0,0.0,0.0,0.0,1,30.6,856.35,1,1,0,0,1,0,0,0,0,1,0,1.0,15.3,0,0,0,0,1,0.0,1.02,27.099683544303797,1
1,0,0,24,1,1.0,0.0,1.0,0.0,0.0,0.0,0.0,1,80.5,2088.45,0,0,1,0,1,0,0,0,0,1,0,2.0,26.833333333333332,0,0,0,1,1,1.0,3.22,25.625153374233125,1
1,1,0,20,1,0.0,0.0,1.0,0.0,0.0,0.0,0.0,1,73.65,1463.5,0,0,1,0,1,0,0,0,0,1,0,1.0,36.825,0,0,0,1,1,1.0,3.5071428571428576,19.604822505023442,1
1,0,0,4,1,1.0,0.0,0.0,0.0,0.0,1.0,1.0,1,95.45,396.1,1,0,1,0,1,0,0,0,0,1,0,3.0,23.8625,1,0,0,1,1,1.0,19.09,4.106791083462935,0
1,0,0,31,1,1.0,0.0,1.0,0.0,0.0,1.0,0.0,1,90.7,2845.15,0,0,1,0,1,0,0,0,0,1,0,3.0,22.675,1,0,0,1,1,1.0,2.834375,31.02671755725191,1
0,0,0,1,1,0.0,0.0,0.0,0.0,0.0,0.0,1.0,1,80.8,80.8,0,0,1,0,1,0,0,0,0,1,0,1.0,40.4,1,0,0,1,1,1.0,40.4,0.9877750611246944,0
0,1,1,67,0,0.0,0.0,1.0,1.0,1.0,1.0,1.0,1,59.55,4103.9,1,1,0,0,0,0,1,0,0,1,0,5.0,9.924999999999999,1,1,0,0,0,0.0,0.8757352941176471,67.77704376548307,3
0,1,1,68,1,1.0,0.0,1.0,1.0,1.0,0.0,1.0,1,75.8,5293.95,0,1,0,0,0,1,0,1,0,0,0,5.0,12.633333333333333,1,1,1,0,0,0.0,1.098550724637681,68.931640625,3
1,1,0,32,1,0.0,0.0,0.0,0.0,0.0,0.0,1.0,1,80.3,2483.05,0,0,1,0,1,0,0,0,1,0,0,1.0,40.15,1,0,1,1,0,1.0,2.433333333333333,30.541820418204185,1
0,1,1,42,0,0.0,0.0,1.0,1.0,0.0,0.0,1.0,1,45.1,2049.05,0,1,0,0,0,1,0,0,1,0,0,3.0,11.275,1,1,1,0,0,0.0,1.0488372093023257,44.447939262472886,2
0,0,0,68,1,1.0,1.0,0.0,0.0,0.0,0.0,0.0,0,54.45,3687.75,1,1,0,0,1,0,0,0,0,0,1,2.0,18.150000000000002,0,0,0,0,0,0.0,0.7891304347826087,66.5058611361587,3
0,0,0,5,1,1.0,0.0,0.0,0.0,0.0,0.0,0.0,1,75.9,357.75,0,0,1,0,1,0,0,1,0,0,0,1.0,37.95,0,0,1,1,0,1.0,12.65,4.652145643693108,0
0,1,1,67,1,1.0,1.0,1.0,0.0,1.0,0.0,0.0,0,89.55,6038.55,0,0,1,0,0,1,0,0,0,1,0,4.0,17.91,0,1,0,0,0,0.0,1.3169117647058823,66.68746548868029,3
0,0,0,26,1,1.0,0.0,0.0,1.0,0.0,0.0,0.0,1,80.7,2193.0,1,0,1,0,1,0,0,0,0,1,0,2.0,26.900000000000002,0,0,0,1,1,1.0,2.988888888888889,26.842105263157894,1
0,0,0,40,0,0.0,1.0,1.0,1.0,0.0,1.0,1.0,0,62.05,2511.55,0,1,0,0,0,1,0,0,1,0,0,5.0,10.341666666666667,1,1,1,0,0,0.0,1.5134146341463415,39.83425852498018,2
0,0,0,21,1,0.0,0.0,0.0,0.0,0.0,0.0,0.0,0,19.6,390.4,0,0,0,1,0,0,1,0,0,0,1,0.0,19.6,0,1,0,0,0,0.0,0.890909090909091,18.95145631067961,1
0,1,1,26,0,0.0,1.0,1.0,0.0,1.0,0.0,0.0,0,38.85,1025.15,1,1,0,0,1,0,0,0,1,0,0,3.0,9.7125,0,0,1,0,0,0.0,1.4388888888888889,25.725219573400253,1
0,0,0,56,0,0.0,0.0,0.0,0.0,0.0,1.0,1.0,1,44.85,2564.95,1,1,0,0,1,0,0,0,1,0,0,2.0,14.950000000000001,1,0,1,0,0,0.0,0.7868421052631579,55.9422028353326,2
0,0,0,23,1,0.0,0.0,0.0,0.0,0.0,0.0,0.0,0,20.85,473.9,0,0,0,1,1,0,0,0,0,1,0,0.0,20.85,0,0,0,0,1,0.0,0.86875,21.688787185354688,1
0,1,1,13,1,0.0,0.0,0.0,0.0,0.0,0.0,0.0,0,20.85,272.35,1,0,0,1,0,0,1,0,0,0,1,0.0,20.85,0,1,0,0,0,0.0,1.4892857142857143,12.464530892448513,1
0,0,0,1,1,1.0,0.0,1.0,0.0,1.0,0.0,0.0,0,60.1,60.1,0,1,0,0,1,0,0,0,0,0,1,3.0,15.025,0,0,0,0,0,0.0,30.05,0.983633387888707,0
0,0,0,7,1,0.0,0.0,0.0,0.0,1.0,1.0,1.0,1,70.75,450.8,1,1,0,0,1,0,0,0,1,0,0,3.0,17.6875,1,0,1,0,0,0.0,8.84375,6.282926829268293,0
0,0,0,11,1,0.0,0.0,0.0,0.0,0.0,0.0,0.0,0,70.2,760.05,0,0,1,0,1,0,0,0,0,1,0,0.0,70.2,0,0,0,1,1,1.0,5.8500000000000005,10.674859550561797,0
0,0,0,72,1,1.0,1.0,1.0,1.0,1.0,1.0,1.0,1,112.75,8192.6,1,0,1,0,0,0,1,0,1,0,0,7.0,14.09375,1,1,1,0,0,0.0,1.5445205479452055,72.02285714285715,3
0,1,0,62,0,0.0,0.0,0.0,0.0,1.0,1.0,0.0,1,39.0,2337.45,0,1,0,0,0,0,1,1,0,0,0,2.0,13.0,1,1,1,0,0,0.0,0.6190476190476191,58.436249999999994,3
0,1,0,72,1,1.0,0.0,0.0,0.0,0.0,0.0,0.0,0,25.4,1710.9,0,0,0,1,0,0,1,0,0,0,1,1.0,12.7,0,1,0,0,0,0.0,0.347945205479452,64.80681818181819,3
0,0,1,10,1,1.0,1.0,0.0,1.0,1.0,0.0,1.0,0,73.55,693.3,1,1,0,0,0,1,0,0,1,0,0,5.0,12.258333333333333,1,1,1,0,0,0.0,6.6863636363636365,9.299798792756539,0
1,1,0,3,1,0.0,0.0,1.0,0.0,0.0,0.0,0.0,1,74.6,239.05,1,0,1,0,1,0,0,1,0,0,0,1.0,37.3,0,0,1,1,0,1.0,18.65,3.1620370370370376,0
0,0,0,3,1,0.0,0.0,0.0,1.0,0.0,0.0,0.0,1,74.75,238.1,1,0,1,0,1,0,0,0,0,0,1,1.0,37.375,0,0,0,1,0,1.0,18.6875,3.143234323432343,0
0,1,0,29,1,1.0,0.0,1.0,0.0,0.0,0.0,0.0,1,80.15,2265.25,0,0,1,0,1,0,0,1,0,0,0,2.0,26.71666666666667,0,0,1,1,0,1.0,2.671666666666667,27.914356130622302,1
0,0,0,1,1,0.0,0.0,0.0,0.0,0.0,0.0,0.0,0,20.45,20.45,0,0,0,1,0,0,1,0,0,0,1,0.0,20.45,0,1,0,0,0,0.0,10.225,0.9533799533799534,0
0,0,0,11,1,0.0,0.0,0.0,0.0,0.0,0.0,0.0,0,20.0,211.95,1,0,0,1,0,1,0,0,0,0,1,0.0,20.0,0,1,0,0,0,0.0,1.6666666666666667,10.092857142857142,0
0,0,0,10,1,1.0,0.0,0.0,0.0,0.0,0.0,0.0,1,24.0,226.55,0,0,0,1,1,0,0,0,0,1,0,1.0,12.0,0,0,0,0,1,0.0,2.1818181818181817,9.062000000000001,0
0,1,1,12,1,0.0,0.0,0.0,0.0,0.0,0.0,0.0,1,20.1,232.4,1,0,0,1,1,0,0,0,1,0,0,0.0,20.1,0,0,1,0,0,0.0,1.5461538461538462,11.014218009478672,0
0,0,0,6,1,0.0,0.0,0.0,0.0,0.0,0.0,1.0,1,55.0,340.4,1,1,0,0,1,0,0,0,0,1,0,1.0,27.5,1,0,0,0,1,0.0,7.857142857142857,6.078571428571428,0
0,0,1,1,1,0.0,0.0,0.0,0.0,0.0,1.0,0.0,1,79.35,79.35,1,0,1,0,1,0,0,0,0,1,0,1.0,39.675,1,0,0,1,1,1.0,39.675,0.9875544492843809,0
0,0,0,40,1,1.0,0.0,0.0,0.0,0.0,0.0,0.0,1,24.6,973.95,0,0,0,1,0,0,1,0,0,0,1,1.0,12.3,0,1,0,0,0,0.0,0.6000000000000001,38.044921875,2
0,0,0,15,1,1.0,0.0,1.0,0.0,0.0,0.0,0.0,1,79.75,1111.85,1,0,1,0,1,0,0,0,0,1,0,2.0,26.583333333333332,0,0,0,1,1,1.0,4.984375,13.769040247678017,1
0,1,0,71,1,0.0,1.0,0.0,1.0,1.0,1.0,1.0,0,81.85,5924.4,1,1,0,0,0,0,1,1,0,0,0,5.0,13.641666666666666,1,1,1,0,0,0.0,1.1368055555555554,71.50754375377188,3
0,1,0,32,1,1.0,0.0,0.0,0.0,1.0,0.0,0.0,1,79.25,2619.15,0,0,1,0,0,1,0,0,0,1,0,2.0,26.416666666666668,0,1,0,0,0,0.0,2.4015151515151514,32.63738317757009,1
0,1,0,67,1,1.0,0.0,1.0,1.0,0.0,0.0,1.0,1,93.15,6368.2,0,0,1,0,0,0,1,0,0,1,0,4.0,18.630000000000003,1,1,0,0,0,1.0,1.3698529411764706,67.63887413701539,3
0,0,0,1,1,0.0,0.0,0.0,0.0,0.0,0.0,0.0,0,69.7,69.7,1,0,1,0,1,0,0,1,0,0,0,0.0,69.7,0,0,1,1,0,1.0,34.85,0.9858557284299858,0
1,1,0,36,1,0.0,0.0,0.0,1.0,1.0,0.0,0.0,0,54.1,1992.85,0,1,0,0,0,1,0,0,1,0,0,2.0,18.033333333333335,0,1,1,0,0,0.0,1.462162162162162,36.16787658802178,1
0,0,1,66,1,0.0,0.0,0.0,0.0,0.0,0.0,0.0,0,19.95,1269.1,0,0,0,1,0,0,1,0,1,0,0,0.0,19.95,0,1,1,0,0,0.0,0.29776119402985074,60.57756563245823,3
0,0,0,9,1,1.0,0.0,0.0,0.0,0.0,1.0,0.0,1,85.35,758.6,0,0,1,0,1,0,0,0,0,1,0,2.0,28.45,1,0,0,1,1,1.0,8.535,8.785176606832659,0
0,1,1,35,1,1.0,0.0,1.0,0.0,0.0,1.0,0.0,1,89.65,3161.6,0,0,1,0,1,0,0,1,0,0,0,3.0,22.4125,1,0,1,1,0,1.0,2.490277777777778,34.876999448428016,1
0,1,0,12,1,0.0,0.0,0.0,0.0,0.0,0.0,0.0,0,45.9,505.95,1,1,0,0,1,0,0,1,0,0,0,0.0,45.9,0,0,1,0,0,0.0,3.5307692307692307,10.787846481876333,0
0,0,0,72,1,1.0,1.0,1.0,1.0,1.0,0.0,0.0,0,69.65,4908.25,0,1,0,0,0,0,1,1,0,0,0,5.0,11.608333333333334,0,1,1,0,0,0.0,0.954109589041096,69.47275300778485,3
0,0,0,37,1,0.0,0.0,0.0,0.0,0.0,0.0,0.0,1,19.8,695.05,1,0,0,1,0,1,0,0,0,1,0,0.0,19.8,0,1,0,0,0,0.0,0.5210526315789474,33.41586538461538,2
0,0,0,16,1,0.0,0.0,0.0,0.0,0.0,0.0,0.0,1,20.6,330.25,0,0,0,1,1,0,0,0,1,0,0,0.0,20.6,0,0,1,0,0,0.0,1.211764705882353,15.289351851851851,1
0,0,1,7,1,0.0,0.0,0.0,0.0,0.0,0.0,0.0,1,71.05,472.65,1,0,1,0,1,0,0,0,0,1,0,0.0,71.05,0,0,0,1,1,1.0,8.88125,6.5600277585010405,0
1,1,0,38,1,0.0,1.0,0.0,0.0,0.0,0.0,1.0,1,83.45,3147.15,1,0,1,0,1,0,0,0,0,1,0,2.0,27.816666666666666,1,0,0,1,1,0.0,2.1397435897435897,37.266429840142095,2
0,1,1,68,1,0.0,1.0,1.0,1.0,0.0,1.0,1.0,1,105.25,7173.15,0,0,1,0,0,0,1,1,0,0,0,5.0,17.541666666666668,1,1,1,0,0,0.0,1.5253623188405796,67.512,3
0,1,1,40,1,1.0,0.0,0.0,0.0,0.0,0.0,0.0,0,25.25,1006.9,0,0,0,1,0,0,1,0,1,0,0,1.0,12.625,0,1,1,0,0,0.0,0.6158536585365854,38.35809523809524,2
0,0,0,29,1,1.0,0.0,0.0,0.0,0.0,0.0,0.0,1,76.0,2215.25,1,0,1,0,1,0,0,0,1,0,0,1.0,38.0,0,0,1,1,0,1.0,2.533333333333333,28.76948051948052,1
0,0,0,2,1,1.0,0.0,0.0,0.0,0.0,1.0,0.0,1,85.65,181.5,0,0,1,0,1,0,0,0,0,1,0,2.0,28.55,1,0,0,1,1,1.0,28.55,2.0946335833814196,0
0,1,1,69,1,1.0,0.0,0.0,0.0,0.0,0.0,0.0,0,24.45,1718.2,0,0,0,1,0,0,1,1,0,0,0,1.0,12.225,0,1,1,0,0,0.0,0.34928571428571425,67.51277013752456,3
0,0,0,1,1,0.0,1.0,0.0,0.0,0.0,1.0,1.0,1,95.6,95.6,1,0,1,0,1,0,0,0,0,1,0,3.0,23.9,1,0,0,1,1,0.0,47.8,0.989648033126294,0
1,0,0,71,1,1.0,1.0,1.0,1.0,1.0,1.0,1.0,0,89.85,6293.45,1,1,0,0,0,0,1,0,0,0,1,7.0,11.23125,1,1,0,0,0,0.0,1.2479166666666666,69.27297743533296,3
0,0,0,17,1,0.0,1.0,0.0,0.0,0.0,1.0,1.0,0,93.85,1625.65,0,0,1,0,1,0,0,0,0,1,0,3.0,23.4625,1,0,0,1,1,0.0,5.213888888888889,17.139167105956776,1
1,1,0,45,1,1.0,0.0,1.0,1.0,1.0,1.0,0.0,1,98.7,4525.8,0,0,1,0,0,1,0,1,0,0,0,5.0,16.45,1,1,1,0,0,0.0,2.1456521739130436,45.39418254764293,2
0,1,0,72,1,1.0,1.0,1.0,1.0,1.0,1.0,1.0,1,88.7,6301.7,0,1,0,0,0,0,1,0,1,0,0,7.0,11.0875,1,1,1,0,0,0.0,1.215068493150685,70.2530657748049,3
0,0,0,11,1,0.0,0.0,0.0,0.0,0.0,0.0,0.0,1,44.65,472.25,1,1,0,0,1,0,0,0,0,0,1,0.0,44.65,0,0,0,0,0,0.0,3.720833333333333,10.345016429353779,0
0,1,1,65,1,1.0,0.0,0.0,1.0,1.0,1.0,1.0,1,104.1,6700.05,0,0,1,0,0,0,1,1,0,0,0,5.0,17.349999999999998,1,1,1,0,0,0.0,1.5772727272727272,63.749286393910566,3
1,0,0,52,1,1.0,1.0,0.0,1.0,0.0,0.0,0.0,0,59.85,3103.25,1,1,0,0,0,0,1,1,0,0,0,3.0,14.9625,0,1,1,0,0,0.0,1.129245283018868,50.998356614626125,2
0,0,0,48,1,1.0,0.0,0.0,0.0,0.0,0.0,0.0,0,24.0,1183.05,1,0,0,1,0,0,1,0,1,0,0,1.0,12.0,0,1,1,0,0,0.0,0.4897959183673469,47.321999999999996,2
0,1,0,8,1,0.0,1.0,0.0,0.0,0.0,0.0,0.0,0,75.0,632.95,0,0,1,0,1,0,0,0,0,1,0,1.0,37.5,0,0,0,1,1,0.0,8.333333333333334,8.328289473684212,0
1,0,0,8,1,0.0,0.0,0.0,1.0,0.0,1.0,1.0,1,94.45,742.95,1,0,1,0,1,0,0,0,1,0,0,3.0,23.6125,1,0,1,1,0,1.0,10.494444444444445,7.78365636458879,0
0,1,1,54,1,1.0,1.0,1.0,0.0,1.0,0.0,0.0,1,65.65,3566.7,0,1,0,0,0,0,1,0,1,0,0,4.0,13.13,0,1,1,0,0,0.0,1.1936363636363638,53.513878469617396,2
1,1,0,11,1,0.0,0.0,0.0,0.0,0.0,0.0,0.0,1,70.2,834.7,0,0,1,0,1,0,0,0,0,1,0,0.0,70.2,0,0,0,1,1,1.0,5.8500000000000005,11.723314606741573,0
0,1,0,68,1,1.0,0.0,0.0,0.0,0.0,0.0,0.0,0,25.8,1911.5,1,0,0,1,0,0,1,0,1,0,0,1.0,12.9,0,1,1,0,0,0.0,0.3739130434782609,71.32462686567165,3
0,1,1,70,1,1.0,0.0,0.0,0.0,0.0,0.0,0.0,0,24.7,1685.9,1,0,0,1,0,0,1,1,0,0,0,1.0,12.35,0,1,1,0,0,0.0,0.34788732394366195,65.59922178988327,3
0,0,1,26,1,0.0,0.0,1.0,1.0,1.0,1.0,1.0,1,105.45,2715.3,1,0,1,0,0,0,1,0,0,1,0,5.0,17.575,1,1,0,0,0,0.0,3.9055555555555554,25.507750117426024,1
0,0,0,3,1,0.0,0.0,0.0,0.0,0.0,1.0,0.0,1,80.5,232.35,1,0,1,0,1,0,0,0,0,1,0,1.0,40.25,1,0,0,1,1,1.0,20.125,2.8509202453987728,0
1,0,0,1,1,0.0,0.0,0.0,0.0,0.0,0.0,0.0,1,70.55,70.55,1,0,1,0,1,0,0,0,0,1,0,0.0,70.55,0,0,0,1,1,1.0,35.275,0.9860237596086653,0
0,1,1,69,1,0.0,0.0,0.0,0.0,0.0,0.0,0.0,0,19.4,1346.2,1,0,0,1,0,0,1,0,0,0,1,0.0,19.4,0,1,0,0,0,0.0,0.27714285714285714,65.99019607843138,3
0,0,0,2,1,0.0,0.0,0.0,0.0,0.0,0.0,0.0,0,44.45,82.7,1,1,0,0,1,0,0,0,0,1,0,0.0,44.45,0,0,0,0,1,0.0,14.816666666666668,1.8195819581958195,0
0,1,1,71,1,1.0,1.0,0.0,1.0,1.0,0.0,1.0,0,100.45,7159.7,1,0,1,0,0,0,1,0,0,1,0,5.0,16.741666666666667,1,1,0,0,0,0.0,1.395138888888889,70.57368161655988,3
0,1,1,4,1,0.0,0.0,0.0,0.0,0.0,0.0,0.0,0,20.85,62.9,1,0,0,1,1,0,0,0,0,0,1,0.0,20.85,0,0,0,0,0,0.0,4.17,2.8787185354691074,0
0,1,0,1,1,0.0,0.0,0.0,0.0,0.0,0.0,0.0,0,44.7,44.7,0,1,0,0,1,0,0,0,1,0,0,0.0,44.7,0,0,1,0,0,0.0,22.35,0.9781181619256017,0
0,0,0,1,1,0.0,0.0,0.0,0.0,0.0,0.0,0.0,0,70.4,70.4,0,0,1,0,1,0,0,0,0,1,0,0.0,70.4,0,0,0,1,1,1.0,35.2,0.9859943977591037,0
0,0,0,1,1,1.0,0.0,0.0,0.0,0.0,0.0,0.0,0,76.0,76.0,1,0,1,0,1,0,0,0,0,1,0,1.0,38.0,0,0,0,1,1,1.0,38.0,0.987012987012987,0
1,0,0,8,1,0.0,0.0,1.0,0.0,0.0,0.0,0.0,1,74.5,606.55,0,0,1,0,1,0,0,0,0,1,0,1.0,37.25,0,0,0,1,1,1.0,8.277777777777779,8.033774834437086,0
0,0,0,6,1,0.0,0.0,0.0,0.0,1.0,0.0,0.0,0,50.05,288.35,0,1,0,0,1,0,0,0,0,0,1,1.0,25.025,0,0,0,0,0,0.0,7.1499999999999995,5.648383937316357,0
0,0,0,4,1,0.0,0.0,0.0,0.0,0.0,0.0,0.0,0,45.65,191.05,1,1,0,0,1,0,0,0,0,0,1,0.0,45.65,0,0,0,0,0,0.0,9.129999999999999,4.095391211146839,0
0,1,1,42,1,0.0,1.0,0.0,0.0,1.0,0.0,1.0,0,63.7,2763.35,0,1,0,0,0,1,0,0,1,0,0,3.0,15.925,1,1,1,0,0,0.0,1.4813953488372094,42.71020092735703,2
0,1,1,33,1,0.0,0.0,0.0,0.0,0.0,0.0,0.0,0,20.1,620.55,0,0,0,1,0,1,0,0,1,0,0,0.0,20.1,0,1,1,0,0,0.0,0.5911764705882353,29.409952606635066,1
0,1,1,39,1,0.0,1.0,0.0,1.0,1.0,1.0,1.0,0,80.0,3182.95,0,1,0,0,0,1,0,0,1,0,0,5.0,13.333333333333334,1,1,1,0,0,0.0,2.0,39.29567901234568,2
0,1,1,42,1,0.0,0.0,0.0,1.0,1.0,1.0,1.0,1,100.4,4303.65,1,0,1,0,0,0,1,0,0,1,0,4.0,20.080000000000002,1,1,0,0,0,0.0,2.334883720930233,42.442307692307686,2
1,0,0,13,1,1.0,0.0,1.0,1.0,0.0,1.0,1.0,1,106.9,1364.3,0,0,1,0,1,0,0,0,0,1,0,5.0,17.816666666666666,1,0,0,1,1,1.0,7.635714285714286,12.644114921223354,1
0,0,0,1,1,0.0,0.0,0.0,0.0,0.0,0.0,1.0,1,81.1,81.1,1,0,1,0,1,0,0,0,0,1,0,1.0,40.55,1,0,0,1,1,1.0,40.55,0.9878197320341048,0
0,0,1,66,1,1.0,1.0,0.0,1.0,1.0,0.0,0.0,1,90.95,5930.05,1,0,1,0,0,0,1,0,1,0,0,4.0,18.19,0,1,1,0,0,0.0,1.3574626865671642,64.4921152800435,3
0,1,1,70,1,1.0,1.0,0.0,0.0,0.0,0.0,1.0,0,65.2,4543.15,1,1,0,0,0,1,0,1,0,0,0,3.0,16.3,1,1,1,0,0,0.0,0.9183098591549296,68.62764350453172,3
0,0,0,64,1,1.0,1.0,1.0,1.0,1.0,1.0,1.0,1,86.4,5442.05,1,1,0,0,0,0,1,0,1,0,0,7.0,10.8,1,1,1,0,0,0.0,1.3292307692307692,62.266018306636155,3
0,0,0,3,1,0.0,0.0,0.0,1.0,1.0,1.0,1.0,1,98.7,293.65,0,0,1,0,1,0,0,0,0,1,0,4.0,19.740000000000002,1,0,0,1,1,0.0,24.675,2.945336008024072,0
0,1,0,72,1,1.0,1.0,0.0,1.0,1.0,1.0,1.0,1,84.9,6065.3,1,1,0,0,0,0,1,1,0,0,0,6.0,12.12857142857143,1,1,1,0,0,0.0,1.1630136986301371,70.60884749708964,3
0,0,1,1,1,0.0,0.0,1.0,0.0,0.0,0.0,0.0,1,49.9,49.9,0,1,0,0,1,0,0,0,0,1,0,1.0,24.95,0,0,0,0,1,0.0,24.95,0.9803536345776032,0
0,0,0,11,1,0.0,1.0,0.0,0.0,0.0,0.0,0.0,0,48.55,501.0,1,1,0,0,1,0,0,0,1,0,0,1.0,24.275,0,0,1,0,0,0.0,4.045833333333333,10.110998990918265,0
0,0,0,71,1,1.0,1.0,1.0,1.0,1.0,1.0,1.0,1,118.65,8477.6,1,0,1,0,0,0,1,0,0,1,0,7.0,14.83125,1,1,0,0,0,0.0,1.6479166666666667,70.85332218972002,3
0,1,1,56,1,0.0,0.0,1.0,1.0,1.0,0.0,0.0,1,85.85,4793.8,0,0,1,0,0,1,0,0,0,0,1,3.0,21.4625,0,1,0,0,0,0.0,1.506140350877193,55.19631548647093,2
0,1,1,71,1,1.0,0.0,1.0,0.0,0.0,1.0,1.0,0,100.55,7113.75,0,0,1,0,0,1,0,1,0,0,0,4.0,20.11,1,1,1,0,0,1.0,1.3965277777777778,70.05169867060562,3
0,1,0,19,1,1.0,0.0,1.0,0.0,0.0,0.0,1.0,1,89.1,1620.8,1,0,1,0,1,0,0,0,0,1,0,3.0,22.275,1,0,0,1,1,1.0,4.455,17.988901220865706,1
0,0,0,10,1,0.0,1.0,1.0,1.0,0.0,1.0,1.0,1,104.4,1081.45,0,0,1,0,1,0,0,0,0,1,0,5.0,17.400000000000002,1,0,0,1,1,0.0,9.490909090909092,10.26043643263757,0
0,0,0,65,1,0.0,1.0,1.0,0.0,1.0,0.0,0.0,1,59.6,3739.8,1,1,0,0,0,0,1,0,0,0,1,3.0,14.9,0,1,0,0,0,0.0,0.9030303030303031,61.71287128712871,3
1,1,0,28,1,1.0,0.0,1.0,0.0,1.0,1.0,1.0,1,105.8,2998.0,0,0,1,0,1,0,0,0,0,1,0,5.0,17.633333333333333,1,0,0,1,1,0.0,3.6482758620689655,28.071161048689138,1
0,1,0,1,1,0.0,0.0,0.0,0.0,0.0,0.0,0.0,1,69.4,69.4,1,0,1,0,1,0,0,0,0,0,1,0.0,69.4,0,0,0,1,0,1.0,34.7,0.9857954545454546,0
1,0,0,39,1,1.0,0.0,1.0,0.0,0.0,0.0,1.0,0,90.7,3413.25,0,0,1,0,1,0,0,0,0,1,0,3.0,22.675,1,0,0,1,1,1.0,2.2675,37.221919302071974,2
0,1,0,70,1,1.0,1.0,1.0,1.0,1.0,1.0,1.0,0,115.65,7968.85,0,0,1,0,0,1,0,0,1,0,0,7.0,14.45625,1,1,1,0,0,0.0,1.6288732394366199,68.31418774110587,3
0,1,0,2,1,1.0,0.0,0.0,0.0,0.0,1.0,0.0,1,84.05,134.05,1,0,1,0,1,0,0,0,0,1,0,2.0,28.016666666666666,1,0,0,1,1,1.0,28.016666666666666,1.5761316872427986,0
0,1,1,21,1,0.0,0.0,1.0,1.0,1.0,1.0,1.0,1,102.8,2110.15,1,0,1,0,1,0,0,0,0,1,0,5.0,17.133333333333333,1,0,0,1,1,0.0,4.672727272727273,20.32899807321773,1
0,0,0,34,1,1.0,1.0,1.0,1.0,1.0,1.0,1.0,0,116.25,3899.05,0,0,1,0,0,1,0,0,1,0,0,7.0,14.53125,1,1,1,0,0,0.0,3.3214285714285716,33.254157782515996,1
0,1,1,2,1,0.0,0.0,0.0,0.0,0.0,0.0,0.0,1,71.65,135.75,1,0,1,0,1,0,0,0,0,1,0,0.0,71.65,0,0,0,1,1,1.0,23.883333333333336,1.8685478320715758,0
0,1,0,65,1,0.0,1.0,1.0,1.0,0.0,0.0,1.0,0,71.0,4386.2,1,1,0,0,0,0,1,1,0,0,0,4.0,14.2,1,1,1,0,0,0.0,1.0757575757575757,60.919444444444444,3
0,1,1,17,1,1.0,1.0,0.0,0.0,1.0,0.0,0.0,1,62.1,1096.65,0,1,0,0,0,1,0,0,0,0,1,3.0,15.525,0,1,0,0,0,0.0,3.45,17.379556259904913,1
0,0,0,46,0,0.0,0.0,1.0,0.0,0.0,0.0,0.0,0,30.3,1380.1,0,1,0,0,1,0,0,1,0,0,0,1.0,15.15,0,0,1,0,0,0.0,0.6446808510638298,44.09265175718849,2
0,1,0,8,1,0.0,1.0,0.0,0.0,0.0,0.0,0.0,1,74.5,609.9,0,0,1,0,1,0,0,0,0,1,0,1.0,37.25,0,0,0,1,1,0.0,8.277777777777779,8.078145695364238,0
0,1,1,44,0,0.0,0.0,0.0,1.0,1.0,1.0,1.0,1,54.3,2317.1,0,1,0,0,0,1,0,0,0,1,0,4.0,10.86,1,1,0,0,0,0.0,1.2066666666666666,41.90054249547921,2
0,0,0,50,1,1.0,0.0,0.0,1.0,1.0,0.0,1.0,0,69.5,3418.2,0,1,0,0,0,0,1,1,0,0,0,4.0,13.9,1,1,1,0,0,0.0,1.3627450980392157,48.48510638297872,2
0,0,0,1,1,0.0,0.0,0.0,0.0,0.0,1.0,1.0,1,90.55,90.55,0,0,1,0,1,0,0,0,0,1,0,2.0,30.183333333333334,1,0,0,1,1,1.0,45.275,0.9890770070999454,0
0,0,0,7,1,1.0,0.0,0.0,0.0,0.0,0.0,0.0,0,73.6,520.0,0,0,1,0,1,0,0,0,0,1,0,1.0,36.8,0,0,0,1,1,1.0,9.2,6.970509383378016,0
0,0,0,3,1,0.0,0.0,0.0,0.0,0.0,0.0,0.0,0,19.95,58.0,1,0,0,1,1,0,0,0,0,0,1,0.0,19.95,0,0,0,0,0,0.0,4.9875,2.768496420047733,0
0,0,0,32,1,0.0,0.0,0.0,0.0,0.0,0.0,0.0,0,20.35,707.5,0,0,0,1,0,1,0,0,1,0,0,0.0,20.35,0,1,1,0,0,0.0,0.6166666666666667,33.138173302107724,1
0,0,0,5,1,0.0,1.0,0.0,0.0,1.0,0.0,0.0,0,54.2,308.25,1,1,0,0,1,0,0,0,0,1,0,2.0,18.066666666666666,0,0,0,0,1,0.0,9.033333333333333,5.584239130434782,0
0,0,0,3,0,0.0,0.0,1.0,0.0,1.0,0.0,0.0,1,36.85,108.7,0,1,0,0,1,0,0,0,0,0,1,2.0,12.283333333333333,0,0,0,0,0,0.0,9.2125,2.8718626155878466,0
0,1,1,57,1,1.0,0.0,0.0,0.0,0.0,0.0,0.0,1,74.3,4018.35,0,0,1,0,1,0,0,0,0,1,0,1.0,37.15,0,0,0,1,1,1.0,1.2810344827586206,53.364541832669325,2
0,1,1,52,0,0.0,0.0,1.0,1.0,1.0,1.0,0.0,0,50.2,2554.0,0,1,0,0,0,0,1,0,0,0,1,4.0,10.040000000000001,1,1,0,0,0,0.0,0.9471698113207547,49.8828125,2
0,0,0,1,1,0.0,0.0,1.0,0.0,0.0,0.0,0.0,0,50.8,50.8,0,1,0,0,1,0,0,0,0,1,0,1.0,25.4,0,0,0,0,1,0.0,25.4,0.9806949806949807,0
0,0,0,1,1,1.0,0.0,0.0,0.0,0.0,1.0,0.0,1,84.65,84.65,0,0,1,0,1,0,0,0,0,0,1,2.0,28.21666666666667,1,0,0,1,0,1.0,42.325,0.9883245767659078,0
0,0,0,26,1,0.0,0.0,0.0,0.0,0.0,0.0,0.0,0,45.45,1233.15,0,1,0,0,1,0,0,0,0,1,0,0.0,45.45,0,0,0,0,1,0.0,1.6833333333333333,26.54790096878364,1
0,0,0,31,1,1.0,0.0,0.0,0.0,0.0,0.0,0.0,1,76.05,2227.8,1,0,1,0,1,0,0,0,0,1,0,1.0,38.025,0,0,0,1,1,1.0,2.3765625,28.913692407527584,1
0,0,0,17,1,0.0,0.0,1.0,1.0,0.0,0.0,1.0,1,90.95,1612.2,0,0,1,0,1,0,0,0,1,0,0,3.0,22.7375,1,0,1,1,0,1.0,5.052777777777778,17.533442088091356,1
0,0,0,27,1,0.0,0.0,0.0,0.0,0.0,0.0,0.0,1,20.25,538.2,1,0,0,1,0,0,1,1,0,0,0,0.0,20.25,0,1,1,0,0,0.0,0.7232142857142857,25.327058823529413,1
0,1,0,29,1,1.0,0.0,0.0,0.0,0.0,0.0,0.0,1,74.95,2149.05,1,0,1,0,1,0,0,0,0,1,0,1.0,37.475,0,0,0,1,1,1.0,2.4983333333333335,28.295589203423305,1
0,0,1,30,0,0.0,0.0,0.0,0.0,0.0,1.0,1.0,1,44.5,1307.8,0,1,0,0,1,0,0,0,0,1,0,2.0,14.833333333333334,1,0,0,0,1,0.0,1.435483870967742,28.74285714285714,1
0,1,0,46,1,1.0,1.0,0.0,0.0,0.0,0.0,0.0,0,53.1,2459.8,1,1,0,0,1,0,0,0,0,1,0,2.0,17.7,0,0,0,0,1,0.0,1.1297872340425532,45.46765249537893,2
0,1,0,35,1,1.0,0.0,0.0,0.0,1.0,1.0,0.0,1,91.5,3236.35,0,0,1,0,1,0,0,0,1,0,0,3.0,22.875,1,0,1,1,0,0.0,2.5416666666666665,34.98756756756757,1
0,1,0,29,1,0.0,0.0,0.0,0.0,0.0,0.0,0.0,1,19.55,521.8,1,0,0,1,0,0,1,0,0,0,1,0.0,19.55,0,1,0,0,0,0.0,0.6516666666666667,25.391727493917273,1
0,1,0,52,1,0.0,1.0,1.0,1.0,1.0,1.0,1.0,1,106.3,5487.0,0,0,1,0,0,0,1,0,0,1,0,6.0,15.185714285714285,1,1,0,0,0,0.0,2.0056603773584905,51.13699906803355,2
1,0,1,11,1,0.0,0.0,1.0,0.0,1.0,0.0,0.0,1,54.55,601.25,0,1,0,0,1,0,0,0,0,1,0,2.0,18.183333333333334,0,0,0,0,1,0.0,4.545833333333333,10.823582358235823,0
0,0,0,2,1,0.0,1.0,0.0,1.0,0.0,0.0,0.0,1,80.45,137.1,1,0,1,0,1,0,0,0,0,1,0,2.0,26.816666666666666,0,0,0,1,1,0.0,26.816666666666666,1.6832412523020257,0
0,1,0,45,1,0.0,1.0,1.0,1.0,0.0,1.0,1.0,0,78.8,3597.5,0,1,0,0,0,1,0,1,0,0,0,5.0,13.133333333333333,1,1,1,0,0,0.0,1.7130434782608694,45.081453634085214,2
1,0,0,57,0,0.0,0.0,1.0,1.0,0.0,1.0,1.0,1,55.0,3094.05,1,1,0,0,1,0,0,0,0,1,0,4.0,11.0,1,0,0,0,1,0.0,0.9482758620689655,55.25089285714286,2
0,0,0,59,1,1.0,0.0,1.0,1.0,0.0,0.0,0.0,1,83.25,4949.1,1,0,1,0,1,0,0,0,0,1,0,3.0,20.8125,0,0,0,1,1,1.0,1.3875,58.74302670623146,2
0,0,0,62,1,0.0,1.0,0.0,0.0,1.0,0.0,1.0,1,65.1,3846.75,1,1,0,0,0,0,1,0,0,0,1,3.0,16.275,1,1,0,0,0,0.0,1.0333333333333332,58.195915279878975,3
0,0,0,11,0,0.0,0.0,1.0,1.0,0.0,0.0,0.0,0,34.7,383.55,0,1,0,0,1,0,0,0,0,0,1,2.0,11.566666666666668,0,0,0,0,0,0.0,2.891666666666667,10.743697478991596,0
0,1,1,71,1,1.0,1.0,1.0,1.0,0.0,1.0,1.0,1,109.0,7661.8,1,0,1,0,0,0,1,1,0,0,0,6.0,15.571428571428571,1,1,1,0,0,0.0,1.5138888888888888,69.65272727272728,3
0,0,0,9,1,0.0,0.0,0.0,0.0,0.0,0.0,0.0,0,20.25,186.15,1,0,0,1,1,0,0,0,0,0,1,0.0,20.25,0,0,0,0,0,0.0,2.025,8.76,0
0,0,0,43,1,0.0,0.0,1.0,0.0,1.0,0.0,0.0,0,55.45,2444.25,1,1,0,0,0,1,0,0,0,1,0,2.0,18.483333333333334,0,1,0,0,0,0.0,1.2602272727272728,43.2993799822852,2
0,0,0,13,1,0.0,0.0,0.0,0.0,0.0,0.0,0.0,1,19.3,279.3,1,0,0,1,1,0,0,0,0,0,1,0.0,19.3,0,0,0,0,0,0.0,1.3785714285714286,13.758620689655173,1
0,0,0,19,1,0.0,0.0,0.0,0.0,1.0,1.0,0.0,1,61.55,1093.2,0,1,0,0,1,0,0,0,1,0,0,2.0,20.516666666666666,1,0,1,0,0,0.0,3.0774999999999997,17.477218225419666,1
0,1,0,7,0,0.0,1.0,1.0,0.0,0.0,0.0,0.0,0,34.2,256.6,0,1,0,0,1,0,0,0,0,0,1,2.0,11.4,0,0,0,0,0,0.0,4.275,7.2897727272727275,0
0,0,1,71,1,0.0,1.0,1.0,1.0,1.0,1.0,0.0,1,76.9,5522.7,0,1,0,0,0,0,1,0,1,0,0,5.0,12.816666666666668,1,1,1,0,0,0.0,1.0680555555555555,70.89473684210526,3
0,0,0,22,1,0.0,1.0,0.0,0.0,1.0,0.0,0.0,0,55.1,1253.15,0,1,0,0,1,0,0,0,0,0,1,2.0,18.366666666666667,0,0,0,0,0,0.0,2.3956521739130436,22.337789661319075,1
0,0,0,44,1,0.0,0.0,0.0,1.0,1.0,1.0,1.0,0,100.1,4378.35,0,0,1,0,0,0,1,1,0,0,0,4.0,20.02,1,1,1,0,0,0.0,2.2244444444444444,43.30712166172108,2
0,1,0,7,1,0.0,0.0,0.0,0.0,0.0,1.0,0.0,1,81.1,576.65,1,0,1,0,1,0,0,0,0,1,0,1.0,40.55,1,0,0,1,1,1.0,10.1375,7.023751522533496,0
0,0,0,1,1,0.0,1.0,0.0,0.0,0.0,0.0,0.0,1,48.6,48.6,1,1,0,0,1,0,0,0,1,0,0,1.0,24.3,0,0,1,0,0,0.0,24.3,0.9798387096774194,0
0,1,1,9,1,0.0,0.0,0.0,0.0,0.0,0.0,0.0,0,19.6,197.4,0,0,0,1,0,0,1,0,0,0,1,0.0,19.6,0,1,0,0,0,0.0,1.9600000000000002,9.58252427184466,0
1,0,0,36,1,1.0,0.0,0.0,0.0,0.0,0.0,0.0,1,74.9,2659.45,1,0,1,0,1,0,0,1,0,0,0,1.0,37.45,0,0,1,1,0,1.0,2.0243243243243243,35.038866930171274,1
0,1,0,13,1,1.0,0.0,0.0,1.0,0.0,1.0,1.0,1,75.3,989.45,0,1,0,0,0,1,0,0,0,0,1,4.0,15.059999999999999,1,1,0,0,0,0.0,5.378571428571428,12.967889908256883,1
0,0,0,12,1,0.0,0.0,0.0,0.0,0.0,0.0,0.0,1,19.35,219.35,1,0,0,1,0,1,0,1,0,0,0,0.0,19.35,0,1,1,0,0,0.0,1.4884615384615385,10.778869778869778,0
1,1,0,19,0,0.0,0.0,1.0,1.0,0.0,0.0,0.0,1,34.3,577.15,0,1,0,0,1,0,0,0,1,0,0,2.0,11.433333333333332,0,0,1,0,0,0.0,1.7149999999999999,16.349858356940512,1
0,1,1,30,1,1.0,1.0,0.0,0.0,0.0,0.0,0.0,1,54.45,1588.7,0,1,0,0,1,0,0,1,0,0,0,2.0,18.150000000000002,0,0,1,0,0,0.0,1.756451612903226,28.65103697024346,1
0,0,1,62,1,1.0,0.0,0.0,1.0,1.0,1.0,1.0,1,104.05,6590.5,0,0,1,0,0,0,1,0,0,1,0,5.0,17.341666666666665,1,1,0,0,0,0.0,1.6515873015873015,62.736792003807714,3
0,0,0,1,1,0.0,0.0,0.0,0.0,0.0,0.0,0.0,0,20.2,20.2,0,0,0,1,1,0,0,0,0,0,1,0.0,20.2,0,0,0,0,0,0.0,10.1,0.9528301886792453,0
0,1,1,62,1,1.0,0.0,0.0,0.0,0.0,1.0,1.0,1,70.45,4300.45,1,1,0,0,1,0,0,0,1,0,0,3.0,17.6125,1,0,1,0,0,0.0,1.1182539682539683,60.18824352694191,3
0,0,0,32,1,1.0,1.0,0.0,0.0,0.0,1.0,1.0,0,74.75,2282.95,1,1,0,0,0,1,0,0,0,0,1,4.0,14.95,1,1,0,0,0,0.0,2.265151515151515,30.137953795379534,1
0,1,0,40,1,1.0,0.0,0.0,0.0,0.0,1.0,1.0,1,97.1,3706.95,0,0,1,0,1,0,0,1,0,0,0,3.0,24.275,1,0,1,1,0,1.0,2.368292682926829,37.78746177370031,2
0,1,1,7,0,0.0,0.0,0.0,0.0,0.0,0.0,0.0,1,24.7,149.05,1,1,0,0,1,0,0,0,0,1,0,0.0,24.7,0,0,0,0,1,0.0,3.0875,5.799610894941635,0
1,0,0,26,1,1.0,1.0,1.0,0.0,0.0,0.0,1.0,1,95.0,2497.2,1,0,1,0,1,0,0,0,0,1,0,4.0,19.0,1,0,0,1,1,0.0,3.5185185185185186,26.0125,1
0,0,0,52,1,0.0,0.0,0.0,1.0,0.0,0.0,1.0,1,83.8,4331.4,0,0,1,0,1,0,0,0,1,0,0,2.0,27.933333333333334,1,0,1,1,0,1.0,1.581132075471698,51.07783018867924,2
0,0,0,17,1,0.0,0.0,0.0,0.0,0.0,0.0,0.0,0,19.95,310.6,0,0,0,1,0,1,0,0,0,0,1,0.0,19.95,0,1,0,0,0,0.0,1.1083333333333334,14.825775656324584,1
0,1,0,67,1,1.0,0.0,1.0,1.0,1.0,1.0,1.0,1,111.3,7567.2,0,0,1,0,0,0,1,1,0,0,0,6.0,15.9,1,1,1,0,0,0.0,1.636764705882353,67.38379341050756,3
0,1,0,20,1,0.0,0.0,0.0,0.0,0.0,0.0,0.0,1,69.8,1540.35,1,0,1,0,1,0,0,1,0,0,0,0.0,69.8,0,0,1,1,0,1.0,3.3238095238095235,21.75635593220339,1
0,0,0,48,1,0.0,0.0,0.0,0.0,0.0,0.0,0.0,0,20.15,982.95,0,0,0,1,0,0,1,0,1,0,0,0.0,20.15,0,1,1,0,0,0.0,0.41122448979591836,46.47517730496455,2
0,0,0,1,1,0.0,0.0,0.0,0.0,0.0,0.0,0.0,1,45.05,45.05,0,1,0,0,1,0,0,0,0,0,1,0.0,45.05,0,0,0,0,0,0.0,22.525,0.9782844733984799,0
0,1,1,13,1,1.0,0.0,1.0,1.0,1.0,1.0,0.0,1,72.8,930.05,0,1,0,0,1,0,0,0,0,1,0,5.0,12.133333333333333,1,0,0,0,1,0.0,5.2,12.60230352303523,1
1,0,0,42,1,1.0,0.0,1.0,0.0,0.0,0.0,0.0,1,79.35,3344.1,0,0,1,0,1,0,0,1,0,0,0,2.0,26.45,0,0,1,1,0,1.0,1.845348837209302,41.61916614810205,2
0,1,1,8,1,0.0,0.0,0.0,0.0,0.0,0.0,0.0,0,19.9,153.95,0,0,0,1,0,1,0,0,1,0,0,0.0,19.9,0,1,1,0,0,0.0,2.211111111111111,7.366028708133971,0
0,1,1,68,1,1.0,1.0,1.0,1.0,1.0,0.0,1.0,1,78.45,5333.35,1,1,0,0,0,1,0,0,0,1,0,6.0,11.207142857142857,1,1,0,0,0,0.0,1.1369565217391304,67.12838263058528,3
0,0,0,60,1,1.0,1.0,1.0,1.0,1.0,1.0,1.0,1,116.6,7049.5,0,0,1,0,0,1,0,0,1,0,0,7.0,14.575,1,1,1,0,0,0.0,1.9114754098360656,59.94472789115647,2
0,1,0,18,1,1.0,1.0,0.0,0.0,0.0,1.0,1.0,1,99.4,1742.95,0,0,1,0,1,0,0,0,0,1,0,4.0,19.880000000000003,1,0,0,1,1,0.0,5.231578947368422,17.360059760956176,1
0,1,1,25,1,0.0,0.0,0.0,0.0,0.0,0.0,0.0,0,19.6,411.15,0,0,0,1,0,1,0,0,0,1,0,0.0,19.6,0,1,0,0,0,0.0,0.7538461538461539,19.95873786407767,1
0,1,1,70,1,1.0,1.0,1.0,1.0,1.0,1.0,0.0,0,80.7,5617.95,1,1,0,0,0,0,1,0,0,1,0,6.0,11.528571428571428,1,1,0,0,0,0.0,1.1366197183098592,68.76315789473684,3
0,1,1,13,1,0.0,1.0,0.0,1.0,0.0,0.0,1.0,1,63.15,816.8,1,1,0,0,1,0,0,0,0,0,1,3.0,15.7875,1,0,0,0,0,0.0,4.510714285714285,12.732657833203428,1
0,1,0,35,1,0.0,0.0,0.0,0.0,0.0,0.0,0.0,1,70.3,2416.55,1,0,1,0,1,0,0,0,0,1,0,0.0,70.3,0,0,0,1,1,1.0,1.9527777777777777,33.89270687237027,1
0,1,1,11,1,1.0,1.0,0.0,0.0,0.0,1.0,0.0,1,65.15,723.35,0,1,0,0,1,0,0,1,0,0,0,3.0,16.2875,1,0,1,0,0,0.0,5.429166666666667,10.934996220710506,0
0,1,0,72,1,1.0,1.0,0.0,1.0,0.0,1.0,1.0,1,105.0,7589.8,1,0,1,0,0,0,1,0,1,0,0,5.0,17.5,1,1,1,0,0,0.0,1.4383561643835616,71.60188679245283,3
0,1,0,17,0,0.0,0.0,1.0,1.0,0.0,0.0,0.0,1,35.65,646.05,1,1,0,0,1,0,0,0,1,0,0,2.0,11.883333333333333,0,0,1,0,0,0.0,1.9805555555555554,17.62755798090041,1
0,1,1,71,1,0.0,0.0,0.0,0.0,0.0,0.0,0.0,0,19.8,1396.25,0,0,0,1,0,0,1,0,0,0,1,0.0,19.8,0,1,0,0,0,0.0,0.275,67.12740384615384,3
0,1,0,8,1,0.0,0.0,0.0,0.0,0.0,0.0,0.0,0,20.25,158.35,0,0,0,1,1,0,0,0,0,0,1,0.0,20.25,0,0,0,0,0,0.0,2.25,7.451764705882352,0
0,0,0,9,1,0.0,1.0,0.0,0.0,0.0,0.0,0.0,0,75.6,661.55,0,0,1,0,1,0,0,0,0,1,0,1.0,37.8,0,0,0,1,1,0.0,7.56,8.636422976501306,0
0,0,0,72,1,0.0,0.0,0.0,0.0,0.0,0.0,0.0,0,19.3,1414.8,0,0,0,1,0,0,1,1,0,0,0,0.0,19.3,0,1,1,0,0,0.0,0.26438356164383564,69.69458128078817,3
0,0,0,23,1,0.0,0.0,0.0,0.0,0.0,0.0,0.0,0,20.15,405.6,0,0,0,1,0,1,0,1,0,0,0,0.0,20.15,0,1,1,0,0,0.0,0.8395833333333332,19.177304964539008,1
0,0,0,5,1,1.0,0.0,0.0,1.0,0.0,1.0,0.0,1,92.5,452.7,0,0,1,0,1,0,0,0,0,1,0,3.0,23.125,1,0,0,1,1,1.0,15.416666666666666,4.841711229946524,0
0,1,1,47,1,1.0,0.0,1.0,0.0,0.0,1.0,1.0,1,99.35,4749.15,0,0,1,0,1,0,0,0,0,1,0,4.0,19.869999999999997,1,0,0,1,1,1.0,2.0697916666666667,47.32585949177877,2
0,1,1,37,1,0.0,0.0,0.0,0.0,0.0,0.0,0.0,0,19.35,683.75,1,0,0,1,1,0,0,0,0,1,0,0.0,19.35,0,0,0,0,1,0.0,0.5092105263157896,33.599508599508596,2
0,0,1,10,1,0.0,0.0,0.0,1.0,1.0,1.0,0.0,1,91.1,964.35,1,0,1,0,1,0,0,0,0,1,0,3.0,22.775,1,0,0,1,1,0.0,8.281818181818181,10.47068403908795,0
0,1,0,15,1,1.0,0.0,0.0,1.0,1.0,1.0,1.0,1,103.45,1539.8,0,0,1,0,1,0,0,0,0,1,0,5.0,17.241666666666667,1,0,0,1,1,0.0,6.465625,14.741981809478219,1
0,0,0,5,1,1.0,0.0,1.0,1.0,0.0,1.0,1.0,0,104.1,541.9,0,0,1,0,1,0,0,0,0,0,1,5.0,17.349999999999998,1,0,0,1,0,1.0,17.349999999999998,5.156041864890581,0
0,0,0,52,1,1.0,1.0,1.0,0.0,1.0,1.0,1.0,1,111.25,5916.45,1,0,1,0,0,1,0,0,1,0,0,6.0,15.892857142857142,1,1,1,0,0,0.0,2.099056603773585,52.70779510022272,2
1,1,0,67,1,1.0,0.0,1.0,0.0,1.0,1.0,1.0,0,102.9,6989.7,0,0,1,0,0,0,1,1,0,0,0,5.0,17.150000000000002,1,1,1,0,0,0.0,1.5132352941176472,67.27333974975937,3
1,0,0,9,1,1.0,0.0,0.0,0.0,0.0,0.0,0.0,1,74.05,678.45,0,0,1,0,1,0,0,0,0,1,0,1.0,37.025,0,0,0,1,1,1.0,7.404999999999999,9.039973351099269,0
1,0,0,21,0,0.0,1.0,0.0,0.0,0.0,1.0,0.0,1,41.9,840.1,1,1,0,0,1,0,0,0,0,1,0,2.0,13.966666666666667,1,0,0,0,1,0.0,1.9045454545454545,19.582750582750585,1
0,0,0,3,1,0.0,0.0,0.0,0.0,0.0,0.0,1.0,1,80.35,253.8,0,0,1,0,1,0,0,0,0,1,0,1.0,40.175,1,0,0,1,1,1.0,20.0875,3.119852489244008,0
0,0,0,2,0,0.0,0.0,0.0,0.0,0.0,0.0,0.0,0,24.5,46.4,1,1,0,0,1,0,0,0,0,1,0,0.0,24.5,0,0,0,0,1,0.0,8.166666666666666,1.8196078431372549,0
1,0,0,70,0,0.0,0.0,1.0,1.0,0.0,1.0,0.0,1,44.05,3011.65,0,1,0,0,0,1,0,0,1,0,0,3.0,11.0125,1,1,1,0,0,0.0,0.6204225352112676,66.85127635960045,3
0,1,1,71,1,0.0,0.0,0.0,0.0,0.0,0.0,0.0,0,19.9,1389.35,1,0,0,1,0,0,1,1,0,0,0,0.0,19.9,0,1,1,0,0,0.0,0.27638888888888885,66.47607655502392,3
1,1,0,71,1,1.0,0.0,0.0,0.0,0.0,0.0,0.0,0,24.85,1901.0,0,0,0,1,0,0,1,1,0,0,0,1.0,12.425,0,1,1,0,0,0.0,0.3451388888888889,73.53965183752418,3
0,0,0,1,1,0.0,0.0,0.0,0.0,0.0,0.0,0.0,0,20.55,20.55,0,0,0,1,1,0,0,0,1,0,0,0.0,20.55,0,0,1,0,0,0.0,10.275,0.9535962877030162,0
0,0,0,1,1,0.0,0.0,1.0,0.0,0.0,0.0,0.0,0,49.5,49.5,1,1,0,0,1,0,0,0,0,1,0,1.0,24.75,0,0,0,0,1,0.0,24.75,0.9801980198019802,0
1,1,1,47,1,0.0,0.0,0.0,0.0,0.0,0.0,0.0,0,70.55,3309.25,1,0,1,0,1,0,0,1,0,0,0,0.0,70.55,0,0,1,1,0,1.0,1.4697916666666666,46.25087351502446,2
0,1,0,67,1,1.0,0.0,1.0,1.0,1.0,1.0,1.0,1,109.7,7344.45,1,0,1,0,0,1,0,0,1,0,0,6.0,15.671428571428573,1,1,1,0,0,0.0,1.613235294117647,66.34552845528455,3
0,1,1,20,1,0.0,0.0,0.0,0.0,0.0,0.0,0.0,0,19.7,395.6,1,0,0,1,0,1,0,1,0,0,0,0.0,19.7,0,1,1,0,0,0.0,0.9380952380952381,19.111111111111114,1
0,0,0,72,1,1.0,1.0,0.0,0.0,1.0,0.0,0.0,1,84.7,6185.15,1,0,1,0,0,0,1,1,0,0,0,3.0,21.175,0,1,1,0,0,0.0,1.1602739726027398,72.17211201866976,3
0,0,1,63,1,0.0,0.0,0.0,0.0,0.0,0.0,0.0,0,19.5,1215.1,1,0,0,1,0,0,1,0,1,0,0,0.0,19.5,0,1,1,0,0,0.0,0.3046875,59.27317073170731,3
0,0,0,2,1,0.0,0.0,0.0,0.0,0.0,0.0,0.0,1,70.15,123.8,1,0,1,0,1,0,0,0,0,1,0,0.0,70.15,0,0,0,1,1,1.0,23.383333333333336,1.739985945186226,0
0,1,0,71,1,1.0,1.0,0.0,1.0,1.0,1.0,1.0,0,83.2,6126.1,0,1,0,0,0,0,1,0,0,1,0,6.0,11.885714285714286,1,1,0,0,0,0.0,1.1555555555555557,72.75653206650831,3
0,1,1,10,1,0.0,0.0,1.0,1.0,0.0,0.0,0.0,1,55.55,551.3,1,1,0,0,1,0,0,0,0,0,1,2.0,18.516666666666666,0,0,0,0,0,0.0,5.05,9.748894783377542,0
0,1,0,60,1,1.0,0.0,1.0,1.0,1.0,1.0,1.0,1,110.8,6640.7,1,0,1,0,0,0,1,0,1,0,0,6.0,15.828571428571427,1,1,1,0,0,0.0,1.8163934426229509,59.39803220035778,2
0,0,0,1,1,0.0,0.0,0.0,0.0,0.0,0.0,0.0,1,20.25,20.25,1,0,0,1,1,0,0,0,0,0,1,0.0,20.25,0,0,0,0,0,0.0,10.125,0.9529411764705882,0
1,0,0,31,1,1.0,0.0,0.0,1.0,1.0,1.0,0.0,1,96.6,2877.95,0,0,1,0,1,0,0,1,0,0,0,4.0,19.32,1,0,1,1,0,0.0,3.01875,29.48719262295082,1
0,0,0,9,1,0.0,0.0,0.0,0.0,0.0,0.0,0.0,1,20.45,147.55,1,0,0,1,1,0,0,0,1,0,0,0.0,20.45,0,0,1,0,0,0.0,2.045,6.87878787878788,0
0,0,0,2,1,0.0,0.0,0.0,0.0,0.0,0.0,0.0,1,69.8,134.7,0,0,1,0,1,0,0,0,1,0,0,0.0,69.8,0,0,1,1,0,1.0,23.266666666666666,1.9025423728813557,0
0,1,1,60,1,1.0,1.0,0.0,1.0,0.0,1.0,0.0,1,95.4,5812.0,0,0,1,0,0,1,0,1,0,0,0,4.0,19.080000000000002,1,1,1,0,0,0.0,1.5639344262295083,60.29045643153527,2
1,0,0,1,0,0.0,0.0,0.0,0.0,0.0,0.0,0.0,1,25.1,25.1,0,1,0,0,1,0,0,0,0,1,0,0.0,25.1,0,0,0,0,1,0.0,12.55,0.9616858237547893,0
0,0,0,8,1,0.0,0.0,0.0,0.0,0.0,0.0,0.0,0,43.55,335.4,0,1,0,0,1,0,0,0,0,0,1,0.0,43.55,0,0,0,0,0,0.0,4.838888888888889,7.5286195286195285,0
0,1,1,49,1,0.0,1.0,0.0,1.0,1.0,0.0,0.0,0,61.75,3024.15,1,1,0,0,1,0,0,1,0,0,0,3.0,15.4375,0,0,1,0,0,0.0,1.235,48.19362549800797,2
1,1,0,17,1,0.0,0.0,1.0,0.0,0.0,0.0,0.0,1,76.45,1233.4,0,0,1,0,1,0,0,0,0,1,0,1.0,38.225,0,0,0,1,1,1.0,4.247222222222223,15.925112976113622,1
0,0,0,1,1,0.0,0.0,1.0,0.0,1.0,1.0,0.0,0,91.7,91.7,1,0,1,0,1,0,0,0,0,1,0,3.0,22.925,1,0,0,1,1,0.0,45.85,0.9892125134843581,0
0,1,1,25,1,0.0,0.0,0.0,0.0,0.0,0.0,0.0,0,20.05,520.1,1,0,0,1,0,1,0,0,0,0,1,0.0,20.05,0,1,0,0,0,0.0,0.7711538461538462,24.707838479809975,1
0,1,0,71,1,1.0,0.0,0.0,0.0,0.0,0.0,0.0,1,24.4,1725.4,1,0,0,1,0,0,1,0,1,0,0,1.0,12.2,0,1,1,0,0,0.0,0.33888888888888885,67.92913385826772,3
0,0,0,56,1,1.0,0.0,1.0,1.0,0.0,1.0,1.0,1,106.8,5914.4,1,0,1,0,0,1,0,0,0,1,0,5.0,17.8,1,1,0,0,0,1.0,1.8736842105263158,54.86456400742115,2
0,1,0,22,1,1.0,1.0,0.0,0.0,1.0,1.0,0.0,0,95.9,2234.95,0,0,1,0,1,0,0,0,1,0,0,4.0,19.18,1,0,1,1,0,0.0,4.1695652173913045,23.064499484004124,1
0,1,1,40,1,1.0,0.0,0.0,1.0,1.0,0.0,0.0,1,84.85,3303.05,1,0,1,0,1,0,0,0,0,1,0,3.0,21.2125,0,0,0,1,1,0.0,2.069512195121951,38.47466511357018,2
0,1,1,52,1,0.0,0.0,1.0,1.0,1.0,1.0,0.0,1,68.75,3482.85,0,1,0,0,0,1,0,0,0,1,0,4.0,13.75,1,1,0,0,0,0.0,1.2971698113207548,49.93333333333333,2
0,0,0,41,1,0.0,0.0,1.0,0.0,1.0,1.0,0.0,1,89.55,3729.75,0,0,1,0,0,1,0,0,0,1,0,3.0,22.3875,1,1,0,0,0,0.0,2.132142857142857,41.18995030369962,2
0,0,0,2,1,0.0,0.0,0.0,0.0,0.0,0.0,0.0,0,18.75,53.15,1,0,0,1,1,0,0,1,0,0,0,0.0,18.75,0,0,1,0,0,0.0,6.25,2.6911392405063292,0
0,0,0,70,1,1.0,0.0,1.0,0.0,0.0,1.0,1.0,0,98.9,6838.6,1,0,1,0,0,1,0,0,0,1,0,4.0,19.78,1,1,0,0,0,1.0,1.3929577464788734,68.45445445445445,3
0,1,0,59,1,1.0,1.0,1.0,1.0,0.0,1.0,1.0,1,110.15,6448.05,0,0,1,0,0,1,0,0,0,1,0,6.0,15.735714285714286,1,1,0,0,0,0.0,1.8358333333333334,58.012145748987855,2
1,1,1,3,1,0.0,1.0,0.0,0.0,1.0,1.0,0.0,1,88.3,273.75,1,0,1,0,1,0,0,0,0,0,1,3.0,22.075,1,0,0,1,0,0.0,22.075,3.0655095184770436,0
0,1,0,17,1,1.0,0.0,1.0,0.0,0.0,1.0,1.0,1,75.4,1322.55,1,1,0,0,1,0,0,1,0,0,0,4.0,15.080000000000002,1,0,1,0,0,0.0,4.188888888888889,17.310863874345547,1
0,1,0,10,1,1.0,0.0,0.0,0.0,0.0,0.0,1.0,1,85.25,855.3,0,0,1,0,1,0,0,0,0,1,0,2.0,28.416666666666668,1,0,0,1,1,1.0,7.75,9.916521739130435,0
0,1,0,68,1,1.0,1.0,1.0,1.0,1.0,1.0,1.0,1,90.8,6302.85,0,1,0,0,0,0,1,0,1,0,0,7.0,11.35,1,1,1,0,0,0.0,1.3159420289855073,68.65849673202615,3
0,0,0,52,1,1.0,0.0,0.0,1.0,0.0,0.0,1.0,1,89.45,4577.75,0,0,1,0,0,0,1,0,1,0,0,3.0,22.3625,1,1,1,0,0,1.0,1.687735849056604,50.61083471531233,2
0,1,1,54,1,0.0,0.0,1.0,0.0,1.0,0.0,0.0,1,79.95,4362.05,0,0,1,0,0,0,1,1,0,0,0,2.0,26.650000000000002,0,1,1,0,0,0.0,1.4536363636363636,53.885731933292156,2
0,1,1,15,1,1.0,0.0,0.0,0.0,0.0,0.0,0.0,1,25.25,394.85,1,0,0,1,1,0,0,0,0,1,0,1.0,12.625,0,0,0,0,1,0.0,1.578125,15.041904761904762,1
0,0,0,1,1,0.0,0.0,0.0,0.0,0.0,0.0,0.0,0,46.3,46.3,0,1,0,0,1,0,0,0,0,0,1,0.0,46.3,0,0,0,0,0,0.0,23.15,0.9788583509513742,0
0,1,1,32,1,0.0,0.0,0.0,0.0,0.0,0.0,0.0,1,19.45,674.55,0,0,0,1,1,0,0,0,1,0,0,0.0,19.45,0,0,1,0,0,0.0,0.5893939393939394,32.98533007334963,1
0,1,1,4,1,0.0,1.0,0.0,0.0,0.0,0.0,0.0,0,50.3,217.1,1,1,0,0,1,0,0,0,0,1,0,1.0,25.15,0,0,0,0,1,0.0,10.059999999999999,4.23196881091618,0
0,0,0,28,1,0.0,0.0,0.0,0.0,0.0,0.0,1.0,1,80.6,2244.95,1,0,1,0,1,0,0,0,0,1,0,1.0,40.3,1,0,0,1,1,1.0,2.779310344827586,27.511642156862745,1
0,1,1,23,1,1.0,0.0,0.0,0.0,0.0,0.0,0.0,0,24.35,538.5,0,0,0,1,0,1,0,0,0,0,1,1.0,12.175,0,1,0,0,0,0.0,1.0145833333333334,21.242603550295858,1
0,1,0,72,1,1.0,0.0,1.0,1.0,0.0,1.0,1.0,1,103.75,7346.2,0,0,1,0,0,0,1,1,0,0,0,5.0,17.291666666666668,1,1,1,0,0,1.0,1.4212328767123288,70.13078758949881,3
0,0,0,2,1,0.0,0.0,0.0,1.0,0.0,1.0,1.0,0,94.95,178.1,0,0,1,0,1,0,0,0,0,1,0,3.0,23.7375,1,0,0,1,1,1.0,31.650000000000002,1.8561750911933297,0
0,1,0,72,1,1.0,1.0,1.0,1.0,1.0,1.0,1.0,1,114.1,8086.4,0,0,1,0,0,0,1,0,1,0,0,7.0,14.2625,1,1,1,0,0,0.0,1.5630136986301368,70.25543006081668,3
0,1,1,32,1,0.0,0.0,0.0,0.0,0.0,0.0,0.0,0,18.95,613.95,0,0,0,1,0,0,1,0,0,0,1,0.0,18.95,0,1,0,0,0,0.0,0.5742424242424242,30.774436090225567,1
0,1,0,40,1,1.0,0.0,1.0,0.0,0.0,1.0,0.0,0,63.9,2635.0,1,1,0,0,0,1,0,1,0,0,0,3.0,15.975,1,1,1,0,0,0.0,1.5585365853658537,40.60092449922958,2
0,0,0,12,1,1.0,0.0,1.0,0.0,0.0,1.0,0.0,1,89.75,1052.4,1,0,1,0,1,0,0,1,0,0,0,3.0,22.4375,1,0,1,1,0,1.0,6.903846153846154,11.596694214876035,0
0,1,0,40,1,0.0,0.0,1.0,1.0,0.0,0.0,0.0,1,80.0,3168.75,0,0,1,0,1,0,0,0,0,1,0,2.0,26.666666666666668,0,0,0,1,1,1.0,1.951219512195122,39.120370370370374,2
0,0,0,45,1,0.0,1.0,1.0,0.0,1.0,0.0,0.0,1,62.55,2796.45,1,1,0,0,0,1,0,0,1,0,0,3.0,15.6375,0,1,1,0,0,0.0,1.3597826086956522,44.00393391030684,2
0,0,0,18,1,1.0,0.0,0.0,0.0,1.0,1.0,0.0,1,88.35,1639.3,1,0,1,0,1,0,0,0,0,1,0,3.0,22.0875,1,0,0,1,1,0.0,4.6499999999999995,18.346950195858984,1
1,1,0,30,1,1.0,1.0,1.0,1.0,1.0,1.0,0.0,1,105.7,3181.8,0,0,1,0,1,0,0,1,0,0,0,6.0,15.1,1,0,1,1,0,0.0,3.4096774193548387,29.82005623242737,1
1,0,0,27,1,1.0,0.0,0.0,0.0,0.0,0.0,1.0,1,85.25,2287.25,1,0,1,0,1,0,0,0,0,1,0,2.0,28.416666666666668,1,0,0,1,1,1.0,3.044642857142857,26.518840579710144,1
0,1,1,35,1,0.0,0.0,0.0,0.0,0.0,0.0,0.0,0,19.65,708.8,1,0,0,1,0,1,0,0,0,0,1,0.0,19.65,0,1,0,0,0,0.0,0.5458333333333333,34.32445520581114,1
0,0,0,53,1,1.0,1.0,1.0,1.0,0.0,1.0,0.0,0,98.6,5311.85,1,0,1,0,0,1,0,0,0,0,1,5.0,16.433333333333334,1,1,0,0,0,0.0,1.8259259259259257,53.33182730923696,2
1,0,0,13,1,1.0,1.0,0.0,0.0,0.0,1.0,1.0,1,100.8,1308.1,1,0,1,0,1,0,0,0,0,1,0,4.0,20.16,1,0,0,1,1,0.0,7.2,12.849705304518663,1
0,0,1,44,1,1.0,0.0,1.0,0.0,0.0,1.0,1.0,1,77.55,3471.1,1,1,0,0,0,1,0,0,0,0,1,4.0,15.51,1,1,0,0,0,0.0,1.7233333333333332,44.18968809675366,2
0,1,0,72,1,0.0,1.0,1.0,0.0,1.0,1.0,1.0,1,79.35,5753.25,0,1,0,0,0,0,1,1,0,0,0,5.0,13.225,1,1,1,0,0,0.0,1.0869863013698629,71.60236465463598,3
0,0,0,41,1,1.0,0.0,0.0,1.0,0.0,0.0,1.0,0,65.0,2531.8,0,1,0,0,0,1,0,0,0,0,1,3.0,16.25,1,1,0,0,0,0.0,1.5476190476190477,38.36060606060607,2
0,1,0,63,1,1.0,1.0,1.0,0.0,0.0,1.0,1.0,1,79.7,4786.15,1,1,0,0,0,1,0,0,1,0,0,5.0,13.283333333333333,1,1,1,0,0,0.0,1.2453125,59.3079306071871,3
0,1,0,47,1,0.0,0.0,1.0,1.0,0.0,1.0,1.0,0,73.6,3522.65,0,1,0,0,0,0,1,0,0,1,0,4.0,14.719999999999999,1,1,0,0,0,0.0,1.5333333333333332,47.22050938337802,2
1,0,0,64,1,0.0,1.0,1.0,0.0,1.0,1.0,0.0,1,70.2,4481.0,1,1,0,0,0,0,1,0,1,0,0,4.0,14.040000000000001,1,1,1,0,0,0.0,1.08,62.93539325842696,3
0,1,1,14,1,1.0,0.0,1.0,0.0,0.0,0.0,1.0,1,90.9,1259.0,1,0,1,0,1,0,0,1,0,0,0,3.0,22.725,1,0,1,1,0,1.0,6.0600000000000005,13.699673558215451,1
0,1,0,72,0,0.0,1.0,1.0,1.0,0.0,0.0,1.0,1,49.2,3580.95,1,1,0,0,0,0,1,0,0,1,0,4.0,9.84,1,1,0,0,0,0.0,0.673972602739726,71.33366533864542,3
0,1,1,72,1,1.0,0.0,0.0,0.0,0.0,0.0,0.0,1,25.1,1790.8,0,0,0,1,0,0,1,0,1,0,0,1.0,12.55,0,1,1,0,0,0.0,0.3438356164383562,68.61302681992336,3
0,1,1,17,1,0.0,1.0,0.0,1.0,0.0,1.0,0.0,1,89.4,1539.45,0,0,1,0,1,0,0,0,0,1,0,3.0,22.35,1,0,0,1,1,0.0,4.966666666666667,17.029314159292035,1
0,0,0,18,1,0.0,0.0,0.0,0.0,0.0,0.0,0.0,0,20.1,401.85,0,0,0,1,0,1,0,0,0,0,1,0.0,20.1,0,1,0,0,0,0.0,1.0578947368421054,19.045023696682463,1
0,1,1,27,1,1.0,0.0,0.0,0.0,0.0,0.0,0.0,0,24.5,761.95,1,0,0,1,0,0,1,0,0,1,0,1.0,12.25,0,1,0,0,0,0.0,0.875,29.880392156862747,1
0,0,1,67,1,1.0,0.0,1.0,0.0,1.0,1.0,1.0,1,104.0,7039.05,1,0,1,0,0,0,1,0,0,1,0,5.0,17.333333333333332,1,1,0,0,0,0.0,1.5294117647058822,67.03857142857143,3
0,0,0,4,1,0.0,0.0,0.0,0.0,0.0,0.0,0.0,0,20.05,83.3,1,0,0,1,1,0,0,0,0,0,1,0.0,20.05,0,0,0,0,0,0.0,4.01,3.9572446555819476,0
1,0,0,2,1,1.0,0.0,0.0,0.0,0.0,0.0,0.0,1,75.45,158.4,1,0,1,0,1,0,0,0,0,0,1,1.0,37.725,0,0,0,1,0,1.0,25.150000000000002,2.0719424460431655,0
0,0,0,1,1,0.0,0.0,0.0,0.0,0.0,0.0,1.0,1,79.25,79.25,0,0,1,0,1,0,0,0,0,1,0,1.0,39.625,1,0,0,1,1,1.0,39.625,0.9875389408099688,0
0,1,1,19,1,0.0,0.0,0.0,0.0,0.0,0.0,0.0,0,19.9,357.7,0,0,0,1,0,1,0,0,0,0,1,0.0,19.9,0,1,0,0,0,0.0,0.9949999999999999,17.114832535885167,1
0,0,0,12,1,0.0,0.0,0.0,0.0,0.0,0.0,0.0,1,45.05,523.1,1,1,0,0,1,0,0,0,0,1,0,0.0,45.05,0,0,0,0,1,0.0,3.465384615384615,11.359391965255158,0
0,1,1,72,1,0.0,1.0,1.0,1.0,1.0,1.0,1.0,0,85.3,6129.2,1,1,0,0,0,0,1,1,0,0,0,6.0,12.185714285714285,1,1,1,0,0,0.0,1.1684931506849314,71.02201622247972,3
0,1,1,57,1,0.0,1.0,1.0,0.0,1.0,0.0,0.0,0,59.6,3509.4,0,1,0,0,0,1,0,0,0,0,1,3.0,14.9,0,1,0,0,0,0.0,1.0275862068965518,57.91089108910891,2
0,0,0,30,1,1.0,1.0,0.0,0.0,0.0,0.0,1.0,1,64.5,1888.45,0,1,0,0,1,0,0,0,0,0,1,3.0,16.125,1,0,0,0,0,0.0,2.0806451612903225,28.831297709923664,1
0,0,0,1,1,1.0,0.0,0.0,0.0,0.0,1.0,0.0,0,84.5,84.5,0,0,1,0,1,0,0,0,0,1,0,2.0,28.166666666666668,1,0,0,1,1,1.0,42.25,0.9883040935672515,0
1,0,0,12,1,0.0,0.0,1.0,1.0,1.0,0.0,0.0,1,83.8,1029.75,0,0,1,0,1,0,0,0,0,0,1,3.0,20.95,0,0,0,1,0,0.0,6.446153846153846,12.143278301886793,0
0,1,0,50,1,1.0,1.0,0.0,1.0,0.0,1.0,1.0,1,104.4,5232.9,1,0,1,0,0,1,0,0,0,0,1,5.0,17.400000000000002,1,1,0,0,0,0.0,2.047058823529412,49.64800759013282,2
0,0,0,23,1,0.0,0.0,1.0,1.0,1.0,0.0,0.0,0,83.2,2032.3,1,0,1,0,1,0,0,1,0,0,0,3.0,20.8,0,0,1,1,0,0.0,3.466666666666667,24.136579572446553,1
0,1,0,55,1,0.0,1.0,1.0,1.0,0.0,0.0,0.0,0,58.6,3068.6,0,1,0,0,0,0,1,0,0,1,0,3.0,14.65,0,1,0,0,0,0.0,1.0464285714285715,51.48657718120805,2
0,1,0,35,1,1.0,0.0,1.0,0.0,1.0,1.0,0.0,1,69.0,2441.7,0,1,0,0,0,1,0,0,0,1,0,4.0,13.8,1,1,0,0,0,0.0,1.9166666666666667,34.88142857142857,1
0,0,0,1,0,0.0,0.0,0.0,0.0,0.0,0.0,0.0,1,25.1,25.1,1,1,0,0,1,0,0,0,0,0,1,0.0,25.1,0,0,0,0,0,0.0,12.55,0.9616858237547893,0
0,0,0,27,1,1.0,0.0,0.0,1.0,0.0,1.0,1.0,1,100.5,2673.45,0,0,1,0,0,1,0,1,0,0,0,4.0,20.1,1,1,1,0,0,1.0,3.5892857142857144,26.339408866995072,1
0,1,1,30,1,1.0,0.0,0.0,1.0,0.0,1.0,1.0,1,100.05,3046.15,1,0,1,0,1,0,0,0,0,1,0,4.0,20.009999999999998,1,0,0,1,1,1.0,3.22741935483871,30.14497773379515,1
1,1,0,22,1,1.0,1.0,1.0,0.0,1.0,0.0,0.0,1,63.55,1381.8,1,1,0,0,1,0,0,0,0,0,1,4.0,12.709999999999999,0,0,0,0,0,0.0,2.7630434782608693,21.406661502711078,1
1,0,0,24,1,1.0,0.0,1.0,0.0,0.0,0.0,0.0,0,54.8,1291.3,0,1,0,0,1,0,0,0,1,0,0,2.0,18.266666666666666,0,0,1,0,0,0.0,2.1919999999999997,23.1415770609319,1
1,0,0,59,1,1.0,0.0,0.0,1.0,0.0,1.0,1.0,1,99.5,5890.0,1,0,1,0,0,1,0,0,0,1,0,4.0,19.9,1,1,0,0,0,1.0,1.6583333333333334,58.60696517412935,2
0,0,0,1,1,0.0,0.0,0.0,0.0,0.0,0.0,1.0,1,55.25,55.25,0,1,0,0,1,0,0,0,0,1,0,1.0,27.625,1,0,0,0,1,0.0,27.625,0.9822222222222222,0
0,1,1,17,0,0.0,1.0,0.0,1.0,0.0,1.0,0.0,0,44.45,792.15,0,1,0,0,0,1,0,0,1,0,0,3.0,11.1125,1,1,1,0,0,0.0,2.4694444444444446,17.429042904290426,1
0,0,0,26,1,1.0,0.0,0.0,1.0,0.0,1.0,1.0,1,100.5,2599.95,1,0,1,0,1,0,0,1,0,0,0,4.0,20.1,1,0,1,1,0,1.0,3.7222222222222223,25.615270935960588,1
0,1,1,13,1,0.0,0.0,0.0,0.0,0.0,1.0,1.0,0,88.35,1222.8,1,0,1,0,1,0,0,0,0,1,0,2.0,29.45,1,0,0,1,1,1.0,6.310714285714285,13.685506435366536,1
0,0,0,58,1,1.0,0.0,0.0,0.0,0.0,0.0,0.0,0,24.35,1423.85,1,0,0,1,0,0,1,0,1,0,0,1.0,12.175,0,1,1,0,0,0.0,0.4127118644067797,56.16765285996055,2
1,0,0,44,1,1.0,1.0,1.0,1.0,0.0,1.0,1.0,1,109.8,4860.35,1,0,1,0,0,1,0,0,1,0,0,6.0,15.685714285714285,1,1,1,0,0,0.0,2.44,43.865974729241884,2
0,1,1,67,1,1.0,0.0,1.0,1.0,0.0,0.0,0.0,0,87.4,5918.8,0,0,1,0,0,1,0,0,0,1,0,3.0,21.85,0,1,0,0,0,1.0,1.285294117647059,66.95475113122171,3
0,0,0,5,1,1.0,0.0,0.0,0.0,0.0,0.0,0.0,0,75.55,413.65,1,0,1,0,1,0,0,0,0,1,0,1.0,37.775,0,0,0,1,1,1.0,12.591666666666667,5.40365774003919,0
1,1,0,16,1,0.0,0.0,0.0,0.0,0.0,0.0,0.0,1,71.8,1167.8,0,0,1,0,1,0,0,1,0,0,0,0.0,71.8,0,0,1,1,0,1.0,4.223529411764706,16.041208791208792,1
0,1,1,57,1,1.0,1.0,0.0,1.0,1.0,1.0,1.0,1,84.5,4845.4,1,1,0,0,0,0,1,0,0,1,0,6.0,12.071428571428571,1,1,0,0,0,0.0,1.456896551724138,56.67134502923976,2
0,0,0,12,1,0.0,0.0,0.0,0.0,0.0,0.0,1.0,0,78.1,947.3,1,0,1,0,1,0,0,1,0,0,0,1.0,39.05,1,0,1,1,0,1.0,6.007692307692308,11.975979772439949,0
0,0,0,24,1,1.0,0.0,0.0,0.0,0.0,0.0,0.0,0,25.15,553.0,1,0,0,1,0,0,1,0,1,0,0,1.0,12.575,0,1,1,0,0,0.0,1.006,21.147227533460804,1
1,0,0,54,1,0.0,0.0,0.0,1.0,1.0,0.0,1.0,0,65.25,3529.95,0,1,0,0,0,1,0,1,0,0,0,3.0,16.3125,1,1,1,0,0,0.0,1.1863636363636363,53.28226415094339,2
0,1,1,1,1,0.0,0.0,1.0,0.0,0.0,0.0,0.0,1,74.7,74.7,1,0,1,0,1,0,0,0,0,1,0,1.0,37.35,0,0,0,1,1,1.0,37.35,0.9867899603698811,0
0,1,0,72,1,1.0,1.0,1.0,1.0,1.0,0.0,1.0,0,79.55,5810.9,0,1,0,0,0,0,1,0,1,0,0,6.0,11.364285714285714,1,1,1,0,0,0.0,1.0897260273972602,72.14028553693358,3
0,0,1,11,1,1.0,0.0,0.0,1.0,0.0,0.0,0.0,1,78.0,851.8,0,0,1,0,1,0,0,0,0,0,1,2.0,26.0,0,0,0,1,0,1.0,6.5,10.782278481012657,0
0,1,1,42,1,0.0,0.0,0.0,0.0,0.0,0.0,0.0,0,20.25,854.9,0,0,0,1,0,1,0,0,0,0,1,0.0,20.25,0,1,0,0,0,0.0,0.47093023255813954,40.230588235294114,2
0,0,1,44,1,0.0,0.0,0.0,0.0,0.0,0.0,0.0,0,19.9,868.1,1,0,0,1,0,0,1,0,0,0,1,0.0,19.9,0,1,0,0,0,0.0,0.4422222222222222,41.535885167464116,2
1,0,0,1,0,0.0,0.0,0.0,1.0,0.0,0.0,1.0,1,39.65,39.65,0,1,0,0,1,0,0,0,0,1,0,2.0,13.216666666666667,1,0,0,0,1,0.0,19.825,0.97539975399754,0
0,1,1,54,1,1.0,0.0,0.0,0.0,0.0,0.0,0.0,1,24.75,1342.15,1,0,0,1,0,1,0,1,0,0,0,1.0,12.375,0,1,1,0,0,0.0,0.45,52.122330097087385,2
0,1,1,64,1,0.0,0.0,0.0,0.0,0.0,0.0,0.0,1,19.7,1274.05,0,0,0,1,0,0,1,1,0,0,0,0.0,19.7,0,1,1,0,0,0.0,0.3030769230769231,61.54830917874396,3
0,0,0,33,1,1.0,1.0,0.0,0.0,0.0,0.0,0.0,0,80.1,2603.3,0,0,1,0,0,1,0,1,0,0,0,2.0,26.7,0,1,1,0,0,0.0,2.355882352941176,32.099876695437736,1
0,1,1,35,1,1.0,0.0,0.0,0.0,0.0,0.0,0.0,1,25.75,882.55,1,0,0,1,1,0,0,0,0,1,0,1.0,12.875,0,0,0,0,1,0.0,0.7152777777777778,32.99252336448598,1
0,0,0,8,1,1.0,0.0,1.0,0.0,0.0,1.0,1.0,0,100.85,819.55,0,0,1,0,1,0,0,0,0,1,0,4.0,20.169999999999998,1,0,0,1,1,1.0,11.205555555555556,8.046637211585665,0
0,1,0,8,1,0.0,1.0,0.0,0.0,1.0,0.0,1.0,0,65.5,564.35,1,1,0,0,0,0,1,0,0,0,1,3.0,16.375,1,1,0,0,0,0.0,7.277777777777778,8.486466165413534,0
0,0,1,13,1,0.0,0.0,0.0,1.0,1.0,0.0,0.0,0,53.45,718.1,1,1,0,0,1,0,0,0,0,0,1,2.0,17.816666666666666,0,0,0,0,0,0.0,3.817857142857143,13.188246097337005,1
0,1,1,4,1,1.0,0.0,0.0,0.0,0.0,0.0,0.0,1,50.9,225.6,0,1,0,0,1,0,0,0,0,1,0,1.0,25.45,0,0,0,0,1,0.0,10.18,4.3468208092485545,0
0,1,1,72,1,1.0,1.0,1.0,1.0,1.0,1.0,1.0,1,90.6,6441.85,0,1,0,0,0,0,1,0,1,0,0,7.0,11.325,1,1,1,0,0,0.0,1.2410958904109588,70.32587336244542,3
1,0,0,17,1,1.0,0.0,0.0,0.0,0.0,1.0,1.0,1,94.2,1608.15,1,0,1,0,1,0,0,0,0,1,0,3.0,23.55,1,0,0,1,1,1.0,5.233333333333333,16.89233193277311,1
0,1,1,58,1,1.0,0.0,1.0,1.0,0.0,1.0,1.0,1,105.2,6225.4,1,0,1,0,0,1,0,0,1,0,0,5.0,17.533333333333335,1,1,1,0,0,1.0,1.7830508474576272,58.61958568738229,2
0,0,0,72,1,1.0,0.0,1.0,1.0,0.0,1.0,1.0,1,104.95,7544.3,0,0,1,0,0,1,0,0,0,1,0,5.0,17.491666666666667,1,1,0,0,0,1.0,1.4376712328767123,71.20622935346861,3
0,0,0,2,1,0.0,0.0,0.0,0.0,0.0,0.0,0.0,1,19.65,38.8,0,0,0,1,1,0,0,0,0,0,1,0.0,19.65,0,0,0,0,0,0.0,6.55,1.8789346246973366,0
0,0,0,17,1,0.0,1.0,1.0,0.0,1.0,1.0,1.0,0,79.85,1387.35,1,1,0,0,0,1,0,0,1,0,0,5.0,13.308333333333332,1,1,1,0,0,0.0,4.436111111111111,17.159554730983302,1
0,1,0,10,1,0.0,0.0,0.0,0.0,0.0,1.0,0.0,1,79.95,857.2,0,0,1,0,1,0,0,0,0,1,0,1.0,39.975,1,0,0,1,1,1.0,7.2681818181818185,10.589252625077208,0
0,1,0,22,1,1.0,1.0,0.0,0.0,1.0,1.0,1.0,1,79.2,1742.75,1,1,0,0,1,0,0,0,0,1,0,5.0,13.200000000000001,1,0,0,0,1,0.0,3.4434782608695653,21.73004987531172,1
0,0,0,3,1,0.0,0.0,0.0,0.0,0.0,0.0,0.0,1,45.35,141.5,0,1,0,0,1,0,0,0,0,1,0,0.0,45.35,0,0,0,0,1,0.0,11.3375,3.052858683926645,0
0,0,0,25,1,1.0,0.0,0.0,0.0,0.0,0.0,0.0,0,25.3,676.35,0,0,0,1,0,1,0,1,0,0,0,1.0,12.65,0,1,1,0,0,0.0,0.9730769230769231,25.716730038022813,1
0,1,1,69,1,1.0,1.0,1.0,1.0,1.0,1.0,1.0,0,113.25,7895.15,1,0,1,0,0,0,1,0,1,0,0,7.0,14.15625,1,1,1,0,0,0.0,1.6178571428571429,69.10415754923413,3
0,0,1,71,1,1.0,0.0,0.0,0.0,0.0,0.0,0.0,0,24.35,1654.6,0,0,0,1,0,0,1,0,0,0,1,1.0,12.175,0,1,0,0,0,0.0,0.33819444444444446,65.27021696252464,3
0,1,1,68,1,1.0,0.0,1.0,0.0,0.0,1.0,1.0,1,101.05,6770.5,0,0,1,0,0,1,0,0,1,0,0,4.0,20.21,1,1,1,0,0,1.0,1.4644927536231884,66.34492895639393,3
0,0,0,63,1,0.0,0.0,0.0,1.0,0.0,0.0,1.0,0,58.55,3503.5,1,1,0,0,0,1,0,0,1,0,0,2.0,19.516666666666666,1,1,1,0,0,0.0,0.91484375,58.83291351805206,3
1,0,0,24,1,1.0,0.0,1.0,1.0,0.0,1.0,1.0,1,102.95,2496.7,0,0,1,0,1,0,0,0,1,0,0,5.0,17.158333333333335,1,0,1,1,0,1.0,4.118,24.018278018278014,1
0,1,0,46,1,1.0,0.0,0.0,0.0,0.0,0.0,0.0,1,24.45,1066.15,1,0,0,1,0,1,0,1,0,0,0,1.0,12.225,0,1,1,0,0,0.0,0.5202127659574468,41.891944990176825,2
0,0,0,30,1,0.0,1.0,1.0,1.0,1.0,1.0,1.0,0,85.35,2530.4,1,1,0,0,0,1,0,1,0,0,0,6.0,12.192857142857141,1,1,1,0,0,0.0,2.7532258064516126,29.303995367689637,1
0,1,1,68,1,1.0,0.0,0.0,0.0,0.0,0.0,0.0,1,24.0,1664.3,0,0,0,1,0,0,1,1,0,0,0,1.0,12.0,0,1,1,0,0,0.0,0.34782608695652173,66.572,3
0,1,1,4,0,0.0,1.0,0.0,0.0,0.0,1.0,0.0,0,38.55,156.1,0,1,0,0,1,0,0,0,1,0,0,2.0,12.85,1,0,1,0,0,0.0,7.709999999999999,3.946902654867257,0
1,0,0,1,1,1.0,0.0,0.0,0.0,0.0,1.0,0.0,1,85.7,85.7,1,0,1,0,1,0,0,0,0,1,0,2.0,28.566666666666666,1,0,0,1,1,1.0,42.85,0.9884659746251442,0
0,1,1,23,1,0.0,1.0,0.0,0.0,1.0,1.0,1.0,1,99.85,2331.3,0,0,1,0,1,0,0,0,0,1,0,4.0,19.97,1,0,0,1,1,0.0,4.160416666666666,23.116509667823504,1
0,0,0,27,1,0.0,1.0,1.0,0.0,0.0,0.0,0.0,0,52.85,1498.65,1,1,0,0,0,0,1,1,0,0,0,2.0,17.616666666666667,0,1,1,0,0,0.0,1.8875,27.83008356545961,1
0,1,1,6,1,0.0,0.0,0.0,0.0,0.0,0.0,0.0,0,45.5,285.2,1,1,0,0,1,0,0,0,0,0,1,0.0,45.5,0,0,0,0,0,0.0,6.5,6.133333333333333,0
0,0,1,64,1,0.0,0.0,1.0,0.0,1.0,1.0,1.0,1,99.15,6171.2,0,0,1,0,1,0,0,0,1,0,0,4.0,19.830000000000002,1,0,1,1,0,0.0,1.5253846153846156,61.61957064403394,3
0,1,0,2,1,0.0,1.0,0.0,0.0,0.0,0.0,1.0,1,62.15,113.1,1,1,0,0,1,0,0,0,0,0,1,2.0,20.716666666666665,1,0,0,0,0,0.0,20.716666666666665,1.7909738717339667,0
1,1,0,40,1,0.0,0.0,0.0,0.0,0.0,0.0,1.0,0,55.8,2283.3,0,1,0,0,0,1,0,0,0,1,0,1.0,27.9,1,1,0,0,0,0.0,1.3609756097560974,40.19894366197184,2
0,1,0,9,1,0.0,0.0,0.0,1.0,0.0,0.0,0.0,1,75.75,655.9,1,0,1,0,1,0,0,1,0,0,0,1.0,37.875,0,0,1,1,0,1.0,7.575,8.545928338762215,0
0,1,1,33,1,1.0,0.0,1.0,1.0,1.0,0.0,0.0,0,88.6,2888.7,1,0,1,0,1,0,0,0,1,0,0,4.0,17.72,0,0,1,1,0,0.0,2.605882352941176,32.239955357142854,1
0,0,0,23,1,1.0,0.0,0.0,1.0,1.0,1.0,1.0,1,104.05,2470.1,0,0,1,0,1,0,0,0,0,0,1,5.0,17.341666666666665,1,0,0,1,0,0.0,4.335416666666666,23.51356496906235,1
0,1,1,72,0,0.0,0.0,1.0,0.0,1.0,1.0,1.0,0,53.65,3784.0,1,1,0,0,0,0,1,0,1,0,0,4.0,10.73,1,1,1,0,0,0.0,0.7349315068493151,69.24062214089662,3
0,1,1,71,1,1.0,1.0,1.0,1.0,1.0,1.0,1.0,1,90.55,6239.05,1,1,0,0,0,0,1,0,1,0,0,7.0,11.31875,1,1,1,0,0,0.0,1.2576388888888888,68.14909885308575,3
0,1,1,68,1,0.0,0.0,1.0,1.0,1.0,1.0,1.0,0,105.75,7322.5,0,0,1,0,0,1,0,0,1,0,0,5.0,17.625,1,1,1,0,0,0.0,1.5326086956521738,68.59484777517564,3
1,1,0,39,1,0.0,1.0,1.0,0.0,0.0,1.0,1.0,0,99.1,3877.95,1,0,1,0,0,1,0,0,0,0,1,4.0,19.82,1,1,0,0,0,0.0,2.4775,38.74075924075924,2
0,0,0,19,0,0.0,0.0,0.0,0.0,0.0,1.0,1.0,1,44.85,893.55,1,1,0,0,0,1,0,0,1,0,0,2.0,14.950000000000001,1,1,1,0,0,0.0,2.2425,19.488549618320608,1
0,1,1,61,1,1.0,0.0,0.0,0.0,0.0,0.0,0.0,1,24.2,1445.2,1,0,0,1,0,0,1,0,0,0,1,1.0,12.1,0,1,0,0,0,0.0,0.3903225806451613,57.349206349206355,3
0,1,1,12,0,0.0,0.0,1.0,0.0,0.0,0.0,0.0,0,29.2,309.1,1,1,0,0,1,0,0,0,0,0,1,1.0,14.6,0,0,0,0,0,0.0,2.246153846153846,10.235099337748345,0
0,1,1,72,1,1.0,0.0,1.0,0.0,0.0,1.0,0.0,1,89.7,6588.95,0,0,1,0,0,1,0,0,0,1,0,3.0,22.425,1,1,0,0,0,1.0,1.2287671232876713,72.64553472987872,3
1,1,1,61,1,1.0,0.0,0.0,1.0,0.0,1.0,0.0,1,65.2,3965.05,1,1,0,0,0,1,0,0,0,1,0,3.0,16.3,1,1,0,0,0,0.0,1.0516129032258066,59.89501510574018,3
0,0,0,3,1,0.0,0.0,0.0,0.0,0.0,0.0,0.0,0,20.7,57.5,0,0,0,1,1,0,0,0,0,0,1,0.0,20.7,0,0,0,0,0,0.0,5.175,2.6497695852534564,0
0,1,1,72,1,1.0,1.0,1.0,0.0,1.0,1.0,0.0,0,74.55,5430.65,1,1,0,0,0,0,1,0,0,0,1,5.0,12.424999999999999,1,1,0,0,0,0.0,1.0212328767123287,71.88153540701522,3
0,1,1,30,1,0.0,0.0,0.0,0.0,0.0,0.0,0.0,0,19.55,608.5,1,0,0,1,0,1,0,1,0,0,0,0.0,19.55,0,1,1,0,0,0.0,0.6306451612903226,29.610705596107056,1
0,0,0,35,1,1.0,0.0,0.0,1.0,0.0,1.0,1.0,1,100.25,3527.6,1,0,1,0,1,0,0,0,0,1,0,4.0,20.05,1,0,0,1,1,1.0,2.7847222222222223,34.84049382716049,1
0,0,0,3,0,0.0,0.0,1.0,0.0,0.0,1.0,1.0,1,50.6,155.35,1,1,0,0,1,0,0,0,0,1,0,3.0,12.65,1,0,0,0,1,0.0,12.65,3.010658914728682,0
0,0,0,49,1,0.0,0.0,0.0,1.0,1.0,1.0,1.0,0,100.65,4917.75,1,0,1,0,0,0,1,0,1,0,0,4.0,20.130000000000003,1,1,1,0,0,0.0,2.013,48.37924249877029,2
0,0,0,5,1,0.0,0.0,0.0,0.0,0.0,0.0,0.0,1,69.75,324.6,0,0,1,0,1,0,0,0,0,1,0,0.0,69.75,0,0,0,1,1,1.0,11.625,4.587985865724382,0
0,1,0,71,1,1.0,0.0,1.0,1.0,1.0,1.0,1.0,1,113.15,7953.25,0,0,1,0,0,1,0,1,0,0,0,6.0,16.164285714285715,1,1,1,0,0,0.0,1.5715277777777779,69.67367498904949,3
0,1,0,2,1,0.0,0.0,0.0,0.0,0.0,0.0,0.0,0,19.85,52.0,1,0,0,1,1,0,0,1,0,0,0,0.0,19.85,0,0,1,0,0,0.0,6.616666666666667,2.4940047961630696,0
0,0,0,1,1,0.0,0.0,0.0,0.0,0.0,1.0,1.0,1,89.25,89.25,0,0,1,0,1,0,0,0,0,1,0,2.0,29.75,1,0,0,1,1,1.0,44.625,0.9889196675900277,0
0,1,0,54,1,0.0,1.0,1.0,1.0,1.0,1.0,1.0,0,109.75,6110.2,0,0,1,0,0,0,1,1,0,0,0,6.0,15.678571428571429,1,1,1,0,0,0.0,1.9954545454545454,55.171106094808124,2
0,0,1,1,1,0.0,1.0,0.0,0.0,0.0,0.0,0.0,1,73.6,73.6,1,0,1,0,1,0,0,0,0,0,1,1.0,36.8,0,0,0,1,0,0.0,36.8,0.9865951742627346,0
1,0,0,12,1,1.0,0.0,0.0,1.0,0.0,1.0,1.0,1,99.45,1200.15,0,0,1,0,1,0,0,0,0,1,0,4.0,19.89,1,0,0,1,1,1.0,7.65,11.947735191637632,0
1,0,0,45,1,1.0,1.0,1.0,0.0,1.0,1.0,0.0,1,97.05,4385.05,1,0,1,0,1,0,0,0,0,1,0,5.0,16.175,1,0,0,1,1,0.0,2.109782608695652,44.72259051504335,2
0,1,0,18,1,0.0,0.0,0.0,0.0,0.0,0.0,0.0,1,44.35,768.05,0,1,0,0,1,0,0,1,0,0,0,0.0,44.35,0,0,1,0,0,0.0,2.3342105263157897,16.936052921719956,1
0,0,0,43,1,0.0,1.0,1.0,1.0,1.0,0.0,0.0,1,90.65,3882.3,0,0,1,0,0,1,0,0,1,0,0,4.0,18.130000000000003,0,1,1,0,0,0.0,2.060227272727273,42.36006546644845,2
0,1,1,66,1,1.0,0.0,0.0,0.0,0.0,0.0,0.0,1,25.3,1672.35,0,0,0,1,0,0,1,0,1,0,0,1.0,12.65,0,1,1,0,0,0.0,0.3776119402985075,63.587452471482884,3
0,0,0,1,1,0.0,0.0,0.0,0.0,0.0,0.0,0.0,1,70.6,70.6,0,0,1,0,1,0,0,0,0,0,1,0.0,70.6,0,0,0,1,0,1.0,35.3,0.9860335195530726,0
1,0,0,1,1,0.0,0.0,0.0,0.0,0.0,0.0,0.0,0,20.05,20.05,0,0,0,1,1,0,0,0,0,0,1,0.0,20.05,0,0,0,0,0,0.0,10.025,0.9524940617577197,0
0,1,1,69,1,0.0,0.0,0.0,0.0,0.0,0.0,0.0,0,20.2,1376.5,0,0,0,1,0,0,1,1,0,0,0,0.0,20.2,0,1,1,0,0,0.0,0.28857142857142853,64.92924528301887,3
0,1,1,66,1,1.0,1.0,1.0,1.0,1.0,1.0,1.0,0,89.9,5958.85,1,1,0,0,0,0,1,0,1,0,0,7.0,11.2375,1,1,1,0,0,0.0,1.3417910447761194,65.55390539053906,3
0,0,1,21,1,1.0,0.0,0.0,0.0,0.0,0.0,0.0,0,24.7,467.15,0,0,0,1,1,0,0,0,0,0,1,1.0,12.35,0,0,0,0,0,0.0,1.1227272727272728,18.17704280155642,1
0,0,0,1,1,1.0,0.0,0.0,0.0,0.0,1.0,1.0,1,95.45,95.45,0,0,1,0,1,0,0,0,0,1,0,3.0,23.8625,1,0,0,1,1,1.0,47.725,0.9896319336443753,0
0,0,0,24,1,1.0,0.0,1.0,1.0,0.0,0.0,0.0,1,84.85,2048.8,0,0,1,0,1,0,0,1,0,0,0,3.0,21.2125,0,0,1,1,0,1.0,3.3939999999999997,23.864880605707633,1
0,1,0,60,1,0.0,0.0,0.0,0.0,0.0,0.0,0.0,1,20.5,1198.8,0,0,0,1,0,0,1,1,0,0,0,0.0,20.5,0,1,1,0,0,0.0,0.3360655737704918,55.75813953488372,2
0,0,0,27,1,0.0,1.0,0.0,1.0,1.0,1.0,0.0,0,69.35,1927.3,0,1,0,0,0,1,0,0,1,0,0,4.0,13.87,1,1,1,0,0,0.0,2.476785714285714,27.39587775408671,1
1,1,0,54,1,1.0,0.0,0.0,0.0,0.0,0.0,0.0,0,74.0,3919.15,0,0,1,0,1,0,0,1,0,0,0,1.0,37.0,0,0,1,1,0,1.0,1.3454545454545455,52.25533333333333,2
0,0,0,14,0,0.0,0.0,0.0,1.0,1.0,1.0,1.0,1,55.0,771.95,0,1,0,0,1,0,0,0,0,1,0,4.0,11.0,1,0,0,0,1,0.0,3.6666666666666665,13.78482142857143,1
1,1,1,20,1,0.0,1.0,0.0,1.0,1.0,0.0,1.0,0,94.3,1818.3,0,0,1,0,0,1,0,0,1,0,0,4.0,18.86,1,1,1,0,0,0.0,4.4904761904761905,19.079748163693598,1
0,1,1,43,1,1.0,0.0,0.0,0.0,0.0,0.0,0.0,1,24.45,993.15,1,0,0,1,0,1,0,1,0,0,0,1.0,12.225,0,1,1,0,0,0.0,0.5556818181818182,39.02357563850688,2
1,0,0,2,1,0.0,0.0,0.0,0.0,0.0,0.0,1.0,1,79.75,159.4,1,0,1,0,1,0,0,1,0,0,0,1.0,39.875,1,0,1,1,0,1.0,26.583333333333332,1.9739938080495356,0
0,0,0,36,1,1.0,1.0,0.0,1.0,1.0,1.0,1.0,1,89.65,3348.1,1,1,0,0,0,1,0,0,1,0,0,6.0,12.807142857142859,1,1,1,0,0,0.0,2.422972972972973,36.93436293436293,1
1,1,0,60,1,0.0,1.0,1.0,1.0,1.0,1.0,1.0,1,110.0,6668.35,1,0,1,0,0,0,1,1,0,0,0,6.0,15.714285714285714,1,1,1,0,0,0.0,1.8032786885245902,60.07522522522523,2
0,1,0,61,1,1.0,0.0,0.0,0.0,0.0,1.0,1.0,1,96.5,5673.7,0,0,1,0,0,1,0,1,0,0,0,3.0,24.125,1,1,1,0,0,1.0,1.5564516129032258,58.19179487179487,3
0,1,1,3,1,0.0,0.0,0.0,0.0,0.0,0.0,1.0,1,80.3,250.05,1,0,1,0,1,0,0,0,0,1,0,1.0,40.15,1,0,0,1,1,1.0,20.075,3.0756457564575648,0
0,1,1,17,1,1.0,1.0,0.0,1.0,0.0,1.0,1.0,1,104.2,1743.5,1,0,1,0,1,0,0,0,0,1,0,5.0,17.366666666666667,1,0,0,1,1,0.0,5.788888888888889,16.57319391634981,1
0,1,1,25,0,0.0,1.0,1.0,1.0,0.0,1.0,1.0,1,58.6,1502.65,1,1,0,0,1,0,0,0,1,0,0,5.0,9.766666666666667,1,0,1,0,0,0.0,2.253846153846154,25.21224832214765,1
0,0,0,33,1,1.0,1.0,0.0,0.0,1.0,0.0,0.0,0,59.4,1952.8,1,1,0,0,0,1,0,0,0,1,0,3.0,14.85,0,1,0,0,0,0.0,1.7470588235294118,32.33112582781457,1
0,1,1,65,1,1.0,1.0,0.0,1.0,0.0,1.0,1.0,1,104.3,6725.3,1,0,1,0,0,0,1,0,1,0,0,5.0,17.383333333333333,1,1,1,0,0,0.0,1.5803030303030303,63.86799620132954,3
0,1,0,72,1,1.0,1.0,0.0,1.0,1.0,1.0,1.0,1,111.9,8071.05,0,0,1,0,0,0,1,0,1,0,0,6.0,15.985714285714286,1,1,1,0,0,0.0,1.5328767123287672,71.48848538529673,3
0,0,0,2,1,0.0,0.0,0.0,0.0,0.0,0.0,1.0,1,80.2,181.1,0,0,1,0,1,0,0,0,0,1,0,1.0,40.1,1,0,0,1,1,1.0,26.733333333333334,2.230295566502463,0
1,0,0,5,1,0.0,1.0,1.0,0.0,1.0,0.0,0.0,0,59.9,287.85,1,1,0,0,1,0,0,0,1,0,0,3.0,14.975,0,0,1,0,0,0.0,9.983333333333333,4.726600985221675,0
0,0,0,25,1,0.0,1.0,1.0,0.0,0.0,0.0,0.0,1,79.85,2015.35,1,0,1,0,1,0,0,1,0,0,0,2.0,26.616666666666664,0,0,1,1,0,0.0,3.071153846153846,24.927025355596786,1
0,0,0,8,1,0.0,0.0,0.0,0.0,0.0,0.0,0.0,0,20.0,141.6,1,0,0,1,0,0,1,0,0,0,1,0.0,20.0,0,1,0,0,0,0.0,2.2222222222222223,6.742857142857143,0
0,0,0,71,1,0.0,1.0,1.0,1.0,1.0,1.0,0.0,0,77.35,5550.1,1,1,0,0,0,0,1,0,1,0,0,5.0,12.891666666666666,1,1,1,0,0,0.0,1.0743055555555554,70.83726866624123,3
0,0,0,60,1,1.0,0.0,1.0,1.0,0.0,1.0,1.0,0,104.7,6333.8,1,0,1,0,0,0,1,0,0,1,0,5.0,17.45,1,1,0,0,0,1.0,1.7163934426229508,59.92242194891202,2
0,1,1,34,0,0.0,0.0,0.0,0.0,1.0,1.0,0.0,1,40.55,1325.85,0,1,0,0,0,0,1,0,0,1,0,2.0,13.516666666666666,1,1,0,0,0,0.0,1.1585714285714286,31.90974729241877,1
0,0,1,39,0,0.0,0.0,0.0,1.0,1.0,1.0,1.0,0,54.85,2191.7,0,1,0,0,0,1,0,1,0,0,0,4.0,10.97,1,1,1,0,0,0.0,1.37125,39.24261414503133,2
0,0,0,26,0,0.0,0.0,0.0,1.0,1.0,1.0,0.0,1,44.45,1183.8,1,1,0,0,1,0,0,0,1,0,0,3.0,11.1125,1,0,1,0,0,0.0,1.6462962962962964,26.046204620462042,1
0,0,1,43,1,0.0,1.0,1.0,0.0,0.0,0.0,1.0,1,63.95,2737.05,1,1,0,0,1,0,0,0,0,1,0,3.0,15.9875,1,0,0,0,1,0.0,1.4534090909090909,42.14087759815243,2
0,1,1,8,1,0.0,0.0,0.0,0.0,0.0,0.0,0.0,0,44.65,369.15,0,1,0,0,1,0,0,1,0,0,0,0.0,44.65,0,0,1,0,0,0.0,4.961111111111111,8.086527929901424,0
0,0,0,71,1,1.0,1.0,0.0,1.0,1.0,1.0,1.0,1,108.05,7532.15,0,0,1,0,0,0,1,0,0,1,0,6.0,15.435714285714285,1,1,0,0,0,0.0,1.5006944444444443,69.07060981201283,3
0,1,1,5,1,1.0,0.0,0.0,0.0,1.0,0.0,0.0,1,55.7,259.4,0,1,0,0,1,0,0,0,0,0,1,2.0,18.566666666666666,0,0,0,0,0,0.0,9.283333333333333,4.574955908289241,0
0,1,0,62,1,0.0,1.0,1.0,1.0,0.0,1.0,0.0,1,72.0,4284.2,1,1,0,0,0,0,1,0,1,0,0,4.0,14.4,1,1,1,0,0,0.0,1.1428571428571428,58.68767123287671,3
0,1,0,2,1,0.0,0.0,0.0,0.0,0.0,0.0,0.0,0,20.1,43.15,1,0,0,1,1,0,0,1,0,0,0,0.0,20.1,0,0,1,0,0,0.0,6.7,2.045023696682464,0
0,1,0,49,1,0.0,0.0,0.0,0.0,0.0,0.0,0.0,1,20.15,973.35,1,0,0,1,0,0,1,1,0,0,0,0.0,20.15,0,1,1,0,0,0.0,0.40299999999999997,46.02127659574469,2
0,1,1,22,1,1.0,0.0,0.0,1.0,1.0,1.0,1.0,1,78.65,1663.75,0,1,0,0,0,1,0,0,0,0,1,5.0,13.108333333333334,1,1,0,0,0,0.0,3.4195652173913045,20.88826114249843,1
0,0,0,7,1,0.0,0.0,0.0,0.0,0.0,0.0,0.0,0,20.0,137.6,1,0,0,1,1,0,0,1,0,0,0,0.0,20.0,0,0,1,0,0,0.0,2.5,6.552380952380952,0
0,1,1,61,0,0.0,1.0,1.0,0.0,1.0,0.0,1.0,1,50.7,3088.75,1,1,0,0,0,1,0,1,0,0,0,4.0,10.14,1,1,1,0,0,0.0,0.817741935483871,59.74371373307543,3
1,1,0,65,1,1.0,1.0,1.0,1.0,0.0,1.0,1.0,1,109.4,7227.45,1,0,1,0,1,0,0,0,1,0,0,6.0,15.62857142857143,1,0,1,1,0,0.0,1.6575757575757577,65.46603260869564,3
0,0,0,19,1,0.0,0.0,0.0,0.0,0.0,0.0,0.0,0,19.9,367.55,1,0,0,1,1,0,0,0,0,0,1,0.0,19.9,0,0,0,0,0,0.0,0.9949999999999999,17.586124401913878,1
0,0,0,9,0,0.0,1.0,1.0,1.0,0.0,0.0,0.0,0,39.55,373.0,0,1,0,0,0,1,0,0,0,0,1,3.0,9.8875,0,1,0,0,0,0.0,3.9549999999999996,9.198520345252774,0
0,1,1,68,1,0.0,1.0,1.0,0.0,1.0,0.0,1.0,0,95.1,6683.4,0,0,1,0,0,0,1,1,0,0,0,4.0,19.02,1,1,1,0,0,0.0,1.3782608695652172,69.54630593132154,3
0,0,0,30,1,0.0,1.0,1.0,0.0,0.0,0.0,0.0,1,55.3,1530.6,1,1,0,0,1,0,0,1,0,0,0,2.0,18.433333333333334,0,0,1,0,0,0.0,1.7838709677419353,27.186500888099467,1
0,0,0,60,0,0.0,1.0,0.0,1.0,0.0,0.0,1.0,1,44.45,2773.9,1,1,0,0,0,1,0,0,0,1,0,3.0,11.1125,1,1,0,0,0,0.0,0.728688524590164,61.03190319031903,2
0,1,1,5,1,1.0,0.0,0.0,0.0,0.0,0.0,0.0,1,24.3,132.25,1,0,0,1,1,0,0,0,0,0,1,1.0,12.15,0,0,0,0,0,0.0,4.05,5.2272727272727275,0
0,1,1,41,1,0.0,0.0,0.0,0.0,0.0,0.0,0.0,0,19.3,772.4,1,0,0,1,0,0,1,1,0,0,0,0.0,19.3,0,1,1,0,0,0.0,0.45952380952380956,38.04926108374384,2
0,1,1,21,1,0.0,0.0,1.0,0.0,0.0,0.0,0.0,1,74.05,1565.7,1,0,1,0,1,0,0,1,0,0,0,1.0,37.025,0,0,1,1,0,1.0,3.3659090909090907,20.86209193870753,1
0,1,0,33,1,0.0,0.0,0.0,0.0,0.0,0.0,0.0,1,44.55,1462.6,0,1,0,0,1,0,0,0,1,0,0,0.0,44.55,0,0,1,0,0,0.0,1.3102941176470588,32.10976948408342,1
0,0,0,15,1,0.0,0.0,0.0,0.0,0.0,1.0,0.0,0,56.15,931.9,1,1,0,0,0,1,0,0,0,0,1,1.0,28.075,1,1,0,0,0,0.0,3.509375,16.30621172353456,1
1,1,0,13,1,1.0,1.0,1.0,0.0,0.0,0.0,1.0,0,93.8,1261.0,0,0,1,0,1,0,0,0,1,0,0,4.0,18.759999999999998,1,0,1,1,0,0.0,6.7,13.30168776371308,1
0,0,0,58,1,0.0,0.0,0.0,0.0,1.0,1.0,1.0,1,95.3,5817.7,1,0,1,0,1,0,0,0,0,1,0,3.0,23.825,1,0,0,1,1,0.0,1.6152542372881356,60.4122533748702,2
1,0,0,10,0,0.0,0.0,0.0,0.0,0.0,0.0,1.0,1,34.7,329.8,1,1,0,0,1,0,0,0,0,1,0,1.0,17.35,1,0,0,0,1,0.0,3.1545454545454548,9.238095238095237,0
0,0,0,1,1,0.0,0.0,0.0,0.0,0.0,0.0,0.0,0,20.8,20.8,0,0,0,1,1,0,0,0,0,0,1,0.0,20.8,0,0,0,0,0,0.0,10.4,0.9541284403669725,0
1,0,0,16,1,1.0,0.0,0.0,0.0,0.0,1.0,0.0,1,84.75,1350.15,1,0,1,0,1,0,0,0,0,1,0,2.0,28.25,1,0,0,1,1,1.0,4.985294117647059,15.74518950437318,1
0,1,1,58,1,1.0,1.0,1.0,0.0,0.0,0.0,1.0,1,93.4,5435.6,1,0,1,0,1,0,0,1,0,0,0,4.0,18.68,1,0,1,1,0,0.0,1.5830508474576273,57.58050847457627,2
0,0,0,2,1,0.0,0.0,0.0,1.0,1.0,1.0,1.0,0,76.4,160.8,1,1,0,0,1,0,0,0,0,1,0,4.0,15.280000000000001,1,0,0,0,1,0.0,25.46666666666667,2.0775193798449614,0
0,0,0,1,1,0.0,0.0,0.0,0.0,0.0,0.0,0.0,1,45.7,45.7,0,1,0,0,1,0,0,0,0,0,1,0.0,45.7,0,0,0,0,0,0.0,22.85,0.9785867237687366,0
0,1,0,67,1,1.0,1.0,1.0,1.0,0.0,1.0,1.0,0,109.9,7332.4,0,0,1,0,0,1,0,0,1,0,0,6.0,15.700000000000001,1,1,1,0,0,0.0,1.6161764705882353,66.11722272317402,3
0,1,1,4,1,0.0,0.0,0.0,0.0,0.0,0.0,0.0,0,44.8,169.65,0,1,0,0,1,0,0,0,0,1,0,0.0,44.8,0,0,0,0,1,0.0,8.959999999999999,3.7041484716157207,0
0,0,0,36,1,0.0,1.0,1.0,1.0,1.0,1.0,0.0,1,76.35,2606.35,1,1,0,0,0,1,0,0,0,0,1,5.0,12.725,1,1,0,0,0,0.0,2.0635135135135134,33.69553975436329,1
0,1,0,25,1,1.0,0.0,0.0,0.0,0.0,0.0,0.0,1,26.8,733.55,1,0,0,1,0,1,0,0,0,0,1,1.0,13.4,0,1,0,0,0,0.0,1.0307692307692309,26.386690647482013,1
1,0,0,3,1,1.0,0.0,0.0,0.0,0.0,0.0,0.0,1,75.05,256.25,1,0,1,0,1,0,0,0,1,0,0,1.0,37.525,0,0,1,1,0,1.0,18.7625,3.369493754109139,0
0,0,1,17,1,0.0,0.0,1.0,1.0,1.0,1.0,1.0,0,80.85,1445.95,0,1,0,0,0,1,0,0,0,1,0,5.0,13.475,1,1,0,0,0,0.0,4.491666666666666,17.665852168601102,1
0,1,1,53,1,1.0,1.0,1.0,1.0,1.0,0.0,1.0,1,104.05,5566.4,1,0,1,0,0,0,1,1,0,0,0,6.0,14.864285714285714,1,1,1,0,0,0.0,1.9268518518518518,52.98810090433127,2
1,1,1,29,0,0.0,0.0,1.0,1.0,0.0,0.0,0.0,1,35.65,1025.15,1,1,0,0,1,0,0,0,0,0,1,2.0,11.883333333333333,0,0,0,0,0,0.0,1.1883333333333332,27.97135061391542,1
0,0,0,29,0,0.0,1.0,1.0,0.0,1.0,0.0,0.0,0,39.5,1082.75,1,1,0,0,0,1,0,0,1,0,0,3.0,9.875,0,1,1,0,0,0.0,1.3166666666666667,26.734567901234566,1
0,0,0,69,1,0.0,0.0,0.0,0.0,0.0,0.0,0.0,0,19.95,1399.35,0,0,0,1,0,0,1,0,1,0,0,0.0,19.95,0,1,1,0,0,0.0,0.285,66.79474940334129,3
1,0,0,8,0,0.0,0.0,0.0,1.0,0.0,0.0,0.0,1,29.4,221.9,0,1,0,0,1,0,0,0,0,1,0,1.0,14.7,0,0,0,0,1,0.0,3.2666666666666666,7.299342105263158,0
1,0,0,5,1,0.0,0.0,0.0,0.0,0.0,0.0,0.0,0,20.05,94.15,0,0,0,1,1,0,0,1,0,0,0,0.0,20.05,0,0,1,0,0,0.0,3.341666666666667,4.472684085510689,0
0,0,0,7,1,0.0,0.0,0.0,0.0,0.0,1.0,0.0,1,79.0,522.95,1,0,1,0,1,0,0,0,0,1,0,1.0,39.5,1,0,0,1,1,1.0,9.875,6.536875,0
0,0,0,7,1,0.0,0.0,0.0,1.0,0.0,1.0,1.0,1,95.35,660.9,1,0,1,0,1,0,0,0,0,1,0,3.0,23.8375,1,0,0,1,1,1.0,11.91875,6.8593668915412565,0
1,1,0,64,1,1.0,0.0,0.0,0.0,0.0,0.0,0.0,0,25.65,1740.8,0,0,0,1,0,0,1,0,1,0,0,1.0,12.825,0,1,1,0,0,0.0,0.3946153846153846,65.32082551594748,3
0,0,1,9,1,0.0,1.0,0.0,1.0,1.0,0.0,1.0,0,93.0,870.25,1,0,1,0,1,0,0,1,0,0,0,4.0,18.6,1,0,1,1,0,0.0,9.3,9.257978723404255,0
0,1,1,39,1,1.0,0.0,0.0,0.0,0.0,0.0,0.0,1,24.2,914.6,1,0,0,1,0,1,0,0,0,0,1,1.0,12.1,0,1,0,0,0,0.0,0.605,36.2936507936508,2
0,0,0,1,1,1.0,0.0,0.0,1.0,0.0,0.0,0.0,1,79.55,79.55,1,0,1,0,1,0,0,0,0,0,1,2.0,26.516666666666666,0,0,0,1,0,1.0,39.775,0.9875853507138423,0
0,1,1,72,1,0.0,0.0,0.0,0.0,0.0,0.0,0.0,1,20.7,1482.3,1,0,0,1,0,0,1,0,0,0,1,0.0,20.7,0,1,0,0,0,0.0,0.28356164383561644,68.30875576036867,3
0,0,0,10,1,0.0,0.0,0.0,1.0,1.0,0.0,0.0,0,54.25,583.0,1,1,0,0,1,0,0,0,0,1,0,2.0,18.083333333333332,0,0,0,0,1,0.0,4.931818181818182,10.552036199095022,0
0,1,0,25,1,0.0,1.0,1.0,0.0,1.0,0.0,1.0,1,71.05,1837.7,1,1,0,0,1,0,0,0,0,0,1,4.0,14.209999999999999,1,0,0,0,0,0.0,2.7326923076923078,25.5058986814712,1
1,0,0,66,1,1.0,0.0,1.0,0.0,0.0,0.0,0.0,1,80.45,5224.35,1,0,1,0,1,0,0,0,1,0,0,2.0,26.816666666666666,0,0,1,1,0,1.0,1.2007462686567165,64.14180478821363,3
1,0,0,6,0,0.0,0.0,0.0,0.0,0.0,1.0,1.0,1,44.4,263.05,1,1,0,0,1,0,0,0,0,1,0,2.0,14.799999999999999,1,0,0,0,1,0.0,6.3428571428571425,5.794052863436124,0
0,0,0,9,1,0.0,0.0,0.0,0.0,0.0,0.0,0.0,1,44.2,403.35,1,1,0,0,1,0,0,1,0,0,0,0.0,44.2,0,0,1,0,0,0.0,4.42,8.923672566371682,0
1,1,0,30,1,1.0,0.0,0.0,0.0,1.0,1.0,1.0,1,101.5,2917.65,0,0,1,0,1,0,0,0,0,1,0,4.0,20.3,1,0,0,1,1,0.0,3.274193548387097,28.464878048780488,1
0,0,0,1,1,1.0,0.0,0.0,0.0,0.0,0.0,0.0,1,74.95,74.95,0,0,1,0,1,0,0,0,0,1,0,1.0,37.475,0,0,0,1,1,1.0,37.475,0.9868334430546412,0
0,0,0,35,1,1.0,1.0,0.0,0.0,0.0,0.0,0.0,0,55.25,1924.1,0,1,0,0,0,0,1,0,0,0,1,2.0,18.416666666666668,0,1,0,0,0,0.0,1.5347222222222223,34.20622222222222,1
0,0,0,16,1,0.0,0.0,1.0,0.0,0.0,0.0,1.0,1,86.25,1340.1,1,0,1,0,1,0,0,0,0,1,0,2.0,28.75,1,0,0,1,1,1.0,5.073529411764706,15.359312320916905,1
0,1,1,29,1,0.0,0.0,0.0,0.0,0.0,0.0,0.0,0,20.2,558.8,1,0,0,1,0,0,1,0,0,0,1,0.0,20.2,0,1,0,0,0,0.0,0.6733333333333333,26.358490566037734,1
0,1,0,51,1,1.0,0.0,0.0,0.0,0.0,0.0,0.0,0,25.5,1281.25,1,0,0,1,0,0,1,0,0,0,1,1.0,12.75,0,1,0,0,0,0.0,0.49038461538461536,48.34905660377358,2
1,1,0,71,1,0.0,1.0,1.0,1.0,1.0,1.0,1.0,1,109.7,7904.25,1,0,1,0,0,0,1,1,0,0,0,6.0,15.671428571428573,1,1,1,0,0,0.0,1.5236111111111112,71.40243902439025,3
0,0,0,23,1,0.0,0.0,1.0,0.0,0.0,1.0,1.0,0,95.3,2192.9,0,0,1,0,1,0,0,0,0,0,1,3.0,23.825,1,0,0,1,0,1.0,3.970833333333333,22.771547248182763,1
0,0,0,35,1,1.0,1.0,1.0,1.0,1.0,1.0,1.0,1,113.2,3914.05,1,0,1,0,0,0,1,0,0,0,1,7.0,14.15,1,1,0,0,0,0.0,3.1444444444444444,34.27364273204904,1
0,1,1,23,1,0.0,0.0,1.0,1.0,1.0,0.0,0.0,0,83.8,1900.25,1,0,1,0,1,0,0,0,0,1,0,3.0,20.95,0,0,0,1,1,0.0,3.4916666666666667,22.40860849056604,1
0,0,0,32,0,0.0,1.0,0.0,0.0,0.0,0.0,0.0,0,30.15,927.65,1,1,0,0,0,1,0,0,0,0,1,1.0,15.075,0,1,0,0,0,0.0,0.9136363636363636,29.780096308186195,1
1,1,0,60,0,0.0,0.0,1.0,0.0,0.0,1.0,1.0,1,49.45,2907.55,1,1,0,0,0,0,1,0,1,0,0,3.0,12.3625,1,1,1,0,0,0.0,0.8106557377049181,57.63230921704658,2
1,0,0,22,1,0.0,0.0,0.0,0.0,0.0,0.0,0.0,1,20.05,417.0,1,0,0,1,0,1,0,0,0,0,1,0.0,20.05,0,1,0,0,0,0.0,0.8717391304347827,19.80997624703088,1
1,0,0,34,1,1.0,0.0,1.0,0.0,1.0,1.0,0.0,1,96.35,3190.25,1,0,1,0,1,0,0,0,0,1,0,4.0,19.27,1,0,0,1,1,0.0,2.7528571428571427,32.770929635336415,1
0,1,0,22,1,0.0,0.0,0.0,0.0,0.0,1.0,0.0,1,80.0,1706.45,1,0,1,0,1,0,0,0,1,0,0,1.0,40.0,1,0,1,1,0,1.0,3.4782608695652173,21.067283950617284,1
0,0,0,54,1,0.0,0.0,0.0,1.0,0.0,1.0,1.0,1,94.1,5060.9,1,0,1,0,0,1,0,0,1,0,0,3.0,23.525,1,1,1,0,0,1.0,1.7109090909090907,53.21661409043112,2
0,0,0,46,1,1.0,0.0,1.0,1.0,1.0,1.0,1.0,0,108.65,4903.2,0,0,1,0,0,0,1,0,0,1,0,6.0,15.521428571428572,1,1,0,0,0,0.0,2.3117021276595744,44.71682626538987,2
0,1,1,72,1,0.0,0.0,0.0,0.0,0.0,0.0,0.0,1,20.1,1326.25,1,0,0,1,0,0,1,0,1,0,0,0.0,20.1,0,1,1,0,0,0.0,0.2753424657534247,62.85545023696682,3
0,1,1,12,0,0.0,0.0,0.0,0.0,1.0,0.0,0.0,0,30.25,368.85,1,1,0,0,0,1,0,0,1,0,0,1.0,15.125,0,1,1,0,0,0.0,2.326923076923077,11.8032,0
0,0,0,36,0,0.0,1.0,0.0,0.0,0.0,0.0,0.0,0,31.05,1126.35,1,1,0,0,0,0,1,1,0,0,0,1.0,15.525,0,1,1,0,0,0.0,0.8391891891891892,35.14352574102964,1
0,1,1,69,1,0.0,0.0,0.0,0.0,0.0,0.0,0.0,1,20.35,1442.65,1,0,0,1,0,1,0,0,1,0,0,0.0,20.35,0,1,1,0,0,0.0,0.29071428571428576,67.57142857142857,3
0,1,0,5,1,1.0,0.0,1.0,0.0,0.0,0.0,0.0,1,78.75,412.1,0,0,1,0,1,0,0,0,0,1,0,2.0,26.25,0,0,0,1,1,1.0,13.125,5.167398119122257,0
0,1,1,1,0,0.0,1.0,0.0,0.0,0.0,0.0,0.0,0,30.5,30.5,1,1,0,0,1,0,0,1,0,0,0,1.0,15.25,0,0,1,0,0,0.0,15.25,0.9682539682539683,0
0,1,0,61,1,0.0,0.0,1.0,1.0,1.0,0.0,1.0,0,94.15,5731.85,0,0,1,0,1,0,0,0,1,0,0,4.0,18.830000000000002,1,0,1,1,0,0.0,1.5185483870967742,60.240147136100894,3
0,0,0,26,1,1.0,1.0,1.0,0.0,0.0,0.0,0.0,0,61.55,1581.95,0,1,0,0,0,1,0,0,0,1,0,3.0,15.3875,0,1,0,0,0,0.0,2.2796296296296297,25.290967226219028,1
0,1,1,50,1,0.0,0.0,0.0,0.0,0.0,0.0,0.0,1,44.8,2230.85,0,1,0,0,0,1,0,1,0,0,0,0.0,44.8,0,1,1,0,0,0.0,0.8784313725490196,48.70851528384279,2
0,0,1,23,0,0.0,1.0,1.0,0.0,1.0,0.0,0.0,0,40.65,947.4,0,1,0,0,0,1,0,1,0,0,0,3.0,10.1625,0,1,1,0,0,0.0,1.6937499999999999,22.746698679471788,1
0,1,0,72,1,1.0,1.0,1.0,1.0,1.0,1.0,1.0,1,92.4,6786.1,1,1,0,0,0,0,1,0,0,1,0,7.0,11.55,1,1,0,0,0,0.0,1.2657534246575344,72.65631691648822,3
0,1,1,24,1,0.0,0.0,0.0,0.0,0.0,0.0,0.0,1,20.8,469.65,0,0,0,1,0,1,0,0,1,0,0,0.0,20.8,0,1,1,0,0,0.0,0.8320000000000001,21.543577981651374,1
0,0,0,1,1,0.0,0.0,0.0,0.0,0.0,0.0,0.0,1,69.35,69.35,0,0,1,0,1,0,0,0,0,1,0,0.0,69.35,0,0,0,1,1,1.0,34.675,0.9857853589196873,0
0,1,0,60,1,1.0,1.0,0.0,1.0,1.0,1.0,1.0,1,109.45,6572.85,0,0,1,0,1,0,0,1,0,0,0,6.0,15.635714285714286,1,0,1,1,0,0.0,1.7942622950819673,59.50973291081938,2
0,1,1,58,1,0.0,1.0,1.0,0.0,0.0,1.0,1.0,0,99.25,5846.65,1,0,1,0,0,1,0,0,1,0,0,4.0,19.85,1,1,1,0,0,0.0,1.6822033898305084,58.32069825436409,2
0,0,1,19,1,0.0,0.0,0.0,0.0,0.0,0.0,0.0,0,20.5,398.55,1,0,0,1,0,0,1,0,0,0,1,0.0,20.5,0,1,0,0,0,0.0,1.025,18.537209302325582,1
0,0,0,61,1,1.0,0.0,1.0,1.0,0.0,1.0,1.0,1,103.95,6423.0,1,0,1,0,0,1,0,0,0,1,0,5.0,17.325,1,1,0,0,0,1.0,1.6766129032258066,61.20057170080991,3
0,1,1,25,1,0.0,0.0,0.0,0.0,0.0,0.0,0.0,0,20.1,486.05,1,0,0,1,0,0,1,0,0,0,1,0.0,20.1,0,1,0,0,0,0.0,0.7730769230769231,23.03554502369668,1
0,0,0,13,1,0.0,0.0,0.0,0.0,0.0,0.0,1.0,1,80.5,1011.8,1,0,1,0,1,0,0,0,0,1,0,1.0,40.25,1,0,0,1,1,1.0,5.75,12.414723926380368,1
0,1,0,15,1,0.0,0.0,0.0,0.0,0.0,0.0,0.0,1,19.45,340.85,0,0,0,1,1,0,0,0,1,0,0,0.0,19.45,0,0,1,0,0,0.0,1.215625,16.66748166259169,1
0,0,0,51,1,1.0,0.0,0.0,0.0,0.0,0.0,0.0,0,24.95,1288.0,1,0,0,1,0,0,1,1,0,0,0,1.0,12.475,0,1,1,0,0,0.0,0.47980769230769227,49.63391136801542,2
0,1,1,72,1,1.0,1.0,1.0,1.0,1.0,1.0,1.0,1,116.85,8477.7,1,0,1,0,0,0,1,1,0,0,0,7.0,14.60625,1,1,1,0,0,0.0,1.6006849315068492,71.93635977938058,3
1,0,0,9,1,0.0,0.0,0.0,1.0,0.0,0.0,0.0,0,75.5,637.4,1,0,1,0,1,0,0,0,1,0,0,1.0,37.75,0,0,1,1,0,1.0,7.55,8.332026143790848,0
0,1,1,1,1,0.0,0.0,0.0,0.0,0.0,0.0,0.0,1,19.9,19.9,1,0,0,1,1,0,0,0,0,1,0,0.0,19.9,0,0,0,0,1,0.0,9.95,0.9521531100478469,0
0,0,0,3,1,0.0,0.0,0.0,0.0,0.0,0.0,0.0,1,20.0,61.7,1,0,0,1,1,0,0,0,0,0,1,0.0,20.0,0,0,0,0,0,0.0,5.0,2.9380952380952383,0
0,1,1,44,1,0.0,0.0,0.0,1.0,0.0,1.0,1.0,1,92.95,4122.9,0,0,1,0,1,0,0,1,0,0,0,3.0,23.2375,1,0,1,1,0,1.0,2.0655555555555556,43.8839808408728,2
0,1,1,35,1,0.0,1.0,0.0,0.0,1.0,0.0,0.0,1,54.95,1916.0,1,1,0,0,0,1,0,1,0,0,0,2.0,18.316666666666666,0,1,1,0,0,0.0,1.526388888888889,34.24486148346738,1
0,1,1,19,1,0.0,0.0,0.0,0.0,0.0,0.0,0.0,0,20.2,387.4,0,0,0,1,0,0,1,0,0,0,1,0.0,20.2,0,1,0,0,0,0.0,1.01,18.27358490566038,1
0,1,1,20,1,1.0,0.0,1.0,1.0,0.0,1.0,1.0,1,105.85,2239.65,1,0,1,0,1,0,0,1,0,0,0,5.0,17.641666666666666,1,0,1,1,0,1.0,5.04047619047619,20.96069255966308,1
0,0,0,18,1,1.0,0.0,0.0,0.0,0.0,1.0,0.0,1,85.2,1553.9,1,0,1,0,1,0,0,0,0,1,0,2.0,28.400000000000002,1,0,0,1,1,1.0,4.484210526315789,18.026682134570766,1
0,1,1,71,1,0.0,0.0,0.0,0.0,0.0,0.0,0.0,0,19.7,1415.85,1,0,0,1,0,0,1,0,1,0,0,0.0,19.7,0,1,1,0,0,0.0,0.2736111111111111,68.39855072463767,3
0,0,0,9,1,0.0,0.0,0.0,0.0,1.0,1.0,1.0,1,95.9,827.45,0,0,1,0,1,0,0,1,0,0,0,3.0,23.975,1,0,1,1,0,0.0,9.59,8.53921568627451,0
0,0,0,1,1,0.0,0.0,0.0,0.0,0.0,0.0,0.0,1,70.05,70.05,0,0,1,0,1,0,0,0,0,1,0,0.0,70.05,0,0,0,1,1,1.0,35.025,0.9859254046446164,0
0,1,0,11,1,1.0,0.0,1.0,0.0,0.0,1.0,1.0,1,102.0,1145.35,1,0,1,0,1,0,0,0,0,1,0,4.0,20.4,1,0,0,1,1,1.0,8.5,11.119902912621358,0
0,0,0,2,1,0.0,0.0,0.0,0.0,0.0,0.0,1.0,0,80.75,159.45,1,0,1,0,1,0,0,0,0,1,0,1.0,40.375,1,0,0,1,1,1.0,26.916666666666668,1.9504587155963302,0
0,0,0,11,1,0.0,0.0,0.0,0.0,0.0,0.0,0.0,0,19.5,226.8,0,0,0,1,0,1,0,0,0,0,1,0.0,19.5,0,1,0,0,0,0.0,1.625,11.063414634146342,0
0,0,0,17,1,0.0,1.0,1.0,0.0,0.0,0.0,0.0,1,55.5,934.15,0,1,0,0,1,0,0,0,1,0,0,2.0,18.5,0,0,1,0,0,0.0,3.0833333333333335,16.53362831858407,1
1,0,0,72,1,1.0,0.0,1.0,1.0,1.0,1.0,1.0,1,108.1,7774.05,1,0,1,0,0,0,1,1,0,0,0,6.0,15.442857142857141,1,1,1,0,0,0.0,1.4808219178082191,71.25618698441797,3
0,1,1,4,1,0.0,0.0,0.0,0.0,0.0,0.0,0.0,0,19.55,68.8,0,0,0,1,0,0,1,0,1,0,0,0.0,19.55,0,1,1,0,0,0.0,3.91,3.3479318734793186,0
0,1,1,72,1,1.0,1.0,1.0,1.0,1.0,1.0,0.0,0,80.2,5714.2,1,1,0,0,0,0,1,1,0,0,0,6.0,11.457142857142857,1,1,1,0,0,0.0,1.0986301369863014,70.37192118226601,3
0,0,0,41,1,1.0,1.0,1.0,1.0,1.0,1.0,0.0,1,106.5,4282.4,1,0,1,0,1,0,0,0,0,1,0,6.0,15.214285714285714,1,0,0,1,1,0.0,2.5357142857142856,39.836279069767436,2
0,0,1,13,1,0.0,1.0,1.0,0.0,0.0,0.0,0.0,1,56.0,764.55,1,1,0,0,1,0,0,0,0,1,0,2.0,18.666666666666668,0,0,0,0,1,0.0,4.0,13.413157894736841,1
0,1,1,2,1,0.0,0.0,0.0,0.0,0.0,1.0,1.0,0,65.7,134.35,1,1,0,0,1,0,0,0,0,0,1,2.0,21.900000000000002,1,0,0,0,0,0.0,21.900000000000002,2.0142428785607196,0
0,1,1,1,1,0.0,0.0,0.0,0.0,0.0,0.0,0.0,1,20.15,20.15,1,0,0,1,1,0,0,0,1,0,0,0.0,20.15,0,0,1,0,0,0.0,10.075,0.9527186761229315,0
1,1,0,67,1,0.0,0.0,0.0,0.0,0.0,0.0,0.0,1,20.05,1263.05,1,0,0,1,0,0,1,1,0,0,0,0.0,20.05,0,1,1,0,0,0.0,0.2948529411764706,60.00237529691211,3
0,0,0,1,1,0.0,0.0,0.0,0.0,0.0,0.0,0.0,0,19.2,19.2,0,0,0,1,1,0,0,0,0,0,1,0.0,19.2,0,0,0,0,0,0.0,9.6,0.9504950495049505,0
0,1,1,15,1,1.0,0.0,0.0,0.0,0.0,0.0,0.0,1,74.9,1107.25,0,0,1,0,1,0,0,1,0,0,0,1.0,37.45,0,0,1,1,0,1.0,4.68125,14.588274044795783,1
0,1,0,67,1,0.0,1.0,1.0,0.0,0.0,0.0,1.0,1,90.6,6056.15,0,0,1,0,0,1,0,0,1,0,0,3.0,22.65,1,1,1,0,0,0.0,1.3323529411764705,66.11517467248909,3
0,0,0,17,1,0.0,0.0,1.0,0.0,0.0,1.0,0.0,1,83.55,1329.15,1,0,1,0,1,0,0,0,0,1,0,2.0,27.849999999999998,1,0,0,1,1,1.0,4.641666666666667,15.720283855706684,1
0,0,0,70,1,1.0,1.0,1.0,1.0,0.0,1.0,1.0,1,111.15,7737.55,1,0,1,0,0,0,1,0,0,0,1,6.0,15.87857142857143,1,1,0,0,0,0.0,1.565492957746479,68.99286669638876,3
0,1,1,36,0,0.0,1.0,0.0,1.0,1.0,1.0,1.0,0,60.7,2234.55,0,1,0,0,0,1,0,0,1,0,0,5.0,10.116666666666667,1,1,1,0,0,0.0,1.6405405405405407,36.216369529983794,1
0,0,0,18,1,1.0,0.0,1.0,0.0,0.0,1.0,0.0,1,90.0,1527.35,1,0,1,0,1,0,0,0,1,0,0,3.0,22.5,1,0,1,1,0,1.0,4.7368421052631575,16.784065934065932,1
0,0,0,25,1,0.0,0.0,0.0,0.0,0.0,0.0,0.0,0,19.05,461.3,1,0,0,1,1,0,0,0,0,0,1,0.0,19.05,0,0,0,0,0,0.0,0.7326923076923078,23.007481296758105,1
0,1,0,16,1,1.0,0.0,0.0,0.0,0.0,0.0,0.0,1,75.4,1189.4,0,0,1,0,1,0,0,0,0,1,0,1.0,37.7,0,0,0,1,1,1.0,4.435294117647059,15.56806282722513,1
0,1,1,71,1,0.0,0.0,1.0,0.0,1.0,1.0,1.0,1,73.35,5154.5,0,1,0,0,0,0,1,0,1,0,0,4.0,14.669999999999998,1,1,1,0,0,0.0,1.0187499999999998,69.32750504371218,3
1,1,0,11,1,1.0,0.0,0.0,1.0,1.0,1.0,1.0,1,104.05,1133.65,1,0,1,0,1,0,0,1,0,0,0,5.0,17.341666666666665,1,0,1,1,0,0.0,8.670833333333333,10.791527843883866,0
0,0,0,2,1,0.0,1.0,0.0,1.0,0.0,0.0,0.0,1,55.1,113.35,0,1,0,0,1,0,0,0,0,0,1,2.0,18.366666666666667,0,0,0,0,0,0.0,18.366666666666667,2.020499108734403,0
0,0,0,49,1,0.0,1.0,1.0,1.0,1.0,0.0,0.0,0,67.4,3306.85,1,1,0,0,0,0,1,1,0,0,0,4.0,13.48,0,1,1,0,0,0.0,1.348,48.34576023391812,2
0,0,0,48,1,0.0,0.0,1.0,1.0,1.0,1.0,1.0,0,78.9,3771.5,0,1,0,0,0,0,1,0,1,0,0,5.0,13.15,1,1,1,0,0,0.0,1.6102040816326533,47.20275344180225,2
0,0,0,69,1,1.0,0.0,1.0,0.0,1.0,1.0,1.0,1,105.2,7386.05,0,0,1,0,0,1,0,1,0,0,0,5.0,17.533333333333335,1,1,1,0,0,0.0,1.502857142857143,69.5484934086629,3
0,0,0,53,1,1.0,0.0,0.0,0.0,0.0,1.0,0.0,0,85.45,4517.25,0,0,1,0,1,0,0,1,0,0,0,2.0,28.483333333333334,1,0,1,1,0,1.0,1.5824074074074075,52.25274725274725,2
0,0,0,1,1,0.0,0.0,0.0,0.0,0.0,0.0,0.0,1,42.9,42.9,0,1,0,0,1,0,0,0,0,1,0,0.0,42.9,0,0,0,0,1,0.0,21.45,0.9772209567198178,0
0,1,1,24,1,0.0,1.0,1.0,0.0,1.0,0.0,1.0,1,70.3,1706.45,0,1,0,0,1,0,0,0,1,0,0,4.0,14.059999999999999,1,0,1,0,0,0.0,2.812,23.933380084151473,1
0,1,0,47,1,1.0,1.0,0.0,1.0,1.0,1.0,1.0,1,110.85,5275.8,0,0,1,0,0,1,0,0,1,0,0,6.0,15.835714285714285,1,1,1,0,0,0.0,2.3093749999999997,47.1685292802861,2
0,0,0,3,1,0.0,0.0,0.0,0.0,0.0,0.0,0.0,0,20.25,71.2,1,0,0,1,0,1,0,0,0,0,1,0.0,20.25,0,1,0,0,0,0.0,5.0625,3.3505882352941176,0
0,0,0,67,1,0.0,0.0,0.0,0.0,0.0,0.0,0.0,0,19.95,1311.75,0,0,0,1,0,0,1,1,0,0,0,0.0,19.95,0,1,1,0,0,0.0,0.2933823529411765,62.61336515513127,3
0,1,1,29,1,1.0,1.0,0.0,0.0,1.0,1.0,0.0,0,69.05,1958.45,0,1,0,0,0,1,0,1,0,0,0,4.0,13.809999999999999,1,1,1,0,0,0.0,2.3016666666666667,27.957887223411852,1
0,0,0,41,1,0.0,0.0,1.0,0.0,1.0,1.0,1.0,1,98.8,3959.15,1,0,1,0,0,0,1,1,0,0,0,4.0,19.759999999999998,1,1,1,0,0,0.0,2.3523809523809525,39.67084168336674,2
0,0,0,3,1,1.0,0.0,0.0,0.0,0.0,0.0,0.0,0,24.6,86.35,1,0,0,1,1,0,0,0,0,0,1,1.0,12.3,0,0,0,0,0,0.0,6.15,3.3730468749999996,0
0,1,1,42,1,0.0,0.0,0.0,0.0,0.0,0.0,0.0,1,19.05,761.85,1,0,0,1,0,1,0,0,0,1,0,0.0,19.05,0,1,0,0,0,0.0,0.4430232558139535,37.99750623441396,2
0,0,0,26,1,1.0,1.0,1.0,0.0,0.0,0.0,0.0,1,86.65,2208.75,0,0,1,0,1,0,0,0,1,0,0,3.0,21.6625,0,0,1,1,0,0.0,3.2092592592592593,25.199657729606386,1
0,1,0,53,1,1.0,0.0,1.0,0.0,1.0,0.0,1.0,0,97.75,5043.2,0,0,1,0,0,1,0,1,0,0,0,4.0,19.55,1,1,1,0,0,0.0,1.8101851851851851,51.07037974683544,2
0,1,0,70,1,1.0,0.0,1.0,1.0,1.0,0.0,1.0,1,98.7,6858.9,0,0,1,0,0,0,1,1,0,0,0,5.0,16.45,1,1,1,0,0,0.0,1.3901408450704227,68.79538615847542,3
1,0,0,2,1,0.0,0.0,1.0,1.0,1.0,0.0,1.0,1,95.1,180.25,0,0,1,0,1,0,0,0,1,0,0,4.0,19.02,1,0,1,1,0,0.0,31.7,1.8756503642039544,0
0,1,1,28,1,0.0,0.0,0.0,0.0,0.0,0.0,0.0,1,20.3,487.95,0,0,0,1,0,0,1,0,1,0,0,0.0,20.3,0,1,1,0,0,0.0,0.7000000000000001,22.908450704225352,1
1,1,0,7,1,1.0,0.0,0.0,0.0,0.0,0.0,1.0,1,84.55,646.85,1,0,1,0,1,0,0,0,0,1,0,2.0,28.183333333333334,1,0,0,1,1,1.0,10.56875,7.561075394506137,0
0,1,0,72,1,1.0,1.0,1.0,1.0,1.0,1.0,1.0,0,112.1,7965.95,1,0,1,0,0,0,1,0,1,0,0,7.0,14.0125,1,1,1,0,0,0.0,1.5356164383561643,70.43280282935456,3
1,1,0,61,1,1.0,0.0,1.0,0.0,1.0,0.0,0.0,1,85.55,5251.75,0,0,1,0,0,1,0,1,0,0,0,3.0,21.3875,0,1,1,0,0,0.0,1.3798387096774194,60.6787983824379,3
0,0,0,2,1,0.0,1.0,0.0,1.0,0.0,0.0,0.0,0,53.45,119.5,0,1,0,0,1,0,0,0,0,1,0,2.0,17.816666666666666,0,0,0,0,1,0.0,17.816666666666666,2.194674012855831,0
1,1,0,66,1,1.0,0.0,0.0,0.0,1.0,1.0,1.0,1,100.05,6871.9,0,0,1,0,1,0,0,0,1,0,0,4.0,20.009999999999998,1,0,1,1,0,0.0,1.4932835820895523,68.00494804552201,3
1,1,0,25,1,0.0,0.0,1.0,1.0,0.0,0.0,1.0,0,88.4,2191.15,1,0,1,0,1,0,0,1,0,0,0,3.0,22.1,1,0,1,1,0,1.0,3.4000000000000004,24.50950782997763,1
0,0,0,4,1,0.0,0.0,0.0,0.0,0.0,0.0,0.0,0,70.4,281.0,1,0,1,0,1,0,0,0,0,1,0,0.0,70.4,0,0,0,1,1,1.0,14.080000000000002,3.9355742296918765,0
0,0,1,13,1,0.0,0.0,0.0,0.0,0.0,1.0,1.0,0,66.4,831.75,0,1,0,0,1,0,0,0,1,0,0,2.0,22.133333333333336,1,0,1,0,0,0.0,4.742857142857143,12.340504451038575,1
0,0,0,48,1,1.0,0.0,1.0,1.0,0.0,1.0,1.0,1,107.4,5121.3,1,0,1,0,1,0,0,1,0,0,0,5.0,17.900000000000002,1,0,1,1,0,1.0,2.1918367346938776,47.244464944649444,2
0,0,0,2,1,0.0,0.0,1.0,0.0,0.0,1.0,1.0,0,95.65,167.3,0,0,1,0,1,0,0,0,0,1,0,3.0,23.9125,1,0,0,1,1,1.0,31.883333333333336,1.7309881013967925,0
0,0,0,9,1,1.0,0.0,0.0,0.0,0.0,0.0,0.0,1,76.85,663.55,1,0,1,0,1,0,0,0,0,1,0,1.0,38.425,0,0,0,1,1,1.0,7.685,8.52344251766217,0
0,0,0,15,1,0.0,0.0,1.0,0.0,0.0,0.0,0.0,0,48.85,736.8,1,1,0,0,1,0,0,0,0,1,0,1.0,24.425,0,0,0,0,1,0.0,3.053125,14.780341023069207,1
0,1,0,64,1,0.0,1.0,0.0,0.0,1.0,1.0,1.0,1,96.9,6314.35,1,0,1,0,0,1,0,0,0,0,1,4.0,19.380000000000003,1,1,0,0,0,0.0,1.4907692307692308,64.4979570990807,3
0,1,0,72,1,1.0,1.0,1.0,1.0,1.0,1.0,1.0,1,115.55,8312.4,1,0,1,0,0,0,1,0,1,0,0,7.0,14.44375,1,1,1,0,0,0.0,1.582876712328767,71.32046332046332,3
1,0,0,19,1,1.0,1.0,0.0,0.0,0.0,1.0,0.0,1,90.6,1660.0,0,0,1,0,1,0,0,0,0,1,0,3.0,22.65,1,0,0,1,1,0.0,4.529999999999999,18.12227074235808,1
1,0,0,3,0,0.0,0.0,0.0,0.0,0.0,0.0,0.0,0,25.3,77.75,1,1,0,0,1,0,0,0,0,1,0,0.0,25.3,0,0,0,0,1,0.0,6.325,2.956273764258555,0
0,1,1,40,1,0.0,1.0,1.0,0.0,1.0,0.0,1.0,1,71.35,2847.2,1,1,0,0,1,0,0,0,0,0,1,4.0,14.27,1,0,0,0,0,0.0,1.7402439024390242,39.353144436765724,2
0,0,0,62,1,1.0,0.0,1.0,1.0,1.0,1.0,1.0,0,84.5,5193.2,1,1,0,0,0,0,1,1,0,0,0,6.0,12.071428571428571,1,1,1,0,0,0.0,1.3412698412698412,60.73918128654971,3
0,0,0,1,1,0.0,0.0,0.0,0.0,0.0,0.0,0.0,0,20.05,20.05,0,0,0,1,1,0,0,0,0,0,1,0.0,20.05,0,0,0,0,0,0.0,10.025,0.9524940617577197,0
0,0,0,72,1,0.0,1.0,1.0,1.0,1.0,0.0,1.0,1,73.0,5265.2,1,1,0,0,0,0,1,0,1,0,0,5.0,12.166666666666666,1,1,1,0,0,0.0,1.0,71.15135135135135,3
0,0,0,40,1,0.0,1.0,1.0,0.0,1.0,0.0,0.0,1,61.9,2647.1,0,1,0,0,1,0,0,0,0,0,1,3.0,15.475,0,0,0,0,0,0.0,1.5097560975609756,42.08426073131955,2
0,1,1,47,1,0.0,0.0,0.0,0.0,0.0,0.0,0.0,1,21.3,1041.8,1,0,0,1,0,0,1,1,0,0,0,0.0,21.3,0,1,1,0,0,0.0,0.44375000000000003,46.71748878923766,2
0,0,0,60,1,0.0,0.0,1.0,1.0,1.0,1.0,0.0,1,70.15,4224.7,1,1,0,0,0,1,0,0,1,0,0,4.0,14.030000000000001,1,1,1,0,0,0.0,1.1500000000000001,59.377371749824306,2
0,1,0,17,1,0.0,1.0,1.0,0.0,0.0,0.0,1.0,0,64.8,1175.6,0,1,0,0,0,1,0,0,0,0,1,3.0,16.2,1,1,0,0,0,0.0,3.5999999999999996,17.86626139817629,1
1,1,0,5,1,0.0,0.0,0.0,0.0,0.0,0.0,0.0,1,69.35,341.6,1,0,1,0,1,0,0,0,0,1,0,0.0,69.35,0,0,0,1,1,1.0,11.558333333333332,4.855721393034827,0
0,0,0,43,1,1.0,0.0,0.0,0.0,0.0,1.0,1.0,0,94.35,3921.3,0,0,1,0,0,1,0,0,0,0,1,3.0,23.5875,1,1,0,0,0,1.0,2.1443181818181816,41.125327739905615,2
0,1,0,70,1,0.0,1.0,1.0,1.0,1.0,0.0,1.0,0,101.0,7085.5,0,0,1,0,0,0,1,0,1,0,0,5.0,16.833333333333332,1,1,1,0,0,0.0,1.4225352112676057,69.4656862745098,3
1,1,0,29,1,1.0,0.0,0.0,0.0,0.0,0.0,1.0,1,84.3,2357.75,0,0,1,0,1,0,0,0,0,1,0,2.0,28.099999999999998,1,0,0,1,1,1.0,2.81,27.640679953106684,1
0,0,0,30,1,1.0,0.0,1.0,1.0,1.0,1.0,1.0,0,110.45,3327.05,1,0,1,0,0,1,0,0,1,0,0,6.0,15.778571428571428,1,1,1,0,0,0.0,3.5629032258064517,29.85240017945267,1
0,1,0,67,0,0.0,1.0,1.0,0.0,1.0,0.0,1.0,1,50.95,3521.7,0,1,0,0,0,0,1,1,0,0,0,4.0,10.190000000000001,1,1,1,0,0,0.0,0.7492647058823529,67.79018286814244,3
0,0,0,4,0,0.0,0.0,0.0,0.0,1.0,0.0,0.0,0,30.5,118.4,0,1,0,0,1,0,0,0,0,1,0,1.0,15.25,0,0,0,0,1,0.0,6.1,3.7587301587301587,0
0,0,0,42,1,0.0,0.0,0.0,0.0,0.0,0.0,0.0,1,20.75,844.45,1,0,0,1,0,0,1,1,0,0,0,0.0,20.75,0,1,1,0,0,0.0,0.48255813953488375,38.825287356321844,2
0,1,1,69,1,0.0,1.0,1.0,1.0,1.0,1.0,0.0,1,75.75,5388.15,0,1,0,0,0,0,1,1,0,0,0,5.0,12.625,1,1,1,0,0,0.0,1.082142857142857,70.20390879478826,3
0,1,1,20,1,1.0,0.0,0.0,1.0,1.0,0.0,1.0,1,95.5,1916.2,1,0,1,0,1,0,0,1,0,0,0,4.0,19.1,1,0,1,1,0,0.0,4.5476190476190474,19.85699481865285,1
0,0,0,1,1,0.0,0.0,1.0,0.0,0.0,0.0,0.0,0,74.35,74.35,1,0,1,0,1,0,0,0,0,1,0,1.0,37.175,0,0,0,1,1,1.0,37.175,0.986728599867286,0
0,0,0,15,1,0.0,0.0,1.0,1.0,0.0,1.0,1.0,1,101.25,1457.25,1,0,1,0,1,0,0,0,0,1,0,4.0,20.25,1,0,0,1,1,1.0,6.328125,14.251833740831296,1
0,1,1,17,1,0.0,1.0,0.0,0.0,1.0,1.0,0.0,0,91.85,1574.45,1,0,1,0,1,0,0,0,0,1,0,3.0,22.9625,1,0,0,1,1,0.0,5.102777777777778,16.9569197630587,1
0,1,1,9,1,1.0,0.0,0.0,0.0,0.0,1.0,0.0,1,85.35,754.65,1,0,1,0,1,0,0,1,0,0,0,2.0,28.45,1,0,1,1,0,1.0,8.535,8.739432541980314,0
0,1,0,64,1,0.0,0.0,0.0,0.0,0.0,0.0,0.0,0,19.45,1225.65,1,0,0,1,0,0,1,0,1,0,0,0.0,19.45,0,1,1,0,0,0.0,0.29923076923076924,59.933985330073355,3
0,1,1,54,1,1.0,1.0,1.0,0.0,0.0,1.0,1.0,1,104.1,5645.8,1,0,1,0,1,0,0,1,0,0,0,5.0,17.349999999999998,1,0,1,1,0,0.0,1.8927272727272726,53.71836346336823,2
0,0,0,72,1,1.0,0.0,0.0,0.0,0.0,0.0,0.0,0,25.45,1866.45,1,0,0,1,0,0,1,0,1,0,0,1.0,12.725,0,1,1,0,0,0.0,0.34863013698630135,70.56521739130436,3
0,1,0,72,1,1.0,0.0,1.0,0.0,0.0,1.0,1.0,1,97.7,6869.7,1,0,1,0,0,0,1,0,1,0,0,4.0,19.54,1,1,1,0,0,1.0,1.3383561643835618,69.60182370820668,3
0,1,1,69,1,0.0,0.0,0.0,0.0,0.0,0.0,0.0,1,20.55,1403.1,0,0,0,1,0,1,0,0,1,0,0,0.0,20.55,0,1,1,0,0,0.0,0.2935714285714286,65.1090487238979,3
0,0,0,5,1,0.0,1.0,0.0,0.0,1.0,0.0,0.0,0,53.85,259.8,1,1,0,0,1,0,0,0,1,0,0,2.0,17.95,0,0,1,0,0,0.0,8.975,4.736554238833182,0
0,0,0,2,1,1.0,0.0,0.0,0.0,0.0,1.0,1.0,1,96.0,174.8,1,0,1,0,1,0,0,0,0,1,0,3.0,24.0,1,0,0,1,1,1.0,32.0,1.8020618556701031,0
0,1,0,64,1,1.0,1.0,0.0,1.0,1.0,1.0,1.0,1,85.0,5484.4,1,1,0,0,0,0,1,0,1,0,0,6.0,12.142857142857142,1,1,1,0,0,0.0,1.3076923076923077,63.77209302325581,3
0,0,0,6,1,0.0,0.0,0.0,0.0,0.0,0.0,0.0,0,19.65,116.85,1,0,0,1,0,0,1,0,1,0,0,0.0,19.65,0,1,1,0,0,0.0,2.807142857142857,5.658595641646489,0
0,0,0,19,1,1.0,0.0,0.0,1.0,1.0,0.0,0.0,0,59.55,1144.6,0,1,0,0,1,0,0,0,0,1,0,3.0,14.8875,0,0,0,0,1,0.0,2.9775,18.90338563170933,1
0,1,1,71,1,1.0,1.0,1.0,1.0,1.0,1.0,1.0,0,86.85,6263.8,0,1,0,0,0,0,1,1,0,0,0,7.0,10.85625,1,1,1,0,0,0.0,1.2062499999999998,71.3010813887308,3
0,0,0,34,1,0.0,0.0,1.0,0.0,0.0,0.0,0.0,1,49.8,1734.2,0,1,0,0,1,0,0,0,0,1,0,1.0,24.9,0,0,0,0,1,0.0,1.4228571428571428,34.137795275590555,1
0,0,1,4,1,0.0,0.0,0.0,0.0,0.0,0.0,0.0,1,20.05,85.5,1,0,0,1,1,0,0,1,0,0,0,0.0,20.05,0,0,1,0,0,0.0,4.01,4.061757719714964,0
0,1,0,72,1,1.0,1.0,1.0,1.0,1.0,1.0,1.0,1,92.0,6782.15,0,1,0,0,0,0,1,0,1,0,0,7.0,11.5,1,1,1,0,0,0.0,1.2602739726027397,72.9263440860215,3
0,1,0,61,1,0.0,1.0,1.0,0.0,1.0,1.0,1.0,1,81.05,4747.65,0,1,0,0,0,0,1,0,0,0,1,5.0,13.508333333333333,1,1,0,0,0,0.0,1.307258064516129,57.86288848263254,3
1,1,0,26,1,0.0,0.0,1.0,0.0,0.0,0.0,1.0,0,84.95,2169.75,1,0,1,0,1,0,0,0,0,1,0,2.0,28.316666666666666,1,0,0,1,1,1.0,3.1462962962962964,25.244328097731238,1
0,0,0,4,1,0.0,0.0,0.0,0.0,0.0,0.0,0.0,0,20.45,82.85,1,0,0,1,1,0,0,0,1,0,0,0.0,20.45,0,0,1,0,0,0.0,4.09,3.8624708624708624,0
0,0,0,68,1,1.0,0.0,1.0,1.0,0.0,1.0,1.0,1,80.65,5330.2,1,1,0,0,0,0,1,0,0,1,0,5.0,13.441666666666668,1,1,0,0,0,0.0,1.168840579710145,65.28107777097367,3
0,0,0,15,1,0.0,0.0,0.0,0.0,0.0,0.0,0.0,0,19.75,297.3,1,0,0,1,1,0,0,1,0,0,0,0.0,19.75,0,0,1,0,0,0.0,1.234375,14.327710843373495,1
1,0,0,1,1,0.0,0.0,0.0,0.0,0.0,0.0,0.0,1,69.65,69.65,0,0,1,0,1,0,0,0,0,1,0,0.0,69.65,0,0,0,1,1,1.0,34.825,0.9858457183297947,0
0,0,0,22,1,1.0,1.0,0.0,0.0,0.0,0.0,0.0,1,54.45,1127.35,0,1,0,0,1,0,0,0,0,1,0,2.0,18.150000000000002,0,0,0,0,1,0.0,2.367391304347826,20.33092876465284,1
0,1,0,25,0,0.0,0.0,0.0,0.0,0.0,1.0,0.0,1,34.0,853.0,1,1,0,0,1,0,0,1,0,0,0,1.0,17.0,1,0,1,0,0,0.0,1.3076923076923077,24.37142857142857,1
0,0,0,57,1,0.0,0.0,0.0,0.0,0.0,0.0,0.0,0,20.55,1252.85,0,0,0,1,0,0,1,0,1,0,0,0.0,20.55,0,1,1,0,0,0.0,0.3543103448275862,58.136890951276094,2
0,1,1,27,1,0.0,1.0,0.0,0.0,0.0,0.0,0.0,0,74.4,1972.35,1,0,1,0,1,0,0,0,0,0,1,1.0,37.2,0,0,0,1,0,0.0,2.6571428571428575,26.158488063660474,1
0,0,0,46,1,0.0,1.0,1.0,1.0,0.0,1.0,0.0,1,95.65,4664.2,1,0,1,0,0,1,0,0,1,0,0,4.0,19.130000000000003,1,1,1,0,0,0.0,2.0351063829787237,48.25866528711846,2
1,1,0,47,1,1.0,0.0,0.0,1.0,0.0,1.0,1.0,1,100.05,4871.05,0,0,1,0,1,0,0,0,0,1,0,4.0,20.009999999999998,1,0,0,1,1,1.0,2.084375,48.20435428005938,2
0,1,0,72,1,1.0,1.0,1.0,1.0,1.0,1.0,1.0,1,89.05,6254.45,0,1,0,0,0,0,1,1,0,0,0,7.0,11.13125,1,1,1,0,0,0.0,1.2198630136986301,69.4553026096613,3
1,1,1,51,1,1.0,0.0,1.0,1.0,0.0,0.0,0.0,1,84.2,4146.05,0,0,1,0,1,0,0,0,0,1,0,3.0,21.05,0,0,0,1,1,1.0,1.6192307692307693,48.66255868544601,2
1,1,0,44,1,1.0,0.0,0.0,1.0,0.0,1.0,0.0,1,89.2,4040.2,0,0,1,0,1,0,0,0,0,1,0,3.0,22.3,1,0,0,1,1,1.0,1.9822222222222223,44.791574279379155,2
0,0,0,49,1,1.0,0.0,0.0,0.0,0.0,0.0,1.0,1,84.5,3906.7,1,0,1,0,1,0,0,0,0,1,0,2.0,28.166666666666668,1,0,0,1,1,1.0,1.69,45.69239766081871,2
0,0,0,27,1,0.0,0.0,0.0,0.0,0.0,0.0,0.0,1,19.4,529.8,0,0,0,1,1,0,0,0,0,1,0,0.0,19.4,0,0,0,0,1,0.0,0.6928571428571428,25.970588235294116,1
0,1,0,2,1,0.0,0.0,1.0,0.0,1.0,0.0,1.0,1,64.2,143.65,0,1,0,0,1,0,0,0,0,0,1,3.0,16.05,1,0,0,0,0,0.0,21.400000000000002,2.2032208588957056,0
1,1,0,35,1,1.0,0.0,0.0,1.0,0.0,1.0,1.0,0,102.05,3452.55,1,0,1,0,1,0,0,1,0,0,0,4.0,20.41,1,0,1,1,0,1.0,2.834722222222222,33.50363901018923,1
0,1,1,68,1,0.0,0.0,0.0,1.0,1.0,1.0,1.0,1,72.95,4953.25,0,1,0,0,0,0,1,1,0,0,0,4.0,14.59,1,1,1,0,0,0.0,1.0572463768115943,66.98106828938472,3
0,0,0,61,1,1.0,0.0,0.0,1.0,1.0,1.0,1.0,1,106.6,6428.4,1,0,1,0,0,0,1,0,0,1,0,5.0,17.766666666666666,1,1,0,0,0,0.0,1.7193548387096773,59.74349442379182,3
0,1,0,52,1,1.0,0.0,1.0,1.0,0.0,1.0,1.0,1,105.05,5624.85,1,0,1,0,1,0,0,0,0,1,0,5.0,17.508333333333333,1,0,0,1,1,1.0,1.982075471698113,53.03960396039604,2
1,0,0,2,1,1.0,0.0,0.0,0.0,0.0,1.0,1.0,1,93.85,196.75,0,0,1,0,1,0,0,0,0,1,0,3.0,23.4625,1,0,0,1,1,1.0,31.28333333333333,2.0743278861360044,0
0,1,0,69,1,1.0,1.0,1.0,1.0,1.0,0.0,1.0,1,107.2,7317.1,0,0,1,0,0,1,0,0,1,0,0,6.0,15.314285714285715,1,1,1,0,0,0.0,1.5314285714285714,67.62569316081331,3
0,0,0,35,1,0.0,0.0,0.0,0.0,0.0,0.0,0.0,0,19.25,617.65,1,0,0,1,1,0,0,1,0,0,0,0.0,19.25,0,0,1,0,0,0.0,0.5347222222222222,30.501234567901232,1
0,0,0,40,1,1.0,0.0,0.0,1.0,1.0,1.0,1.0,0,104.8,4131.95,0,0,1,0,1,0,0,1,0,0,0,5.0,17.466666666666665,1,0,1,1,0,0.0,2.55609756097561,39.05434782608695,2
0,0,0,2,1,0.0,0.0,0.0,1.0,0.0,0.0,1.0,1,86.2,178.7,1,0,1,0,1,0,0,0,0,0,1,2.0,28.733333333333334,1,0,0,1,0,1.0,28.733333333333334,2.049311926605504,0
0,0,0,11,1,0.0,1.0,0.0,0.0,1.0,0.0,0.0,1,54.6,617.85,1,1,0,0,0,1,0,0,0,0,1,2.0,18.2,0,1,0,0,0,0.0,4.55,11.112410071942445,0
1,1,0,4,1,1.0,0.0,0.0,0.0,0.0,1.0,0.0,1,83.25,308.05,1,0,1,0,1,0,0,0,0,1,0,2.0,27.75,1,0,0,1,1,1.0,16.65,3.656379821958457,0
0,1,1,62,1,0.0,1.0,0.0,1.0,1.0,1.0,0.0,1,70.75,4263.45,1,1,0,0,0,1,0,1,0,0,0,4.0,14.15,1,1,1,0,0,0.0,1.123015873015873,59.42090592334495,3
0,0,0,8,1,1.0,0.0,0.0,0.0,0.0,1.0,0.0,1,59.25,436.6,0,1,0,0,1,0,0,0,0,1,0,2.0,19.75,1,0,0,0,1,0.0,6.583333333333333,7.246473029045643,0
0,1,1,72,1,1.0,1.0,1.0,1.0,1.0,1.0,1.0,1,116.8,8456.75,1,0,1,0,0,0,1,0,1,0,0,7.0,14.6,1,1,1,0,0,0.0,1.5999999999999999,71.7890492359932,3
0,0,0,5,1,0.0,0.0,0.0,0.0,0.0,1.0,0.0,0,80.2,384.25,1,0,1,0,1,0,0,0,0,1,0,1.0,40.1,1,0,0,1,1,1.0,13.366666666666667,4.732142857142857,0
0,1,0,72,1,1.0,1.0,1.0,1.0,1.0,1.0,1.0,0,115.15,8349.7,1,0,1,0,0,0,1,0,0,1,0,7.0,14.39375,1,1,0,0,0,0.0,1.5773972602739728,71.88721480843736,3
0,0,0,1,1,0.0,0.0,1.0,0.0,0.0,0.0,0.0,1,74.3,74.3,1,0,1,0,1,0,0,0,1,0,0,1.0,37.15,0,0,1,1,0,1.0,37.15,0.9867197875166003,0
0,1,1,51,1,1.0,1.0,1.0,0.0,0.0,0.0,1.0,1,93.8,4539.35,1,0,1,0,1,0,0,0,0,1,0,4.0,18.759999999999998,1,0,0,1,1,0.0,1.8038461538461539,47.88343881856541,2
0,0,0,5,1,1.0,0.0,1.0,0.0,0.0,0.0,1.0,1,64.0,370.25,1,1,0,0,1,0,0,0,0,1,0,3.0,16.0,1,0,0,0,1,0.0,10.666666666666666,5.696153846153846,0
0,1,1,59,1,1.0,0.0,1.0,0.0,1.0,0.0,1.0,1,96.65,5580.8,1,0,1,0,1,0,0,1,0,0,0,4.0,19.330000000000002,1,0,1,1,0,0.0,1.6108333333333333,57.1510496671787,2
0,0,0,12,1,0.0,0.0,0.0,0.0,0.0,0.0,0.0,0,20.3,246.7,1,0,0,1,1,0,0,0,0,0,1,0.0,20.3,0,0,0,0,0,0.0,1.5615384615384615,11.582159624413144,0
0,0,1,49,1,0.0,0.0,0.0,0.0,0.0,0.0,0.0,0,19.45,921.3,1,0,0,1,0,1,0,0,1,0,0,0.0,19.45,0,1,1,0,0,0.0,0.389,45.05134474327628,2
0,1,1,38,1,0.0,0.0,0.0,0.0,0.0,0.0,0.0,1,19.95,756.4,1,0,0,1,0,0,1,0,0,0,1,0.0,19.95,0,1,0,0,0,0.0,0.5115384615384615,36.105011933174225,2
0,0,0,2,1,0.0,0.0,0.0,0.0,0.0,0.0,0.0,0,19.3,44.4,1,0,0,1,1,0,0,0,0,0,1,0.0,19.3,0,0,0,0,0,0.0,6.433333333333334,2.187192118226601,0
0,1,0,12,1,0.0,1.0,1.0,1.0,0.0,0.0,0.0,1,84.6,959.9,0,0,1,0,1,0,0,0,0,1,0,3.0,21.15,0,0,0,1,1,0.0,6.507692307692308,11.213785046728972,0
0,0,0,1,1,0.0,0.0,0.0,0.0,0.0,0.0,0.0,1,44.9,44.9,1,1,0,0,1,0,0,1,0,0,0,0.0,44.9,0,0,1,0,0,0.0,22.45,0.9782135076252724,0
1,0,0,42,1,1.0,0.0,0.0,0.0,0.0,1.0,0.0,1,84.65,3541.35,1,0,1,0,1,0,0,0,0,1,0,2.0,28.21666666666667,1,0,0,1,1,1.0,1.9686046511627908,41.34676007005253,2
0,0,0,35,1,0.0,0.0,0.0,0.0,0.0,0.0,0.0,1,20.2,684.4,0,0,0,1,0,0,1,0,0,0,1,0.0,20.2,0,1,0,0,0,0.0,0.5611111111111111,32.283018867924525,1
0,1,1,63,1,1.0,1.0,1.0,1.0,0.0,1.0,0.0,1,100.55,6215.35,1,0,1,0,1,0,0,0,0,1,0,5.0,16.758333333333333,1,0,0,1,1,0.0,1.57109375,61.204825209256526,3
0,0,1,63,0,0.0,1.0,1.0,0.0,1.0,0.0,0.0,1,40.6,2588.95,0,1,0,0,0,1,0,1,0,0,0,3.0,10.15,0,1,1,0,0,0.0,0.634375,62.23437499999999,3
0,0,0,39,1,1.0,0.0,1.0,1.0,0.0,1.0,1.0,1,103.45,3994.45,1,0,1,0,1,0,0,0,0,1,0,5.0,17.241666666666667,1,0,0,1,1,1.0,2.58625,38.242699856390615,2
0,0,1,39,1,1.0,0.0,0.0,0.0,1.0,1.0,1.0,0,100.55,3895.35,0,0,1,0,0,0,1,0,0,0,1,4.0,20.11,1,1,0,0,0,0.0,2.51375,38.3589364844904,2
1,1,0,70,1,1.0,1.0,1.0,1.0,1.0,1.0,1.0,0,90.05,6333.4,0,1,0,0,0,0,1,0,1,0,0,7.0,11.25625,1,1,1,0,0,0.0,1.2683098591549296,69.55958264689731,3
1,0,0,46,1,1.0,1.0,1.0,1.0,0.0,1.0,1.0,1,110.0,4874.8,1,0,1,0,0,1,0,0,0,1,0,6.0,15.714285714285714,1,1,0,0,0,0.0,2.3404255319148937,43.917117117117115,2
0,1,1,45,1,1.0,1.0,1.0,0.0,1.0,1.0,0.0,0,73.85,3371.0,0,1,0,0,0,0,1,0,1,0,0,5.0,12.308333333333332,1,1,1,0,0,0.0,1.6054347826086954,45.03674014696059,2
0,0,1,12,1,0.0,0.0,0.0,0.0,0.0,0.0,0.0,0,19.35,212.3,0,0,0,1,0,0,1,1,0,0,0,0.0,19.35,0,1,1,0,0,0.0,1.4884615384615385,10.432432432432432,0
0,1,1,60,1,1.0,0.0,0.0,0.0,0.0,0.0,0.0,0,23.95,1506.4,0,0,0,1,0,1,0,0,1,0,0,1.0,11.975,0,1,1,0,0,0.0,0.39262295081967213,60.37675350701404,2
0,1,1,43,1,0.0,0.0,0.0,0.0,0.0,1.0,0.0,0,56.15,2499.3,1,1,0,0,1,0,0,0,0,1,0,1.0,28.075,1,0,0,0,1,0.0,1.2761363636363636,43.73228346456693,2
0,1,0,64,1,1.0,1.0,0.0,1.0,1.0,1.0,1.0,1,108.5,6880.85,0,0,1,0,0,1,0,0,0,0,1,6.0,15.5,1,1,0,0,0,0.0,1.6692307692307693,62.83881278538813,3
0,0,0,12,1,0.0,0.0,0.0,0.0,0.0,0.0,0.0,0,20.45,255.35,0,0,0,1,1,0,0,0,0,0,1,0.0,20.45,0,0,0,0,0,0.0,1.573076923076923,11.904428904428904,0
0,0,0,50,1,1.0,0.0,1.0,0.0,1.0,1.0,1.0,1,79.6,4024.2,1,1,0,0,0,0,1,0,0,0,1,5.0,13.266666666666666,1,1,0,0,0,0.0,1.56078431372549,49.92803970223325,2
1,0,0,1,0,0.0,0.0,0.0,0.0,0.0,1.0,0.0,1,36.45,36.45,1,1,0,0,1,0,0,0,0,1,0,1.0,18.225,1,0,0,0,1,0.0,18.225,0.9732977303070761,0
0,0,0,71,1,1.0,0.0,0.0,1.0,1.0,0.0,0.0,1,86.4,6172.0,0,0,1,0,0,0,1,0,1,0,0,3.0,21.6,0,1,1,0,0,0.0,1.2000000000000002,70.61784897025171,3
0,1,1,72,1,0.0,1.0,1.0,1.0,1.0,1.0,1.0,1,83.7,6096.9,1,1,0,0,0,0,1,1,0,0,0,6.0,11.957142857142857,1,1,1,0,0,0.0,1.1465753424657534,71.98229043683588,3
0,1,1,72,1,1.0,0.0,0.0,0.0,0.0,0.0,0.0,0,23.75,1679.25,1,0,0,1,0,0,1,1,0,0,0,1.0,11.875,0,1,1,0,0,0.0,0.3253424657534247,67.84848484848484,3
0,0,0,61,1,1.0,0.0,1.0,1.0,1.0,1.0,1.0,0,88.65,5321.25,1,1,0,0,0,0,1,0,1,0,0,6.0,12.664285714285715,1,1,1,0,0,0.0,1.4298387096774194,59.35582822085889,3
0,0,0,36,1,0.0,0.0,1.0,0.0,1.0,0.0,1.0,1,65.4,2498.4,0,1,0,0,0,1,0,0,0,0,1,3.0,16.35,1,1,0,0,0,0.0,1.7675675675675677,37.626506024096386,1
0,1,1,38,1,0.0,1.0,1.0,1.0,1.0,1.0,0.0,0,74.05,2802.3,0,1,0,0,0,1,0,0,0,1,0,5.0,12.341666666666667,1,1,0,0,0,0.0,1.8987179487179486,37.339107261825454,2
0,1,1,56,1,1.0,0.0,0.0,0.0,0.0,0.0,0.0,1,24.45,1385.85,1,0,0,1,0,0,1,0,0,0,1,1.0,12.225,0,1,0,0,0,0.0,0.42894736842105263,54.45383104125737,2
0,0,0,65,0,0.0,1.0,0.0,1.0,1.0,1.0,1.0,0,59.95,3921.1,1,1,0,0,0,0,1,0,1,0,0,5.0,9.991666666666667,1,1,1,0,0,0.0,0.9083333333333333,64.33305988515175,3
0,0,0,31,1,0.0,1.0,1.0,1.0,1.0,1.0,0.0,1,72.45,2156.25,0,1,0,0,1,0,0,1,0,0,0,5.0,12.075000000000001,1,0,1,0,0,0.0,2.2640625,29.356705241660993,1
0,0,0,67,1,1.0,0.0,0.0,0.0,0.0,0.0,0.0,1,26.1,1759.55,1,0,0,1,0,0,1,0,0,0,1,1.0,13.05,0,1,0,0,0,0.0,0.38382352941176473,64.9280442804428,3
0,0,0,3,1,0.0,0.0,1.0,0.0,0.0,0.0,0.0,1,49.9,130.1,0,1,0,0,1,0,0,0,0,0,1,1.0,24.95,0,0,0,0,0,0.0,12.475,2.555992141453831,0
0,1,0,15,1,1.0,0.0,0.0,0.0,0.0,0.0,0.0,0,25.2,387.9,1,0,0,1,0,0,1,0,0,0,1,1.0,12.6,0,1,0,0,0,0.0,1.575,14.805343511450381,1
0,0,0,20,1,0.0,0.0,0.0,0.0,0.0,0.0,0.0,1,44.35,927.15,1,1,0,0,1,0,0,0,0,1,0,0.0,44.35,0,0,0,0,1,0.0,2.111904761904762,20.444321940463063,1
0,0,0,16,1,0.0,0.0,0.0,0.0,0.0,0.0,0.0,0,20.1,318.6,1,0,0,1,0,1,0,1,0,0,0,0.0,20.1,0,1,1,0,0,0.0,1.1823529411764706,15.09952606635071,1
0,1,1,14,1,0.0,0.0,0.0,0.0,0.0,0.0,0.0,0,19.55,294.5,1,0,0,1,0,1,0,0,0,0,1,0.0,19.55,0,1,0,0,0,0.0,1.3033333333333335,14.330900243309001,1
1,0,0,54,1,1.0,1.0,1.0,0.0,1.0,1.0,1.0,0,82.45,4350.1,1,1,0,0,0,1,0,1,0,0,0,6.0,11.778571428571428,1,1,1,0,0,0.0,1.4990909090909093,52.12822049131216,2
0,0,0,60,1,1.0,0.0,1.0,0.0,0.0,1.0,0.0,1,89.9,5450.7,0,0,1,0,1,0,0,1,0,0,0,3.0,22.475,1,0,1,1,0,1.0,1.4737704918032788,59.963696369636956,2
0,1,0,12,0,0.0,0.0,0.0,1.0,0.0,1.0,1.0,1,49.85,617.15,1,1,0,0,1,0,0,1,0,0,0,3.0,12.4625,1,0,1,0,0,0.0,3.8346153846153848,12.136676499508358,0
0,1,1,71,1,0.0,0.0,0.0,0.0,0.0,0.0,0.0,0,20.5,1500.95,1,0,0,1,0,0,1,1,0,0,0,0.0,20.5,0,1,1,0,0,0.0,0.2847222222222222,69.81162790697675,3
0,1,0,57,0,0.0,1.0,1.0,1.0,0.0,1.0,1.0,1,58.75,3437.45,1,1,0,0,1,0,0,1,0,0,0,5.0,9.791666666666666,1,0,1,0,0,0.0,1.0129310344827587,57.53054393305439,2
0,0,0,1,1,0.0,0.0,0.0,0.0,0.0,0.0,0.0,1,70.15,70.15,1,0,1,0,1,0,0,0,0,0,1,0.0,70.15,0,0,0,1,0,1.0,35.075,0.9859451862262825,0
1,1,0,5,1,1.0,0.0,1.0,0.0,0.0,0.0,0.0,1,81.0,371.65,1,0,1,0,1,0,0,0,0,1,0,2.0,27.0,0,0,0,1,1,1.0,13.5,4.532317073170732,0
0,1,0,33,1,0.0,0.0,0.0,0.0,0.0,0.0,0.0,0,20.05,669.45,1,0,0,1,1,0,0,0,0,0,1,0.0,20.05,0,0,0,0,0,0.0,0.5897058823529412,31.802850356294538,1
0,0,0,67,1,0.0,0.0,0.0,0.0,1.0,0.0,0.0,0,50.55,3260.1,0,1,0,0,0,0,1,1,0,0,0,1.0,25.275,0,1,1,0,0,0.0,0.7433823529411764,63.241513094083416,3
0,0,1,49,1,1.0,0.0,0.0,0.0,1.0,1.0,1.0,1,100.6,5069.65,0,0,1,0,0,1,0,1,0,0,0,4.0,20.119999999999997,1,1,1,0,0,0.0,2.012,49.898129921259844,2
0,1,1,34,1,1.0,0.0,0.0,1.0,0.0,1.0,0.0,0,87.45,2874.15,1,0,1,0,1,0,0,0,0,1,0,3.0,21.8625,1,0,0,1,1,1.0,2.4985714285714287,32.49462973431317,1
0,0,0,20,1,1.0,0.0,0.0,1.0,0.0,1.0,0.0,1,90.7,1781.35,0,0,1,0,1,0,0,0,1,0,0,3.0,22.675,1,0,1,1,0,1.0,4.319047619047619,19.425845147219192,1
0,1,1,14,1,0.0,1.0,1.0,0.0,1.0,0.0,0.0,0,59.45,780.85,1,1,0,0,1,0,0,1,0,0,0,3.0,14.8625,0,0,1,0,0,0.0,3.9633333333333334,12.917287014061207,1
0,0,0,1,1,0.0,0.0,0.0,0.0,0.0,0.0,0.0,0,20.2,20.2,0,0,0,1,1,0,0,0,0,0,1,0.0,20.2,0,0,0,0,0,0.0,10.1,0.9528301886792453,0
0,0,0,5,1,1.0,0.0,0.0,0.0,0.0,1.0,1.0,1,94.85,462.8,0,0,1,0,1,0,0,1,0,0,0,3.0,23.7125,1,0,1,1,0,1.0,15.808333333333332,4.828377673448096,0
0,1,1,18,1,0.0,0.0,0.0,0.0,0.0,0.0,0.0,1,20.25,401.95,1,0,0,1,1,0,0,0,0,0,1,0.0,20.25,0,0,0,0,0,0.0,1.0657894736842106,18.915294117647058,1
0,0,0,13,0,0.0,0.0,1.0,0.0,0.0,0.0,0.0,0,29.15,357.15,1,1,0,0,1,0,0,0,0,1,0,1.0,14.575,0,0,0,0,1,0.0,2.082142857142857,11.845771144278606,1
0,1,0,57,1,1.0,0.0,1.0,1.0,0.0,1.0,1.0,1,104.5,5921.35,1,0,1,0,1,0,0,0,1,0,0,5.0,17.416666666666668,1,0,1,1,0,1.0,1.8017241379310345,56.126540284360196,2
0,1,0,12,1,0.0,0.0,1.0,0.0,0.0,0.0,0.0,1,51.25,612.1,1,1,0,0,1,0,0,0,0,1,0,1.0,25.625,0,0,0,0,1,0.0,3.9423076923076925,11.714832535885169,0
0,0,0,50,1,1.0,1.0,1.0,0.0,1.0,1.0,1.0,1,109.65,5551.15,1,0,1,0,0,0,1,0,0,1,0,6.0,15.664285714285715,1,1,0,0,0,0.0,2.15,50.16854948034342,2
0,0,0,30,1,1.0,1.0,0.0,0.0,1.0,1.0,1.0,0,106.4,3211.9,1,0,1,0,1,0,0,1,0,0,0,5.0,17.733333333333334,1,0,1,1,0,0.0,3.4322580645161294,29.905959031657353,1
0,0,0,69,1,0.0,0.0,1.0,1.0,1.0,1.0,1.0,1,104.05,7262.0,0,0,1,0,0,1,0,1,0,0,0,5.0,17.341666666666665,1,1,1,0,0,0.0,1.4864285714285714,69.12898619704903,3
0,0,0,17,1,1.0,0.0,0.0,1.0,1.0,0.0,1.0,1,95.65,1640.0,0,0,1,0,1,0,0,1,0,0,0,4.0,19.130000000000003,1,0,1,1,0,0.0,5.313888888888889,16.968442834971547,1
0,1,1,39,1,0.0,0.0,0.0,1.0,0.0,1.0,0.0,1,59.85,2341.5,1,1,0,0,1,0,0,0,0,0,1,2.0,19.95,1,0,0,0,0,0.0,1.49625,38.47986852917009,2
0,0,0,12,1,0.0,0.0,0.0,0.0,1.0,1.0,0.0,1,59.8,727.8,0,1,0,0,0,1,0,0,0,1,0,2.0,19.933333333333334,1,1,0,0,0,0.0,4.6,11.970394736842104,0
0,0,0,1,1,0.0,0.0,0.0,0.0,1.0,0.0,0.0,0,51.25,51.25,0,1,0,0,1,0,0,0,0,0,1,1.0,25.625,0,0,0,0,0,0.0,25.625,0.9808612440191388,0
0,1,1,51,1,0.0,1.0,0.0,0.0,1.0,1.0,1.0,1,76.4,3966.3,0,1,0,0,0,1,0,1,0,0,0,4.0,15.280000000000001,1,1,1,0,0,0.0,1.4692307692307693,51.24418604651163,2
0,1,1,69,1,1.0,1.0,1.0,0.0,1.0,1.0,0.0,0,73.7,4885.85,1,1,0,0,0,1,0,0,1,0,0,5.0,12.283333333333333,1,1,1,0,0,0.0,1.052857142857143,65.40629183400267,3
0,1,1,28,1,1.0,0.0,0.0,0.0,0.0,1.0,1.0,0,92.2,2568.15,0,0,1,0,0,1,0,1,0,0,0,3.0,23.05,1,1,1,0,0,1.0,3.179310344827586,27.555257510729614,1
0,0,0,25,1,1.0,0.0,1.0,0.0,0.0,1.0,1.0,1,100.25,2387.75,1,0,1,0,1,0,0,0,0,1,0,4.0,20.05,1,0,0,1,1,1.0,3.855769230769231,23.582716049382714,1
0,1,0,49,1,1.0,1.0,0.0,1.0,1.0,1.0,1.0,0,84.35,4059.35,0,1,0,0,0,1,0,0,0,1,0,6.0,12.049999999999999,1,1,0,0,0,0.0,1.6869999999999998,47.561218512009376,2
1,0,0,1,1,0.0,0.0,0.0,0.0,0.0,0.0,0.0,1,69.85,69.85,1,0,1,0,1,0,0,0,0,1,0,0.0,69.85,0,0,0,1,1,1.0,34.925,0.9858856739590685,0
0,0,1,9,1,0.0,0.0,0.0,0.0,1.0,1.0,1.0,1,69.4,571.45,1,1,0,0,1,0,0,0,1,0,0,3.0,17.35,1,0,1,0,0,0.0,6.94,8.1171875,0
0,0,0,12,1,1.0,0.0,1.0,0.0,0.0,0.0,1.0,1,89.15,1057.55,1,0,1,0,1,0,0,0,0,1,0,3.0,22.2875,1,0,0,1,1,1.0,6.857692307692308,11.731003882418191,0
0,1,0,66,1,1.0,1.0,1.0,0.0,1.0,1.0,1.0,0,85.25,5538.35,0,1,0,0,0,0,1,0,0,1,0,6.0,12.178571428571429,1,1,0,0,0,0.0,1.2723880597014925,64.2127536231884,3
0,0,0,8,1,0.0,1.0,0.0,0.0,0.0,0.0,0.0,1,49.85,365.55,1,1,0,0,1,0,0,0,0,1,0,1.0,24.925,0,0,0,0,1,0.0,5.538888888888889,7.188790560471976,0
0,0,0,12,1,1.0,0.0,0.0,0.0,1.0,0.0,0.0,1,79.55,958.25,1,0,1,0,1,0,0,0,1,0,0,2.0,26.516666666666666,0,0,1,1,0,0.0,6.119230769230769,11.896337678460585,0
0,0,0,72,1,1.0,1.0,1.0,1.0,1.0,1.0,1.0,0,86.65,6224.8,0,1,0,0,0,0,1,1,0,0,0,7.0,10.83125,1,1,1,0,0,0.0,1.1869863013698632,71.0188248716486,3
0,1,1,71,1,1.0,1.0,1.0,1.0,1.0,1.0,1.0,0,90.3,6287.3,0,1,0,0,0,0,1,0,1,0,0,7.0,11.2875,1,1,1,0,0,0.0,1.2541666666666667,68.86418400876232,3
0,1,0,71,1,1.0,1.0,1.0,1.0,0.0,1.0,1.0,1,109.6,7854.15,0,0,1,0,0,1,0,0,0,1,0,6.0,15.657142857142857,1,1,0,0,0,0.0,1.5222222222222221,71.01401446654612,3
0,0,0,10,1,0.0,0.0,0.0,0.0,1.0,1.0,1.0,1,95.1,865.1,0,0,1,0,1,0,0,0,1,0,0,3.0,23.775,1,0,1,1,0,0.0,8.645454545454545,9.002081165452655,0
0,0,0,10,1,0.0,0.0,0.0,0.0,0.0,0.0,1.0,1,80.25,846.0,1,0,1,0,1,0,0,1,0,0,0,1.0,40.125,1,0,1,1,0,1.0,7.295454545454546,10.412307692307692,0
0,0,0,15,1,1.0,0.0,0.0,0.0,0.0,0.0,0.0,0,25.05,369.1,1,0,0,1,0,0,1,1,0,0,0,1.0,12.525,0,1,1,0,0,0.0,1.565625,14.16890595009597,1
0,0,0,1,1,1.0,0.0,0.0,0.0,0.0,0.0,0.0,1,75.3,75.3,0,0,1,0,1,0,0,0,0,1,0,1.0,37.65,0,0,0,1,1,1.0,37.65,0.9868938401048493,0
0,0,0,9,0,0.0,0.0,1.0,0.0,0.0,0.0,1.0,0,40.75,359.4,1,1,0,0,1,0,0,0,0,1,0,2.0,13.583333333333334,1,0,0,0,1,0.0,4.075,8.608383233532933,0
0,0,0,1,1,0.0,0.0,0.0,0.0,0.0,0.0,0.0,0,20.6,20.6,0,0,0,1,1,0,0,0,0,0,1,0.0,20.6,0,0,0,0,0,0.0,10.3,0.9537037037037037,0
0,1,1,72,1,0.0,0.0,0.0,0.0,0.0,0.0,0.0,0,21.0,1493.75,0,0,0,1,0,0,1,1,0,0,0,0.0,21.0,0,1,1,0,0,0.0,0.2876712328767123,67.89772727272727,3
0,1,1,54,1,0.0,1.0,0.0,1.0,1.0,0.0,1.0,0,69.95,3871.85,1,1,0,0,0,0,1,1,0,0,0,4.0,13.99,1,1,1,0,0,0.0,1.271818181818182,54.57152924594785,2
0,0,0,62,1,1.0,1.0,1.0,1.0,1.0,1.0,1.0,1,115.05,7133.45,1,0,1,0,0,1,0,0,1,0,0,7.0,14.38125,1,1,1,0,0,0.0,1.8261904761904761,61.46876346402413,3
1,1,0,72,1,1.0,0.0,1.0,0.0,0.0,1.0,1.0,0,98.35,6929.4,0,0,1,0,0,0,1,1,0,0,0,4.0,19.669999999999998,1,1,1,0,0,1.0,1.3472602739726027,69.74735782586815,3
0,0,0,22,1,0.0,0.0,1.0,1.0,1.0,0.0,1.0,1,94.95,2142.8,0,0,1,0,1,0,0,1,0,0,0,4.0,18.990000000000002,1,0,1,1,0,0.0,4.128260869565217,22.332464825429913,1
1,1,0,15,1,0.0,0.0,1.0,0.0,0.0,1.0,1.0,1,94.65,1285.05,1,0,1,0,1,0,0,0,0,1,0,3.0,23.6625,1,0,0,1,1,1.0,5.915625,13.434918975431259,1
0,1,0,51,0,0.0,0.0,1.0,0.0,0.0,1.0,1.0,1,49.65,2553.35,1,1,0,0,1,0,0,0,0,1,0,3.0,12.4125,1,0,0,0,1,0.0,0.9548076923076922,50.41164856860809,2
0,1,1,15,1,1.0,0.0,1.0,1.0,0.0,1.0,1.0,1,105.35,1559.25,1,0,1,0,1,0,0,1,0,0,0,5.0,17.558333333333334,1,0,1,1,0,1.0,6.584375,14.661495063469676,1
1,0,1,38,1,1.0,1.0,0.0,0.0,0.0,0.0,0.0,1,80.45,3162.65,0,0,1,0,1,0,0,0,0,0,1,2.0,26.816666666666666,0,0,0,1,0,0.0,2.062820512820513,38.829343155310006,2
1,0,0,2,1,0.0,0.0,0.0,0.0,0.0,0.0,0.0,1,70.2,115.95,1,0,1,0,1,0,0,1,0,0,0,0.0,70.2,0,0,1,1,0,1.0,23.400000000000002,1.6285112359550562,0
0,1,1,45,1,1.0,0.0,1.0,1.0,0.0,1.0,1.0,0,78.75,3600.65,0,1,0,0,0,1,0,0,1,0,0,5.0,13.125,1,1,1,0,0,0.0,1.7119565217391304,45.14921630094044,2
1,0,0,10,1,1.0,0.0,0.0,0.0,0.0,1.0,1.0,1,95.35,898.35,0,0,1,0,1,0,0,0,0,1,0,3.0,23.8375,1,0,0,1,1,1.0,8.668181818181818,9.32381940840685,0
1,1,0,12,1,0.0,1.0,0.0,1.0,1.0,1.0,1.0,1,79.2,943.85,1,1,0,0,0,1,0,0,0,1,0,5.0,13.200000000000001,1,1,0,0,0,0.0,6.092307692307693,11.768703241895262,0
0,1,0,63,1,1.0,0.0,1.0,1.0,0.0,1.0,1.0,1,103.4,6603.0,0,0,1,0,1,0,0,0,0,1,0,5.0,17.233333333333334,1,0,0,1,1,1.0,1.615625,63.247126436781606,3
0,0,0,67,1,1.0,1.0,1.0,1.0,0.0,1.0,0.0,1,102.95,6886.25,1,0,1,0,1,0,0,0,1,0,0,5.0,17.158333333333335,1,0,1,1,0,0.0,1.513970588235294,66.24579124579124,3
1,0,0,4,1,1.0,1.0,0.0,0.0,0.0,0.0,0.0,1,80.25,303.7,1,0,1,0,1,0,0,0,0,1,0,2.0,26.75,0,0,0,1,1,0.0,16.05,3.737846153846154,0
1,0,0,15,1,1.0,0.0,0.0,0.0,0.0,0.0,0.0,1,74.2,1133.9,0,0,1,0,1,0,0,0,1,0,0,1.0,37.1,0,0,1,1,0,1.0,4.6375,15.07845744680851,1
0,1,1,19,1,1.0,0.0,0.0,0.0,0.0,0.0,1.0,1,83.65,1465.75,0,0,1,0,1,0,0,0,0,1,0,2.0,27.883333333333336,1,0,0,1,1,1.0,4.1825,17.315416420555227,1
1,1,0,14,1,0.0,0.0,0.0,0.0,0.0,0.0,0.0,0,19.65,228.65,0,0,0,1,0,1,0,0,0,0,1,0.0,19.65,0,1,0,0,0,0.0,1.3099999999999998,11.072639225181598,1
0,1,0,17,1,1.0,0.0,1.0,0.0,0.0,0.0,0.0,1,80.5,1336.9,0,0,1,0,1,0,0,1,0,0,0,2.0,26.833333333333332,0,0,1,1,0,1.0,4.472222222222222,16.403680981595095,1
0,0,0,10,1,1.0,0.0,1.0,1.0,0.0,0.0,1.0,1,94.85,953.45,1,0,1,0,1,0,0,0,0,1,0,4.0,18.97,1,0,0,1,1,1.0,8.622727272727273,9.947313510693794,0
0,1,0,70,1,0.0,1.0,1.0,1.0,1.0,1.0,1.0,1,109.5,7534.65,0,0,1,0,0,1,0,1,0,0,0,6.0,15.642857142857142,1,1,1,0,0,0.0,1.5422535211267605,68.18687782805429,3
0,1,0,34,1,1.0,1.0,0.0,0.0,1.0,0.0,0.0,1,60.85,2003.6,1,1,0,0,1,0,0,1,0,0,0,3.0,15.2125,0,0,1,0,0,0.0,1.7385714285714287,32.39450282942603,1
0,0,0,23,1,0.0,0.0,0.0,1.0,0.0,0.0,0.0,0,49.7,1081.25,1,1,0,0,1,0,0,0,1,0,0,1.0,24.85,0,0,1,0,0,0.0,2.0708333333333333,21.32642998027613,1
0,0,0,19,1,1.0,0.0,0.0,0.0,0.0,0.0,0.0,0,24.7,465.85,1,0,0,1,1,0,0,1,0,0,0,1.0,12.35,0,0,1,0,0,0.0,1.2349999999999999,18.126459143968873,1
0,1,0,16,1,1.0,1.0,1.0,1.0,0.0,0.0,0.0,0,90.7,1374.9,1,0,1,0,1,0,0,0,0,1,0,4.0,18.14,0,0,0,1,1,0.0,5.335294117647059,14.993456924754636,1
0,1,1,23,1,1.0,1.0,0.0,1.0,1.0,1.0,0.0,1,77.15,1759.4,1,1,0,0,0,0,1,1,0,0,0,5.0,12.858333333333334,1,1,1,0,0,0.0,3.2145833333333336,22.51311580294306,1
1,0,0,54,1,1.0,0.0,1.0,0.0,0.0,0.0,0.0,1,79.5,4370.25,1,0,1,0,1,0,0,0,0,1,0,2.0,26.5,0,0,0,1,1,1.0,1.4454545454545455,54.2888198757764,2
0,1,1,12,1,0.0,1.0,0.0,0.0,0.0,0.0,0.0,1,49.2,571.15,0,1,0,0,1,0,0,0,0,1,0,1.0,24.6,0,0,0,0,1,0.0,3.784615384615385,11.377490039840636,0
0,1,0,24,1,0.0,0.0,1.0,1.0,0.0,1.0,1.0,1,99.3,2431.35,1,0,1,0,1,0,0,0,1,0,0,4.0,19.86,1,0,1,1,0,1.0,3.972,24.240777666999,1
0,0,0,12,1,1.0,0.0,0.0,0.0,0.0,1.0,1.0,1,94.2,1046.1,1,0,1,0,1,0,0,0,0,1,0,3.0,23.55,1,0,0,1,1,1.0,7.246153846153846,10.98844537815126,0
0,1,1,63,1,1.0,0.0,0.0,0.0,0.0,0.0,0.0,0,25.25,1573.05,0,0,0,1,0,0,1,0,0,0,1,1.0,12.625,0,1,0,0,0,0.0,0.39453125,59.925714285714285,3
0,0,1,71,1,1.0,1.0,0.0,1.0,0.0,1.0,1.0,0,106.7,7382.25,0,0,1,0,0,0,1,1,0,0,0,5.0,17.783333333333335,1,1,1,0,0,0.0,1.4819444444444445,68.54456824512535,3
0,1,0,5,1,0.0,0.0,0.0,0.0,0.0,0.0,0.0,0,19.35,126.05,0,0,0,1,1,0,0,0,0,0,1,0.0,19.35,0,0,0,0,0,0.0,3.225,6.194103194103193,0
0,1,0,27,1,0.0,0.0,1.0,0.0,0.0,0.0,0.0,1,76.1,2093.4,1,0,1,0,1,0,0,0,0,1,0,1.0,38.05,0,0,0,1,1,1.0,2.7178571428571425,27.15175097276265,1
0,1,0,33,1,1.0,1.0,1.0,1.0,0.0,1.0,0.0,1,72.75,2447.45,0,1,0,0,1,0,0,1,0,0,0,5.0,12.125,1,0,1,0,0,0.0,2.139705882352941,33.185762711864406,1
0,1,1,51,1,0.0,1.0,1.0,0.0,1.0,0.0,0.0,0,60.5,3121.45,0,1,0,0,0,0,1,0,1,0,0,3.0,15.125,0,1,1,0,0,0.0,1.1634615384615385,50.755284552845524,2
0,1,0,56,1,0.0,0.0,0.0,0.0,0.0,0.0,0.0,0,19.95,1126.75,0,0,0,1,0,1,0,0,1,0,0,0.0,19.95,0,1,1,0,0,0.0,0.35,53.782816229116946,2
0,0,0,3,1,1.0,0.0,0.0,0.0,0.0,0.0,0.0,1,74.25,210.3,1,0,1,0,1,0,0,0,0,1,0,1.0,37.125,0,0,0,1,1,1.0,18.5625,2.7946843853820598,0
1,0,0,57,1,0.0,0.0,0.0,1.0,1.0,0.0,0.0,1,53.5,3035.8,0,1,0,0,0,1,0,0,0,1,0,2.0,17.833333333333332,0,1,0,0,0,0.0,0.9224137931034483,55.70275229357799,2
0,1,0,68,1,1.0,1.0,1.0,1.0,0.0,1.0,1.0,1,110.8,7553.6,1,0,1,0,0,0,1,1,0,0,0,6.0,15.828571428571427,1,1,1,0,0,0.0,1.6057971014492753,67.56350626118069,3
0,0,0,24,1,0.0,0.0,0.0,0.0,0.0,0.0,0.0,1,19.55,470.2,1,0,0,1,0,0,1,1,0,0,0,0.0,19.55,0,1,1,0,0,0.0,0.782,22.880778588807786,1
0,0,0,8,1,0.0,0.0,0.0,0.0,0.0,0.0,0.0,1,20.2,140.95,1,0,0,1,0,1,0,1,0,0,0,0.0,20.2,0,1,1,0,0,0.0,2.2444444444444445,6.648584905660377,0
0,0,0,1,1,0.0,0.0,0.0,0.0,0.0,0.0,0.0,0,69.95,69.95,0,0,1,0,1,0,0,0,0,1,0,0.0,69.95,0,0,0,1,1,1.0,34.975,0.9859055673009162,0
0,0,0,9,1,1.0,0.0,0.0,0.0,0.0,1.0,1.0,1,94.75,889.9,1,0,1,0,1,0,0,0,0,1,0,3.0,23.6875,1,0,0,1,1,1.0,9.475,9.293994778067885,0
0,1,1,72,1,0.0,0.0,0.0,0.0,0.0,0.0,0.0,0,19.95,1322.85,0,0,0,1,0,0,1,1,0,0,0,0.0,19.95,0,1,1,0,0,0.0,0.2732876712328767,63.143198090692124,3
0,0,0,1,1,0.0,0.0,0.0,0.0,0.0,1.0,0.0,1,55.0,55.0,1,1,0,0,1,0,0,0,1,0,0,1.0,27.5,1,0,1,0,0,0.0,27.5,0.9821428571428571,0
0,1,1,55,1,0.0,0.0,0.0,0.0,0.0,0.0,0.0,0,19.35,1153.25,0,0,0,1,0,0,1,1,0,0,0,0.0,19.35,0,1,1,0,0,0.0,0.34553571428571433,56.670761670761664,2
0,1,0,58,1,1.0,1.0,0.0,0.0,1.0,0.0,0.0,1,61.05,3478.75,1,1,0,0,0,1,0,1,0,0,0,3.0,15.2625,0,1,1,0,0,0.0,1.0347457627118644,56.06365834004835,2
1,0,0,20,1,0.0,0.0,0.0,0.0,0.0,1.0,0.0,0,80.7,1614.2,1,0,1,0,1,0,0,1,0,0,0,1.0,40.35,1,0,1,1,0,1.0,3.842857142857143,19.75764993880049,1
0,0,0,57,1,0.0,1.0,1.0,1.0,1.0,1.0,0.0,1,74.3,4166.35,1,1,0,0,0,0,1,0,1,0,0,5.0,12.383333333333333,1,1,1,0,0,0.0,1.2810344827586206,55.33001328021249,2
0,1,0,22,1,0.0,1.0,0.0,0.0,1.0,0.0,0.0,1,56.25,1292.2,0,1,0,0,0,1,0,0,1,0,0,2.0,18.75,0,1,1,0,0,0.0,2.4456521739130435,22.57117903930131,1
0,1,0,71,1,1.0,0.0,0.0,0.0,0.0,0.0,0.0,0,25.6,1888.25,1,0,0,1,0,0,1,0,1,0,0,1.0,12.8,0,1,1,0,0,0.0,0.35555555555555557,70.98684210526315,3
0,1,1,67,1,1.0,1.0,0.0,0.0,0.0,1.0,1.0,1,75.5,5229.45,1,1,0,0,0,0,1,0,0,1,0,4.0,15.1,1,1,0,0,0,0.0,1.1102941176470589,68.35882352941177,3
0,1,0,3,0,0.0,0.0,0.0,0.0,0.0,0.0,1.0,1,35.15,99.75,0,1,0,0,1,0,0,0,0,1,0,1.0,17.575,1,0,0,0,1,0.0,8.7875,2.759336099585062,0
1,0,0,49,1,0.0,0.0,0.0,0.0,0.0,0.0,0.0,0,43.8,2106.05,1,1,0,0,1,0,0,0,0,0,1,0.0,43.8,0,0,0,0,0,0.0,0.8759999999999999,47.01004464285715,2
0,0,0,62,1,1.0,0.0,0.0,0.0,0.0,0.0,0.0,1,25.8,1563.95,1,0,0,1,0,0,1,0,1,0,0,1.0,12.9,0,1,1,0,0,0.0,0.4095238095238095,58.35634328358209,3
0,1,0,18,1,0.0,0.0,0.0,1.0,1.0,0.0,0.0,0,78.2,1468.75,0,0,1,0,1,0,0,0,0,1,0,2.0,26.066666666666666,0,0,0,1,1,0.0,4.11578947368421,18.544823232323232,1
1,1,0,24,0,0.0,0.0,0.0,1.0,1.0,0.0,0.0,0,34.25,828.2,0,1,0,0,1,0,0,0,0,0,1,2.0,11.416666666666666,0,0,0,0,0,0.0,1.37,23.49503546099291,1
0,1,0,71,1,1.0,0.0,0.0,0.0,0.0,1.0,1.0,1,93.7,6585.35,1,0,1,0,0,0,1,1,0,0,0,3.0,23.425,1,1,1,0,0,1.0,1.301388888888889,69.53907074973601,3
0,0,0,17,1,0.0,0.0,0.0,0.0,0.0,0.0,0.0,0,70.5,1165.6,1,0,1,0,1,0,0,1,0,0,0,0.0,70.5,0,0,1,1,0,1.0,3.9166666666666665,16.302097902097902,1
0,1,1,46,1,0.0,0.0,0.0,0.0,0.0,0.0,0.0,1,19.95,927.1,1,0,0,1,0,0,1,0,0,0,1,0.0,19.95,0,1,0,0,0,0.0,0.42446808510638295,44.25298329355609,2
0,0,0,4,1,1.0,0.0,0.0,0.0,0.0,0.0,0.0,0,25.25,101.9,0,0,0,1,1,0,0,0,0,0,1,1.0,12.625,0,0,0,0,0,0.0,5.05,3.881904761904762,0
0,1,0,8,1,1.0,0.0,0.0,0.0,0.0,0.0,1.0,1,84.9,764.95,1,0,1,0,1,0,0,0,0,1,0,2.0,28.3,1,0,0,1,1,1.0,9.433333333333334,8.90512223515716,0
0,1,1,49,1,1.0,0.0,0.0,0.0,0.0,1.0,1.0,1,95.6,4783.5,1,0,1,0,1,0,0,0,0,1,0,3.0,23.9,1,0,0,1,1,1.0,1.912,49.518633540372676,2
0,1,0,48,1,1.0,0.0,1.0,1.0,0.0,0.0,1.0,1,70.55,3420.5,0,1,0,0,0,1,0,0,1,0,0,4.0,14.11,1,1,1,0,0,0.0,1.4397959183673468,47.80573025856045,2
1,1,0,44,1,0.0,0.0,0.0,0.0,0.0,0.0,0.0,1,19.35,847.25,0,0,0,1,0,0,1,0,1,0,0,0.0,19.35,0,1,1,0,0,0.0,0.43000000000000005,41.63390663390663,2
0,0,0,4,1,0.0,0.0,0.0,0.0,0.0,1.0,0.0,0,55.5,227.35,1,1,0,0,1,0,0,0,1,0,0,1.0,27.75,1,0,1,0,0,0.0,11.1,4.023893805309735,0
0,1,0,56,1,1.0,0.0,0.0,0.0,0.0,0.0,0.0,0,24.3,1261.7,1,0,0,1,0,1,0,0,0,1,0,1.0,12.15,0,1,0,0,0,0.0,0.4263157894736842,49.869565217391305,2
0,0,0,15,1,1.0,0.0,0.0,0.0,0.0,0.0,0.0,0,48.85,631.4,1,1,0,0,1,0,0,0,0,0,1,1.0,24.425,0,0,0,0,0,0.0,3.053125,12.665997993981945,1
0,1,0,66,1,1.0,1.0,1.0,1.0,1.0,1.0,1.0,0,115.8,7942.15,0,0,1,0,0,1,0,1,0,0,0,7.0,14.475,1,1,1,0,0,0.0,1.7283582089552239,67.9978595890411,3
0,1,1,41,1,0.0,1.0,1.0,0.0,1.0,1.0,1.0,0,78.45,3126.45,1,1,0,0,0,0,1,0,0,1,0,5.0,13.075000000000001,1,1,0,0,0,0.0,1.8678571428571429,39.35116425424795,2
1,1,0,32,1,1.0,0.0,0.0,0.0,0.0,0.0,0.0,1,74.9,2303.35,0,0,1,0,1,0,0,0,0,1,0,1.0,37.45,0,0,0,1,1,1.0,2.26969696969697,30.34716732542819,1
0,0,1,1,1,0.0,1.0,0.0,0.0,0.0,0.0,0.0,0,49.9,49.9,1,1,0,0,1,0,0,0,0,0,1,1.0,24.95,0,0,0,0,0,0.0,24.95,0.9803536345776032,0
0,0,0,7,1,0.0,1.0,0.0,0.0,0.0,0.0,0.0,1,51.0,354.05,0,1,0,0,1,0,0,0,0,0,1,1.0,25.5,0,0,0,0,0,0.0,6.375,6.808653846153846,0
0,0,0,49,1,1.0,0.0,1.0,0.0,1.0,1.0,1.0,1,106.65,5168.1,0,0,1,0,0,1,0,1,0,0,0,5.0,17.775000000000002,1,1,1,0,0,0.0,2.133,48.00836042731073,2
0,0,0,12,0,0.0,1.0,0.0,1.0,1.0,0.0,1.0,0,49.85,552.1,1,1,0,0,0,0,1,0,0,0,1,4.0,9.97,1,1,0,0,0,0.0,3.8346153846153848,10.857423795476892,0
0,0,0,1,1,0.0,0.0,0.0,0.0,0.0,0.0,0.0,0,20.1,20.1,0,0,0,1,1,0,0,0,0,0,1,0.0,20.1,0,0,0,0,0,0.0,10.05,0.95260663507109,0
0,1,1,66,1,0.0,0.0,0.0,0.0,0.0,0.0,0.0,1,19.75,1344.5,0,0,0,1,0,0,1,0,0,0,1,0.0,19.75,0,1,0,0,0,0.0,0.2947761194029851,64.79518072289157,3
0,0,0,57,0,0.0,1.0,0.0,1.0,1.0,0.0,0.0,1,41.1,2258.25,1,1,0,0,0,1,0,0,1,0,0,3.0,10.275,0,1,1,0,0,0.0,0.7086206896551724,53.64014251781472,2
0,0,0,18,1,0.0,0.0,0.0,0.0,0.0,0.0,0.0,1,71.1,1247.75,1,0,1,0,1,0,0,0,0,1,0,0.0,71.1,0,0,0,1,1,1.0,3.7421052631578946,17.30582524271845,1
0,1,1,72,1,0.0,1.0,1.0,0.0,1.0,1.0,0.0,0,68.4,4855.35,0,1,0,0,0,0,1,1,0,0,0,4.0,13.680000000000001,1,1,1,0,0,0.0,0.936986301369863,69.96181556195965,3
0,1,1,23,1,0.0,1.0,1.0,0.0,1.0,0.0,0.0,0,84.4,1936.85,1,0,1,0,1,0,0,0,0,0,1,3.0,21.1,0,0,0,1,0,0.0,3.516666666666667,22.67974238875878,1
0,0,0,10,0,0.0,0.0,0.0,1.0,0.0,0.0,0.0,0,29.5,255.25,0,1,0,0,1,0,0,0,0,0,1,1.0,14.75,0,0,0,0,0,0.0,2.6818181818181817,8.368852459016393,0
0,1,1,11,1,1.0,0.0,0.0,0.0,1.0,0.0,1.0,1,66.35,740.8,1,1,0,0,1,0,0,0,0,1,0,3.0,16.5875,1,0,0,0,1,0.0,5.529166666666666,10.999257609502598,0
0,0,0,3,1,0.0,0.0,0.0,0.0,0.0,0.0,0.0,1,20.5,76.95,0,0,0,1,1,0,0,0,0,1,0,0.0,20.5,0,0,0,0,1,0.0,5.125,3.579069767441861,0
0,0,0,16,1,1.0,0.0,1.0,0.0,0.0,0.0,0.0,0,55.3,875.35,0,1,0,0,1,0,0,0,0,1,0,2.0,18.433333333333334,0,0,0,0,1,0.0,3.2529411764705882,15.547957371225579,1
0,1,0,25,1,0.0,0.0,0.0,0.0,0.0,0.0,0.0,1,20.2,507.9,1,0,0,1,0,1,0,1,0,0,0,0.0,20.2,0,1,1,0,0,0.0,0.7769230769230769,23.95754716981132,1
0,0,0,10,1,0.0,0.0,0.0,0.0,0.0,0.0,1.0,1,56.75,503.25,0,1,0,0,1,0,0,1,0,0,0,1.0,28.375,1,0,1,0,0,0.0,5.159090909090909,8.714285714285714,0
0,1,0,40,0,0.0,1.0,1.0,1.0,0.0,0.0,0.0,1,42.35,1716.45,0,1,0,0,0,1,0,0,0,1,0,3.0,10.5875,0,1,0,0,0,0.0,1.0329268292682927,39.59515570934256,2
0,1,1,45,0,0.0,1.0,0.0,0.0,0.0,1.0,1.0,1,50.9,2333.85,1,1,0,0,1,0,0,1,0,0,0,3.0,12.725,1,0,1,0,0,0.0,1.1065217391304347,44.96820809248555,2
0,1,1,42,1,0.0,0.0,0.0,0.0,0.0,0.0,0.0,0,20.0,833.55,1,0,0,1,0,0,1,0,0,0,1,0.0,20.0,0,1,0,0,0,0.0,0.46511627906976744,39.69285714285714,2
0,1,1,22,0,0.0,0.0,1.0,0.0,0.0,1.0,0.0,0,39.2,849.9,1,1,0,0,1,0,0,0,0,1,0,2.0,13.066666666666668,1,0,0,0,1,0.0,1.7043478260869567,21.141791044776117,1
1,0,0,1,1,0.0,0.0,0.0,0.0,0.0,0.0,0.0,0,46.3,46.3,0,1,0,0,1,0,0,0,0,1,0,0.0,46.3,0,0,0,0,1,0.0,23.15,0.9788583509513742,0
0,0,0,62,1,0.0,0.0,1.0,1.0,1.0,1.0,1.0,1,80.4,4981.15,0,1,0,0,1,0,0,1,0,0,0,5.0,13.4,1,0,1,0,0,0.0,1.2761904761904763,61.19348894348894,3
0,0,0,17,1,1.0,1.0,1.0,1.0,1.0,1.0,0.0,1,106.65,1672.1,0,0,1,0,1,0,0,1,0,0,0,6.0,15.235714285714286,1,0,1,1,0,0.0,5.925000000000001,15.532745006967021,1
0,0,0,12,1,0.0,0.0,0.0,0.0,0.0,0.0,0.0,0,19.3,228.75,1,0,0,1,0,1,0,0,0,0,1,0.0,19.3,0,1,0,0,0,0.0,1.4846153846153847,11.268472906403941,0
1,1,0,72,1,1.0,1.0,1.0,1.0,1.0,1.0,1.0,1,89.85,6697.35,1,1,0,0,0,0,1,1,0,0,0,7.0,11.23125,1,1,1,0,0,0.0,1.2308219178082191,73.71876719867915,3
1,0,0,56,1,1.0,1.0,1.0,0.0,0.0,0.0,1.0,1,96.85,5219.65,1,0,1,0,1,0,0,0,0,1,0,4.0,19.369999999999997,1,0,0,1,1,0.0,1.6991228070175437,53.34338272866633,2
0,1,1,56,1,1.0,1.0,0.0,1.0,0.0,0.0,1.0,1,68.75,3808.0,1,1,0,0,0,1,0,1,0,0,0,4.0,13.75,1,1,1,0,0,0.0,1.206140350877193,54.59498207885304,2
0,0,0,65,1,1.0,0.0,0.0,0.0,0.0,0.0,0.0,0,26.5,1698.55,1,0,0,1,0,0,1,1,0,0,0,1.0,13.25,0,1,1,0,0,0.0,0.4015151515151515,61.765454545454546,3
0,0,0,43,0,0.0,0.0,0.0,1.0,0.0,1.0,1.0,1,49.05,2076.2,1,1,0,0,1,0,0,1,0,0,0,3.0,12.2625,1,0,1,0,0,0.0,1.1147727272727272,41.48251748251748,2
1,0,0,18,1,0.0,0.0,0.0,0.0,0.0,0.0,0.0,0,20.35,369.6,1,0,0,1,0,1,0,1,0,0,0,0.0,20.35,0,1,1,0,0,0.0,1.0710526315789475,17.311475409836067,1
0,0,0,8,1,0.0,1.0,0.0,0.0,1.0,0.0,1.0,0,66.05,574.5,1,1,0,0,1,0,0,1,0,0,0,3.0,16.5125,1,0,1,0,0,0.0,7.338888888888889,8.568232662192393,0
0,1,1,57,1,0.0,0.0,1.0,1.0,0.0,1.0,1.0,1,97.55,5598.0,0,0,1,0,0,1,0,0,1,0,0,4.0,19.509999999999998,1,1,1,0,0,1.0,1.681896551724138,56.80365296803653,2
1,1,0,26,1,0.0,0.0,0.0,1.0,0.0,1.0,0.0,1,85.7,2067.0,1,0,1,0,1,0,0,0,1,0,0,2.0,28.566666666666666,1,0,1,1,0,1.0,3.174074074074074,23.84083044982699,1
0,1,1,43,1,1.0,0.0,0.0,1.0,0.0,1.0,1.0,1,99.3,4209.95,1,0,1,0,1,0,0,1,0,0,0,4.0,19.86,1,0,1,1,0,1.0,2.256818181818182,41.973579262213356,2
0,0,0,33,1,0.0,1.0,0.0,0.0,1.0,1.0,0.0,1,88.95,3027.65,0,0,1,0,0,0,1,0,0,1,0,3.0,22.2375,1,1,0,0,0,0.0,2.6161764705882353,33.65925514174541,1
0,1,1,70,1,1.0,1.0,1.0,1.0,0.0,1.0,1.0,1,108.15,7930.55,1,0,1,0,0,1,0,0,1,0,0,6.0,15.450000000000001,1,1,1,0,0,0.0,1.5232394366197184,72.65735226752176,3
0,0,1,4,1,0.0,1.0,0.0,0.0,0.0,0.0,0.0,1,49.4,184.4,0,1,0,0,1,0,0,0,0,1,0,1.0,24.7,0,0,0,0,1,0.0,9.879999999999999,3.658730158730159,0
0,1,1,23,1,1.0,0.0,0.0,0.0,0.0,1.0,0.0,1,83.75,1849.95,1,0,1,0,1,0,0,0,0,1,0,2.0,27.916666666666668,1,0,0,1,1,1.0,3.4895833333333335,21.828318584070797,1
0,1,0,50,1,1.0,1.0,1.0,0.0,1.0,1.0,1.0,0,108.55,5610.7,1,0,1,0,0,1,0,0,0,1,0,6.0,15.507142857142856,1,1,0,0,0,0.0,2.1284313725490196,51.21588315837517,2
0,1,1,21,0,0.0,0.0,0.0,0.0,0.0,0.0,0.0,1,26.05,565.75,0,1,0,0,1,0,0,0,0,1,0,0.0,26.05,0,0,0,0,1,0.0,1.184090909090909,20.914972273567468,1
0,1,1,41,1,1.0,1.0,1.0,1.0,0.0,1.0,0.0,1,78.35,3211.2,1,1,0,0,0,1,0,0,1,0,0,5.0,13.058333333333332,1,1,1,0,0,0.0,1.8654761904761903,40.46880907372401,2
1,0,0,38,1,1.0,0.0,0.0,0.0,0.0,1.0,1.0,0,94.75,3653.0,0,0,1,0,1,0,0,0,0,1,0,3.0,23.6875,1,0,0,1,1,1.0,2.4294871794871793,38.15143603133159,2
0,0,0,31,1,1.0,0.0,0.0,0.0,1.0,0.0,0.0,0,81.7,2548.65,0,0,1,0,0,1,0,0,1,0,0,2.0,27.233333333333334,0,1,1,0,0,0.0,2.553125,30.818016928657798,1
0,1,0,7,1,0.0,0.0,0.0,0.0,0.0,0.0,0.0,1,69.35,451.1,0,0,1,0,1,0,0,0,0,1,0,0.0,69.35,0,0,0,1,1,1.0,8.66875,6.412224591329069,0
0,0,0,2,1,0.0,0.0,0.0,0.0,0.0,0.0,0.0,1,45.0,96.45,0,1,0,0,1,0,0,0,0,0,1,0.0,45.0,0,0,0,0,0,0.0,15.0,2.096739130434783,0
0,1,1,59,1,1.0,0.0,0.0,1.0,1.0,1.0,0.0,1,72.1,4194.85,1,1,0,0,0,0,1,1,0,0,0,4.0,14.419999999999998,1,1,1,0,0,0.0,1.2016666666666667,57.385088919288656,2
0,0,0,7,1,1.0,0.0,0.0,0.0,0.0,1.0,1.0,1,94.1,701.3,0,0,1,0,1,0,0,0,0,1,0,3.0,23.525,1,0,0,1,1,1.0,11.7625,7.374342797055731,0
0,0,1,28,1,0.0,0.0,1.0,0.0,1.0,0.0,0.0,1,54.4,1516.6,0,1,0,0,0,1,0,0,1,0,0,2.0,18.133333333333333,0,1,1,0,0,0.0,1.8758620689655172,27.375451263537904,1
1,0,0,41,1,0.0,0.0,0.0,1.0,1.0,1.0,1.0,1,101.1,4016.2,1,0,1,0,0,1,0,1,0,0,0,4.0,20.22,1,1,1,0,0,0.0,2.407142857142857,39.33594515181195,2
0,0,0,4,1,0.0,1.0,1.0,0.0,0.0,0.0,0.0,0,55.2,220.65,1,1,0,0,1,0,0,0,0,1,0,2.0,18.400000000000002,0,0,0,0,1,0.0,11.040000000000001,3.926156583629893,0
0,0,0,41,1,1.0,0.0,1.0,1.0,0.0,1.0,1.0,1,106.3,4443.45,1,0,1,0,1,0,0,0,0,1,0,5.0,17.716666666666665,1,0,0,1,1,1.0,2.530952380952381,41.41146318732525,2
0,0,0,7,0,0.0,0.0,0.0,1.0,1.0,0.0,0.0,1,35.5,249.55,0,1,0,0,0,1,0,0,1,0,0,2.0,11.833333333333334,0,1,1,0,0,0.0,4.4375,6.836986301369864,0
1,0,0,20,1,1.0,0.0,0.0,0.0,0.0,1.0,0.0,1,84.35,1745.2,0,0,1,0,1,0,0,0,0,1,0,2.0,28.116666666666664,1,0,0,1,1,1.0,4.016666666666667,20.44756883421207,1
0,1,1,12,1,0.0,0.0,0.0,0.0,0.0,0.0,1.0,0,53.65,696.35,0,1,0,0,0,1,0,0,1,0,0,1.0,26.825,1,1,1,0,0,0.0,4.1269230769230765,12.7419945105215,0
1,0,0,31,1,0.0,1.0,0.0,0.0,0.0,0.0,0.0,1,73.55,2094.65,1,0,1,0,1,0,0,0,1,0,0,1.0,36.775,0,0,1,1,0,0.0,2.2984375,28.097250167672705,1
1,0,0,18,1,0.0,0.0,1.0,0.0,0.0,0.0,0.0,1,49.85,865.75,1,1,0,0,1,0,0,0,1,0,0,1.0,24.925,0,0,1,0,0,0.0,2.623684210526316,17.025565388397247,1
0,1,0,45,1,1.0,0.0,1.0,1.0,0.0,1.0,1.0,1,107.75,4882.8,0,0,1,0,1,0,0,1,0,0,0,5.0,17.958333333333332,1,0,1,1,0,1.0,2.342391304347826,44.89931034482759,2
0,0,1,31,0,0.0,0.0,0.0,0.0,0.0,0.0,0.0,0,25.0,789.2,0,1,0,0,1,0,0,0,1,0,0,0.0,25.0,0,0,1,0,0,0.0,0.78125,30.353846153846156,1
1,0,0,43,1,1.0,0.0,0.0,0.0,0.0,1.0,0.0,1,84.85,3645.6,0,0,1,0,1,0,0,0,0,1,0,2.0,28.28333333333333,1,0,0,1,1,1.0,1.9284090909090907,42.46476412347117,2
0,0,0,45,0,0.0,1.0,0.0,1.0,1.0,0.0,0.0,0,42.3,1840.75,0,1,0,0,0,1,0,1,0,0,0,3.0,10.575,0,1,1,0,0,0.0,0.9195652173913043,42.51154734411086,2
0,1,0,11,1,1.0,0.0,0.0,0.0,0.0,0.0,0.0,1,74.95,825.7,0,0,1,0,1,0,0,0,0,1,0,1.0,37.475,0,0,0,1,1,1.0,6.245833333333334,10.871626069782751,0
0,0,0,18,0,0.0,0.0,1.0,1.0,0.0,0.0,0.0,1,33.5,600.0,0,1,0,0,1,0,0,0,1,0,0,2.0,11.166666666666666,0,0,1,0,0,0.0,1.763157894736842,17.391304347826086,1
0,0,0,18,0,0.0,1.0,1.0,0.0,1.0,0.0,0.0,1,40.2,711.95,1,1,0,0,0,1,0,0,0,0,1,3.0,10.05,0,1,0,0,0,0.0,2.115789473684211,17.280339805825243,1
0,1,1,52,1,0.0,0.0,0.0,0.0,0.0,0.0,0.0,1,20.4,1090.65,1,0,0,1,0,1,0,0,0,1,0,0.0,20.4,0,1,0,0,0,0.0,0.38490566037735846,50.964953271028044,2
0,0,0,15,1,1.0,1.0,0.0,1.0,0.0,0.0,0.0,1,84.35,1302.65,1,0,1,0,1,0,0,0,1,0,0,3.0,21.0875,0,0,1,1,0,0.0,5.271875,15.262448740480377,1
1,0,0,11,1,0.0,0.0,1.0,0.0,0.0,1.0,1.0,1,95.0,1120.3,1,0,1,0,1,0,0,0,0,1,0,3.0,23.75,1,0,0,1,1,1.0,7.916666666666667,11.669791666666667,0
0,1,1,22,1,0.0,0.0,0.0,0.0,0.0,0.0,0.0,0,20.25,488.25,0,0,0,1,0,1,0,1,0,0,0,0.0,20.25,0,1,1,0,0,0.0,0.8804347826086957,22.976470588235294,1
0,0,0,39,1,0.0,0.0,0.0,0.0,1.0,0.0,0.0,1,49.8,1971.15,0,1,0,0,0,0,1,1,0,0,0,1.0,24.9,0,1,1,0,0,0.0,1.2449999999999999,38.80216535433071,2
0,1,1,4,1,1.0,0.0,1.0,1.0,0.0,0.0,0.0,1,84.8,371.9,0,0,1,0,1,0,0,1,0,0,0,3.0,21.2,0,0,1,1,0,1.0,16.96,4.334498834498834,0
0,0,0,1,1,0.0,0.0,0.0,0.0,0.0,0.0,0.0,1,70.15,70.15,1,0,1,0,1,0,0,0,0,0,1,0.0,70.15,0,0,0,1,0,1.0,35.075,0.9859451862262825,0
0,0,0,8,1,0.0,0.0,0.0,0.0,0.0,0.0,0.0,1,70.1,551.35,0,0,1,0,1,0,0,0,0,0,1,0.0,70.1,0,0,0,1,0,1.0,7.788888888888888,7.754571026722926,0
0,0,0,47,1,0.0,0.0,0.0,0.0,0.0,0.0,0.0,0,20.25,1029.8,1,0,0,1,0,0,1,0,1,0,0,0.0,20.25,0,1,1,0,0,0.0,0.421875,48.461176470588235,2
0,1,0,67,1,0.0,0.0,0.0,0.0,0.0,0.0,0.0,0,19.65,1335.2,1,0,0,1,0,0,1,0,0,0,1,0.0,19.65,0,1,0,0,0,0.0,0.2889705882352941,64.6585956416465,3
0,1,1,70,1,1.0,1.0,1.0,1.0,1.0,1.0,1.0,1,115.15,8250.0,1,0,1,0,0,0,1,0,1,0,0,7.0,14.39375,1,1,1,0,0,0.0,1.6218309859154931,71.02884201463624,3
0,1,0,21,1,0.0,1.0,0.0,1.0,1.0,1.0,1.0,0,80.9,1714.95,1,1,0,0,0,1,0,0,0,0,1,5.0,13.483333333333334,1,1,0,0,0,0.0,3.6772727272727277,20.939560439560438,1
0,0,0,43,1,1.0,0.0,0.0,0.0,0.0,0.0,0.0,0,26.45,1110.05,0,0,0,1,0,0,1,1,0,0,0,1.0,13.225,0,1,1,0,0,0.0,0.6011363636363636,40.43897996357013,2
0,0,0,50,1,0.0,0.0,0.0,0.0,0.0,0.0,0.0,0,19.75,989.05,1,0,0,1,0,1,0,1,0,0,0,0.0,19.75,0,1,1,0,0,0.0,0.3872549019607843,47.665060240963854,2
0,1,0,33,0,0.0,1.0,0.0,1.0,1.0,1.0,1.0,0,59.55,2016.3,1,1,0,0,0,0,1,1,0,0,0,5.0,9.924999999999999,1,1,1,0,0,0.0,1.7514705882352941,33.29975227085054,1
1,0,0,2,1,0.0,0.0,1.0,0.0,0.0,1.0,0.0,1,83.8,163.7,1,0,1,0,1,0,0,1,0,0,0,2.0,27.933333333333334,1,0,1,1,0,1.0,27.933333333333334,1.9304245283018868,0
0,0,0,9,1,0.0,0.0,1.0,0.0,1.0,1.0,0.0,0,66.25,620.55,1,1,0,0,1,0,0,0,0,0,1,3.0,16.5625,1,0,0,0,0,0.0,6.625,9.227509293680297,0
0,1,1,17,1,0.0,0.0,0.0,0.0,0.0,0.0,0.0,1,69.0,1149.65,0,0,1,0,1,0,0,0,0,1,0,0.0,69.0,0,0,0,1,1,1.0,3.8333333333333335,16.42357142857143,1
0,1,1,45,1,1.0,0.0,1.0,1.0,0.0,0.0,1.0,1,95.0,4368.85,0,0,1,0,0,1,0,0,1,0,0,4.0,19.0,1,1,1,0,0,1.0,2.0652173913043477,45.50885416666667,2
0,0,0,13,1,0.0,0.0,0.0,0.0,0.0,0.0,0.0,0,20.2,273.25,1,0,0,1,0,1,0,0,0,0,1,0.0,20.2,0,1,0,0,0,0.0,1.4428571428571428,12.889150943396228,1
0,0,0,71,1,1.0,0.0,0.0,0.0,0.0,0.0,0.0,0,24.55,1719.15,1,0,0,1,0,0,1,0,0,1,0,1.0,12.275,0,1,0,0,0,0.0,0.34097222222222223,67.28571428571429,3
0,1,1,1,1,0.0,0.0,0.0,0.0,0.0,0.0,0.0,1,44.35,44.35,1,1,0,0,1,0,0,1,0,0,0,0.0,44.35,0,0,1,0,0,0.0,22.175,0.9779492833517089,0
0,0,0,1,1,0.0,0.0,0.0,0.0,0.0,0.0,0.0,1,70.7,70.7,1,0,1,0,1,0,0,0,0,0,1,0.0,70.7,0,0,0,1,0,1.0,35.35,0.9860529986052998,0
0,1,1,12,1,0.0,0.0,0.0,0.0,0.0,0.0,0.0,0,19.0,233.55,1,0,0,1,1,0,0,0,0,0,1,0.0,19.0,0,0,0,0,0,0.0,1.4615384615384615,11.6775,0
0,1,1,69,1,1.0,0.0,1.0,1.0,0.0,1.0,0.0,0,95.75,6511.25,0,0,1,0,0,1,0,0,1,0,0,4.0,19.15,1,1,1,0,0,1.0,1.3678571428571429,67.29974160206719,3
0,1,1,72,1,1.0,1.0,1.0,1.0,1.0,1.0,0.0,0,82.3,5815.15,0,1,0,0,0,0,1,1,0,0,0,6.0,11.757142857142856,1,1,1,0,0,0.0,1.1273972602739726,69.80972388955583,3
1,0,0,22,1,0.0,1.0,0.0,1.0,1.0,0.0,1.0,1,69.75,1545.4,1,1,0,0,1,0,0,0,0,0,1,4.0,13.95,1,0,0,0,0,0.0,3.032608695652174,21.843109540636043,1
0,0,0,42,1,1.0,0.0,0.0,0.0,1.0,1.0,1.0,1,100.3,4222.95,0,0,1,0,1,0,0,0,0,1,0,4.0,20.06,1,0,0,1,1,0.0,2.332558139534884,41.68756169792695,2
0,0,1,3,1,0.0,0.0,0.0,0.0,0.0,0.0,0.0,1,20.05,75.45,0,0,0,1,1,0,0,0,0,0,1,0.0,20.05,0,0,0,0,0,0.0,5.0125,3.5843230403800477,0
0,0,0,1,1,0.0,0.0,0.0,0.0,0.0,0.0,0.0,0,19.65,19.65,1,0,0,1,1,0,0,0,0,0,1,0.0,19.65,0,0,0,0,0,0.0,9.825,0.9515738498789347,0
0,1,1,46,1,0.0,0.0,0.0,0.0,0.0,0.0,0.0,0,19.4,958.15,1,0,0,1,0,0,1,0,1,0,0,0.0,19.4,0,1,1,0,0,0.0,0.4127659574468085,46.96813725490196,2
0,1,1,25,1,1.0,0.0,0.0,0.0,1.0,0.0,0.0,1,55.1,1466.1,0,1,0,0,0,1,0,0,0,0,1,2.0,18.366666666666667,0,1,0,0,0,0.0,2.1192307692307693,26.13368983957219,1
0,1,0,47,1,1.0,0.0,0.0,0.0,0.0,0.0,0.0,0,26.9,1250.85,1,0,0,1,0,1,0,0,0,1,0,1.0,13.45,0,1,0,0,0,0.0,0.5604166666666667,44.833333333333336,2
0,0,0,20,1,1.0,0.0,1.0,0.0,1.0,1.0,0.0,1,68.7,1416.2,0,1,0,0,0,1,0,0,0,1,0,4.0,13.74,1,1,0,0,0,0.0,3.2714285714285714,20.31850789096126,1
0,1,1,42,1,1.0,0.0,0.0,0.0,0.0,0.0,0.0,0,22.95,1014.25,1,0,0,1,0,0,1,0,0,1,0,1.0,11.475,0,1,0,0,0,0.0,0.5337209302325582,42.348643006263046,2
0,0,0,6,1,0.0,0.0,1.0,0.0,0.0,1.0,0.0,1,84.85,523.5,0,0,1,0,1,0,0,0,0,1,0,2.0,28.28333333333333,1,0,0,1,1,1.0,12.12142857142857,6.09784507862551,0
0,1,0,41,1,0.0,0.0,1.0,1.0,1.0,0.0,0.0,1,86.2,3339.05,1,0,1,0,0,1,0,1,0,0,0,3.0,21.55,0,1,1,0,0,0.0,2.0523809523809526,38.29185779816514,2
0,1,1,52,1,0.0,1.0,1.0,1.0,0.0,1.0,1.0,0,79.2,4016.3,0,1,0,0,0,0,1,0,0,1,0,5.0,13.200000000000001,1,1,0,0,0,0.0,1.4943396226415095,50.078553615960104,2
0,0,0,18,1,1.0,0.0,0.0,0.0,1.0,1.0,1.0,1,99.85,1776.95,1,0,1,0,1,0,0,1,0,0,0,4.0,19.97,1,0,1,1,0,0.0,5.255263157894737,17.61973227565692,1
0,1,1,7,1,0.0,1.0,1.0,1.0,1.0,1.0,0.0,1,75.7,554.05,1,1,0,0,1,0,0,0,0,1,0,5.0,12.616666666666667,1,0,0,0,1,0.0,9.4625,7.223598435462842,0
0,1,0,53,1,0.0,0.0,0.0,0.0,0.0,0.0,0.0,0,20.8,1021.8,1,0,0,1,0,1,0,1,0,0,0,0.0,20.8,0,1,1,0,0,0.0,0.3851851851851852,46.871559633027516,2
0,0,0,35,1,1.0,0.0,0.0,0.0,0.0,1.0,0.0,1,86.45,3029.1,1,0,1,0,1,0,0,0,0,1,0,2.0,28.816666666666666,1,0,0,1,1,1.0,2.401388888888889,34.63807890222984,1
0,0,0,1,1,1.0,0.0,0.0,1.0,0.0,1.0,1.0,1,101.45,101.45,0,0,1,0,1,0,0,0,0,1,0,4.0,20.29,1,0,0,1,1,1.0,50.725,0.9902391410444119,0
0,0,0,52,1,1.0,0.0,1.0,0.0,0.0,0.0,0.0,1,80.2,4297.6,1,0,1,0,0,1,0,0,0,0,1,2.0,26.733333333333334,0,1,0,0,0,1.0,1.5132075471698114,52.92610837438424,2
1,1,1,61,1,1.0,0.0,1.0,0.0,0.0,1.0,1.0,0,99.0,5969.3,0,0,1,0,0,1,0,0,0,1,0,4.0,19.8,1,1,0,0,0,1.0,1.596774193548387,59.693000000000005,3
0,1,0,56,1,1.0,0.0,1.0,1.0,1.0,0.0,0.0,0,90.55,5116.6,1,0,1,0,1,0,0,0,0,1,0,4.0,18.11,0,0,0,1,1,0.0,1.5885964912280701,55.88858547241945,2
0,0,0,29,1,0.0,0.0,1.0,0.0,1.0,1.0,0.0,0,89.65,2623.65,0,0,1,0,1,0,0,0,0,0,1,3.0,22.4125,1,0,0,1,0,0.0,2.9883333333333337,28.942636514065086,1
0,0,0,2,1,0.0,0.0,0.0,0.0,0.0,0.0,0.0,1,69.7,135.2,1,0,1,0,1,0,0,0,0,1,0,0.0,69.7,0,0,0,1,1,1.0,23.233333333333334,1.9123055162659122,0
0,0,1,72,1,0.0,0.0,0.0,0.0,0.0,0.0,0.0,1,19.75,1567.0,1,0,0,1,0,0,1,0,0,0,1,0.0,19.75,0,1,0,0,0,0.0,0.2705479452054795,75.51807228915662,3
0,1,1,64,1,1.0,1.0,1.0,1.0,1.0,1.0,1.0,1,90.6,5817.45,1,1,0,0,0,0,1,0,0,0,1,7.0,11.325,1,1,0,0,0,0.0,1.3938461538461537,63.50927947598254,3
0,1,1,43,0,0.0,1.0,1.0,0.0,1.0,1.0,0.0,1,51.25,2151.6,1,1,0,0,0,1,0,1,0,0,0,4.0,10.25,1,1,1,0,0,0.0,1.1647727272727273,41.17894736842105,2
0,1,1,72,1,1.0,1.0,1.0,1.0,0.0,1.0,1.0,0,109.55,7887.25,1,0,1,0,0,0,1,0,1,0,0,6.0,15.65,1,1,1,0,0,0.0,1.5006849315068493,71.34554500226142,3
0,1,1,67,1,0.0,0.0,1.0,1.0,1.0,1.0,1.0,0,103.15,6895.5,0,0,1,0,0,0,1,1,0,0,0,5.0,17.191666666666666,1,1,1,0,0,0.0,1.5169117647058825,66.20739318290926,3
1,0,0,52,1,1.0,0.0,1.0,1.0,1.0,1.0,1.0,1,110.75,5832.0,0,0,1,0,1,0,0,0,0,1,0,6.0,15.821428571428571,1,0,0,1,1,0.0,2.089622641509434,52.18791946308725,2
1,1,0,31,1,1.0,1.0,0.0,0.0,0.0,1.0,0.0,0,89.45,2807.65,0,0,1,0,1,0,0,0,0,1,0,3.0,22.3625,1,0,0,1,1,0.0,2.7953125,31.04090657822001,1
0,0,0,7,1,1.0,0.0,0.0,1.0,0.0,1.0,0.0,1,89.35,631.85,0,0,1,0,1,0,0,0,1,0,0,3.0,22.3375,1,0,1,1,0,1.0,11.16875,6.993359158826785,0
0,1,0,56,1,1.0,1.0,0.0,0.0,0.0,1.0,1.0,1,100.55,5514.95,0,0,1,0,0,1,0,0,0,1,0,4.0,20.11,1,1,0,0,0,0.0,1.7640350877192983,54.307730182176265,2
0,0,0,68,1,1.0,0.0,0.0,0.0,0.0,0.0,0.0,0,25.5,1821.8,1,0,0,1,0,0,1,1,0,0,0,1.0,12.75,0,1,1,0,0,0.0,0.3695652173913043,68.74716981132076,3
0,0,0,4,1,0.0,0.0,0.0,0.0,0.0,0.0,0.0,0,19.0,73.45,0,0,0,1,1,0,0,0,0,0,1,0.0,19.0,0,0,0,0,0,0.0,3.8,3.6725000000000003,0
0,1,0,15,1,1.0,0.0,0.0,1.0,0.0,1.0,1.0,1,101.1,1504.05,0,0,1,0,1,0,0,0,0,1,0,4.0,20.22,1,0,0,1,1,1.0,6.31875,14.731145935357493,1
0,1,1,55,1,1.0,0.0,0.0,0.0,0.0,0.0,0.0,1,25.65,1388.0,1,0,0,1,0,0,1,0,1,0,0,1.0,12.825,0,1,1,0,0,0.0,0.45803571428571427,52.08255159474672,2
0,0,0,25,1,0.0,0.0,1.0,0.0,1.0,0.0,1.0,1,65.8,1679.65,1,1,0,0,1,0,0,1,0,0,0,3.0,16.45,1,0,1,0,0,0.0,2.5307692307692307,25.144461077844312,1
0,1,1,37,1,1.0,0.0,0.0,0.0,0.0,0.0,0.0,1,24.1,861.85,1,0,0,1,0,0,1,1,0,0,0,1.0,12.05,0,1,1,0,0,0.0,0.6342105263157896,34.33665338645418,2
1,1,0,67,1,1.0,1.0,1.0,0.0,0.0,1.0,1.0,1,105.6,7112.15,1,0,1,0,0,1,0,0,0,1,0,5.0,17.599999999999998,1,1,0,0,0,0.0,1.552941176470588,66.71810506566604,3
0,0,0,1,1,0.0,0.0,0.0,0.0,0.0,0.0,0.0,1,71.55,71.55,0,0,1,0,1,0,0,0,0,0,1,0.0,71.55,0,0,0,1,0,1.0,35.775,0.9862164024810476,0
0,0,0,13,1,0.0,0.0,1.0,1.0,0.0,0.0,0.0,1,81.15,952.3,1,0,1,0,1,0,0,0,0,1,0,2.0,27.05,0,0,0,1,1,1.0,5.796428571428572,11.59220937309799,1
1,1,0,7,1,1.0,1.0,1.0,0.0,0.0,0.0,1.0,1,94.7,673.1,0,0,1,0,1,0,0,0,1,0,0,4.0,18.94,1,0,1,1,0,0.0,11.8375,7.033437826541275,0
0,1,1,69,1,0.0,0.0,0.0,0.0,0.0,0.0,0.0,0,19.9,1356.7,0,0,0,1,0,0,1,1,0,0,0,0.0,19.9,0,1,1,0,0,0.0,0.28428571428571425,64.91387559808614,3
0,0,0,2,1,1.0,0.0,1.0,0.0,0.0,0.0,0.0,1,79.45,145.15,0,0,1,0,1,0,0,0,0,1,0,2.0,26.483333333333334,0,0,0,1,1,1.0,26.483333333333334,1.8042262274704786,0
0,0,0,49,1,1.0,1.0,1.0,0.0,0.0,0.0,0.0,1,59.75,2934.3,1,1,0,0,1,0,0,0,1,0,0,3.0,14.9375,0,0,1,0,0,0.0,1.195,48.30123456790124,2
0,0,0,43,1,1.0,0.0,1.0,1.0,1.0,1.0,1.0,0,85.1,3662.25,1,1,0,0,0,1,0,0,1,0,0,6.0,12.157142857142857,1,1,1,0,0,0.0,1.9340909090909089,42.534843205574916,2
0,0,0,1,1,0.0,0.0,0.0,0.0,0.0,0.0,0.0,1,69.35,69.35,0,0,1,0,1,0,0,0,0,1,0,0.0,69.35,0,0,0,1,1,1.0,34.675,0.9857853589196873,0
0,1,0,64,1,0.0,0.0,1.0,1.0,1.0,1.0,1.0,1,102.45,6654.1,0,0,1,0,0,1,0,0,1,0,0,5.0,17.075,1,1,1,0,0,0.0,1.5761538461538462,64.32189463508942,3
1,0,0,57,1,1.0,1.0,0.0,0.0,1.0,0.0,1.0,0,93.75,5625.55,0,0,1,0,0,0,1,0,0,1,0,4.0,18.75,1,1,0,0,0,0.0,1.6163793103448276,59.37255936675462,2
0,0,1,48,0,0.0,0.0,1.0,1.0,0.0,0.0,1.0,0,45.55,2108.35,1,1,0,0,1,0,0,0,1,0,0,3.0,11.3875,1,0,1,0,0,0.0,0.9295918367346938,45.2921589688507,2
0,0,0,22,1,1.0,0.0,0.0,0.0,0.0,1.0,1.0,1,95.1,2162.6,0,0,1,0,1,0,0,0,0,1,0,3.0,23.775,1,0,0,1,1,1.0,4.134782608695652,22.503642039542143,1
0,1,1,63,1,0.0,0.0,0.0,0.0,0.0,0.0,0.0,1,19.15,1177.05,0,0,0,1,0,0,1,0,0,0,1,0.0,19.15,0,1,0,0,0,0.0,0.29921875,58.41439205955335,3
0,0,0,1,1,0.0,0.0,0.0,0.0,0.0,0.0,0.0,0,19.7,19.7,0,0,0,1,1,0,0,0,0,0,1,0.0,19.7,0,0,0,0,0,0.0,9.85,0.9516908212560387,0
0,0,0,8,1,0.0,0.0,0.0,0.0,0.0,0.0,0.0,1,45.15,438.4,0,1,0,0,1,0,0,0,0,0,1,0.0,45.15,0,0,0,0,0,0.0,5.016666666666667,9.499458288190683,0
0,0,0,47,1,1.0,1.0,1.0,0.0,1.0,1.0,0.0,0,100.75,4669.2,0,0,1,0,1,0,0,0,0,0,1,5.0,16.791666666666668,1,0,0,1,0,0.0,2.0989583333333335,45.88894348894349,2
0,1,1,43,1,1.0,1.0,0.0,1.0,1.0,0.0,0.0,1,91.25,4013.8,0,0,1,0,0,1,0,0,1,0,0,4.0,18.25,0,1,1,0,0,0.0,2.0738636363636362,43.510027100271,2
0,1,1,53,1,0.0,0.0,0.0,0.0,0.0,0.0,0.0,1,19.4,1110.35,0,0,0,1,0,0,1,0,0,0,1,0.0,19.4,0,1,0,0,0,0.0,0.3592592592592592,54.42892156862745,2
1,0,0,4,1,1.0,0.0,0.0,1.0,0.0,0.0,1.0,1,88.85,372.45,1,0,1,0,1,0,0,0,0,1,0,3.0,22.2125,1,0,0,1,1,1.0,17.77,4.145242070116861,0
1,0,0,1,1,0.0,0.0,0.0,0.0,0.0,0.0,0.0,0,45.1,45.1,1,1,0,0,1,0,0,0,0,0,1,0.0,45.1,0,0,0,0,0,0.0,22.55,0.9783080260303688,0
0,1,0,52,1,1.0,0.0,1.0,0.0,1.0,0.0,0.0,0,61.35,3169.55,0,1,0,0,1,0,0,1,0,0,0,3.0,15.3375,0,0,1,0,0,0.0,1.1575471698113209,50.83480352846833,2
0,0,0,1,1,0.0,0.0,0.0,0.0,0.0,0.0,0.0,0,19.9,19.9,1,0,0,1,1,0,0,1,0,0,0,0.0,19.9,0,0,1,0,0,0.0,9.95,0.9521531100478469,0
0,1,1,12,1,1.0,0.0,0.0,0.0,0.0,0.0,0.0,0,25.25,274.7,1,0,0,1,0,0,1,0,1,0,0,1.0,12.625,0,1,1,0,0,0.0,1.9423076923076923,10.464761904761904,0
1,0,0,30,1,1.0,0.0,0.0,1.0,1.0,1.0,0.0,1,69.1,2093.9,0,1,0,0,0,0,1,0,1,0,0,4.0,13.819999999999999,1,1,1,0,0,0.0,2.229032258064516,29.870185449358065,1
1,1,0,70,1,1.0,1.0,1.0,1.0,1.0,1.0,1.0,1,92.2,6474.45,1,1,0,0,0,0,1,1,0,0,0,7.0,11.525,1,1,1,0,0,0.0,1.2985915492957747,69.46834763948497,3
0,1,1,48,1,1.0,0.0,1.0,0.0,1.0,1.0,1.0,0,79.65,3870.3,1,1,0,0,0,0,1,0,0,1,0,5.0,13.275,1,1,0,0,0,0.0,1.6255102040816327,47.98884066955983,2
0,1,0,31,1,1.0,0.0,0.0,1.0,0.0,1.0,0.0,0,88.65,2683.2,0,0,1,0,1,0,0,0,1,0,0,3.0,22.1625,1,0,1,1,0,1.0,2.7703125,29.929726715002786,1
0,0,0,3,1,0.0,0.0,0.0,0.0,0.0,0.0,0.0,0,45.45,141.7,0,1,0,0,1,0,0,0,0,0,1,0.0,45.45,0,0,0,0,0,0.0,11.3625,3.05059203444564,0
0,0,0,10,1,0.0,0.0,0.0,0.0,0.0,0.0,0.0,1,45.55,402.6,0,1,0,0,1,0,0,0,0,1,0,0.0,45.55,0,0,0,0,1,0.0,4.140909090909091,8.648764769065522,0
0,0,1,33,1,1.0,1.0,0.0,1.0,0.0,0.0,1.0,1,95.3,3275.15,0,0,1,0,1,0,0,1,0,0,0,4.0,19.06,1,0,1,1,0,0.0,2.802941176470588,34.00986500519211,1
0,0,0,25,1,0.0,0.0,0.0,0.0,0.0,0.0,0.0,1,19.5,516.3,0,0,0,1,0,1,0,1,0,0,0,0.0,19.5,0,1,1,0,0,0.0,0.75,25.185365853658535,1
0,1,1,2,1,1.0,1.0,0.0,0.0,0.0,0.0,0.0,0,56.7,113.55,0,1,0,0,1,0,0,0,0,0,1,2.0,18.900000000000002,0,0,0,0,0,0.0,18.900000000000002,1.9679376083188906,0
1,1,0,10,1,0.0,0.0,1.0,1.0,1.0,1.0,0.0,1,92.5,934.1,0,0,1,0,1,0,0,0,0,0,1,4.0,18.5,1,0,0,1,0,0.0,8.409090909090908,9.990374331550802,0
0,1,1,1,1,0.0,0.0,0.0,0.0,0.0,0.0,0.0,0,20.55,20.55,1,0,0,1,1,0,0,0,0,0,1,0.0,20.55,0,0,0,0,0,0.0,10.275,0.9535962877030162,0
0,0,0,51,1,0.0,0.0,0.0,0.0,0.0,0.0,0.0,0,19.1,1007.8,0,0,0,1,0,1,0,0,0,1,0,0.0,19.1,0,1,0,0,0,0.0,0.36730769230769234,50.13930348258706,2
0,0,0,1,1,0.0,0.0,0.0,0.0,0.0,0.0,0.0,1,69.85,69.85,0,0,1,0,1,0,0,0,0,1,0,0.0,69.85,0,0,0,1,1,1.0,34.925,0.9858856739590685,0
0,1,0,34,1,1.0,1.0,1.0,0.0,1.0,0.0,0.0,0,62.65,2274.9,1,1,0,0,1,0,0,0,0,1,0,4.0,12.53,0,0,0,0,1,0.0,1.79,35.74076983503535,1
0,1,0,59,1,0.0,0.0,0.0,0.0,0.0,0.0,0.0,0,18.4,1057.85,1,0,0,1,0,0,1,1,0,0,0,0.0,18.4,0,1,1,0,0,0.0,0.30666666666666664,54.52835051546392,2
0,0,0,72,1,1.0,0.0,1.0,1.0,0.0,1.0,1.0,1,100.9,7459.05,0,0,1,0,0,0,1,1,0,0,0,5.0,16.816666666666666,1,1,1,0,0,1.0,1.382191780821918,73.19970559371933,3
0,0,0,68,0,0.0,0.0,1.0,0.0,1.0,0.0,1.0,0,44.95,3085.35,1,1,0,0,1,0,0,0,0,1,0,3.0,11.2375,1,0,0,0,1,0.0,0.6514492753623189,67.14581066376496,3
0,0,0,9,1,0.0,0.0,0.0,0.0,0.0,0.0,0.0,0,44.95,431.0,0,1,0,0,1,0,0,0,0,0,1,0.0,44.95,0,0,0,0,0,0.0,4.495,9.379760609357998,0
1,1,1,22,0,0.0,1.0,0.0,0.0,0.0,0.0,1.0,0,40.05,880.2,0,1,0,0,1,0,0,0,0,0,1,2.0,13.35,1,0,0,0,0,0.0,1.7413043478260868,21.442143727162,1
0,0,1,62,1,0.0,0.0,0.0,0.0,0.0,0.0,0.0,0,20.0,1250.1,0,0,0,1,0,0,1,1,0,0,0,0.0,20.0,0,1,1,0,0,0.0,0.31746031746031744,59.528571428571425,3
0,1,0,71,1,1.0,1.0,1.0,0.0,0.0,1.0,0.0,0,95.65,6856.95,1,0,1,0,0,1,0,0,0,0,1,4.0,19.130000000000003,1,1,0,0,0,0.0,1.3284722222222223,70.94619762027935,3
0,1,0,20,0,0.0,0.0,0.0,0.0,0.0,0.0,0.0,1,24.45,482.8,1,1,0,0,1,0,0,0,0,1,0,0.0,24.45,0,0,0,0,1,0.0,1.1642857142857141,18.970530451866406,1
0,1,0,65,1,1.0,0.0,1.0,0.0,0.0,0.0,1.0,1,90.65,5931.0,0,0,1,0,1,0,0,0,0,1,0,3.0,22.6625,1,0,0,1,1,1.0,1.3734848484848485,64.71358428805237,3
0,0,0,3,1,0.0,1.0,1.0,0.0,0.0,0.0,0.0,0,55.35,165.2,1,1,0,0,1,0,0,0,0,1,0,2.0,18.45,0,0,0,0,1,0.0,13.8375,2.93167701863354,0
0,0,0,68,1,0.0,1.0,1.0,1.0,1.0,1.0,1.0,1,82.45,5646.6,1,1,0,0,0,0,1,0,1,0,0,6.0,11.778571428571428,1,1,1,0,0,0.0,1.194927536231884,67.6644697423607,3
1,0,0,4,1,0.0,0.0,0.0,0.0,0.0,0.0,0.0,0,20.05,91.45,1,0,0,1,1,0,0,0,0,0,1,0.0,20.05,0,0,0,0,0,0.0,4.01,4.344418052256532,0
0,1,0,58,1,1.0,0.0,1.0,1.0,0.0,0.0,1.0,1,94.3,5610.15,1,0,1,0,0,1,0,0,0,1,0,4.0,18.86,1,1,0,0,0,1.0,1.5983050847457627,58.86831059811123,2
0,1,1,5,1,0.0,1.0,0.0,0.0,0.0,0.0,0.0,1,49.4,232.55,1,1,0,0,1,0,0,0,0,0,1,1.0,24.7,0,0,0,0,0,0.0,8.233333333333333,4.614087301587302,0
0,1,1,72,1,0.0,1.0,1.0,1.0,0.0,1.0,0.0,1,70.65,5011.15,1,1,0,0,0,0,1,0,1,0,0,4.0,14.13,1,1,1,0,0,0.0,0.9678082191780822,69.93928820655965,3
0,0,0,26,1,0.0,0.0,0.0,0.0,1.0,0.0,0.0,0,49.15,1237.3,0,1,0,0,1,0,0,1,0,0,0,1.0,24.575,0,0,1,0,0,0.0,1.8203703703703704,24.67198404785643,1
0,0,0,3,1,0.0,0.0,0.0,0.0,0.0,0.0,0.0,0,44.6,122.7,1,1,0,0,1,0,0,0,0,1,0,0.0,44.6,0,0,0,0,1,0.0,11.15,2.6907894736842106,0
0,0,0,27,1,0.0,0.0,0.0,0.0,0.0,0.0,0.0,1,19.4,460.25,0,0,0,1,1,0,0,0,1,0,0,0.0,19.4,0,0,1,0,0,0.0,0.6928571428571428,22.561274509803923,1
0,0,0,1,1,0.0,0.0,0.0,0.0,0.0,1.0,0.0,1,80.25,80.25,1,0,1,0,1,0,0,0,0,1,0,1.0,40.125,1,0,0,1,1,1.0,40.125,0.9876923076923076,0
0,0,0,33,1,1.0,0.0,0.0,0.0,0.0,0.0,0.0,0,25.7,826.1,1,0,0,1,0,0,1,0,1,0,0,1.0,12.85,0,1,1,0,0,0.0,0.7558823529411764,30.940074906367045,1
0,1,0,19,1,0.0,1.0,0.0,0.0,0.0,0.0,0.0,1,73.2,1441.1,1,0,1,0,1,0,0,0,0,1,0,1.0,36.6,0,0,0,1,1,0.0,3.66,19.421832884097032,1
1,0,0,25,1,1.0,1.0,1.0,0.0,0.0,1.0,1.0,1,102.8,2660.2,1,0,1,0,1,0,0,0,0,0,1,5.0,17.133333333333333,1,0,0,1,0,0.0,3.9538461538461536,25.628131021194605,1
0,1,0,22,1,1.0,0.0,0.0,0.0,0.0,0.0,1.0,1,85.1,1873.7,0,0,1,0,1,0,0,0,0,1,0,2.0,28.366666666666664,1,0,0,1,1,1.0,3.6999999999999997,21.761904761904763,1
0,0,0,8,1,0.0,0.0,0.0,1.0,0.0,1.0,1.0,1,94.7,740.3,0,0,1,0,1,0,0,0,0,1,0,3.0,23.675,1,0,0,1,1,1.0,10.522222222222222,7.735632183908045,0
0,1,1,44,1,0.0,0.0,0.0,0.0,0.0,0.0,0.0,0,20.0,860.85,0,0,0,1,0,1,0,1,0,0,0,0.0,20.0,0,1,1,0,0,0.0,0.4444444444444444,40.99285714285715,2
0,1,1,55,1,0.0,1.0,1.0,0.0,0.0,0.0,0.0,0,55.7,3131.8,1,1,0,0,1,0,0,0,0,1,0,2.0,18.566666666666666,0,0,0,0,1,0.0,0.9946428571428572,55.23456790123457,2
1,1,0,46,1,1.0,0.0,0.0,1.0,0.0,1.0,1.0,1,98.85,4564.9,0,0,1,0,1,0,0,0,0,1,0,4.0,19.77,1,0,0,1,1,1.0,2.103191489361702,45.71757636454682,2
0,0,0,2,1,0.0,1.0,0.0,0.0,1.0,0.0,0.0,1,54.45,87.3,0,1,0,0,1,0,0,0,0,0,1,2.0,18.150000000000002,0,0,0,0,0,0.0,18.150000000000002,1.5743913435527501,0
0,0,0,22,1,1.0,1.0,1.0,1.0,0.0,0.0,0.0,0,65.05,1427.55,0,1,0,0,1,0,0,0,0,0,1,4.0,13.01,0,0,0,0,0,0.0,2.8282608695652174,21.61317183951552,1
1,1,0,43,1,1.0,0.0,1.0,0.0,0.0,1.0,1.0,1,101.0,4388.4,0,0,1,0,1,0,0,0,0,1,0,4.0,20.2,1,0,0,1,1,1.0,2.2954545454545454,43.023529411764706,2
0,0,0,7,1,0.0,0.0,0.0,1.0,1.0,0.0,1.0,0,62.8,418.3,1,1,0,0,1,0,0,1,0,0,0,3.0,15.7,1,0,1,0,0,0.0,7.85,6.556426332288401,0
1,1,0,1,1,1.0,0.0,0.0,0.0,0.0,0.0,0.0,1,74.4,74.4,0,0,1,0,1,0,0,0,0,1,0,1.0,37.2,0,0,0,1,1,1.0,37.2,0.986737400530504,0
1,0,0,5,1,0.0,0.0,1.0,0.0,0.0,0.0,1.0,1,85.55,408.5,0,0,1,0,1,0,0,0,0,1,0,2.0,28.516666666666666,1,0,0,1,1,1.0,14.258333333333333,4.719815135759677,0
0,1,1,58,1,0.0,0.0,0.0,0.0,0.0,0.0,0.0,1,44.1,2413.05,1,1,0,0,0,1,0,0,0,0,1,0.0,44.1,0,1,0,0,0,0.0,0.747457627118644,53.50443458980045,2
0,0,0,24,1,0.0,0.0,1.0,1.0,1.0,0.0,0.0,1,85.95,2107.15,0,0,1,0,1,0,0,0,0,1,0,3.0,21.4875,0,0,0,1,1,0.0,3.438,24.23404255319149,1
0,0,0,18,1,0.0,0.0,0.0,0.0,0.0,0.0,0.0,0,19.65,411.25,0,0,0,1,0,1,0,0,0,0,1,0.0,19.65,0,1,0,0,0,0.0,1.0342105263157895,19.91525423728814,1
1,1,0,55,1,1.0,0.0,0.0,0.0,0.0,0.0,0.0,1,74.0,4052.4,0,0,1,0,1,0,0,0,0,1,0,1.0,37.0,0,0,0,1,1,1.0,1.3214285714285714,54.032000000000004,2
0,1,0,58,1,0.0,1.0,1.0,1.0,0.0,0.0,0.0,0,60.3,3563.8,0,1,0,0,0,1,0,0,1,0,0,3.0,15.075,0,1,1,0,0,0.0,1.0220338983050847,58.137030995106045,2
0,0,0,4,1,0.0,0.0,0.0,0.0,0.0,0.0,1.0,1,79.15,317.25,1,0,1,0,1,0,0,0,0,1,0,1.0,39.575,1,0,0,1,1,1.0,15.830000000000002,3.958203368683718,0
0,1,1,38,1,0.0,0.0,0.0,0.0,0.0,0.0,0.0,0,19.6,763.1,1,0,0,1,0,1,0,0,1,0,0,0.0,19.6,0,1,1,0,0,0.0,0.5025641025641026,37.043689320388346,2
0,0,0,2,1,0.0,0.0,0.0,0.0,0.0,0.0,0.0,0,19.4,50.6,0,0,0,1,1,0,0,0,0,0,1,0.0,19.4,0,0,0,0,0,0.0,6.466666666666666,2.480392156862745,0
0,0,0,46,1,0.0,0.0,0.0,1.0,1.0,0.0,0.0,0,54.35,2460.15,1,1,0,0,0,0,1,0,1,0,0,2.0,18.116666666666667,0,1,1,0,0,0.0,1.1563829787234043,44.447154471544714,2
0,1,0,68,1,1.0,0.0,0.0,1.0,0.0,1.0,0.0,1,89.95,5974.3,1,0,1,0,0,0,1,1,0,0,0,3.0,22.4875,1,1,1,0,0,1.0,1.3036231884057972,65.68774051676745,3
0,0,0,19,1,1.0,0.0,0.0,0.0,0.0,0.0,1.0,1,86.0,1532.45,0,0,1,0,1,0,0,1,0,0,0,2.0,28.666666666666668,1,0,1,1,0,1.0,4.3,17.614367816091953,1
0,1,0,70,0,0.0,1.0,0.0,1.0,1.0,0.0,1.0,1,49.85,3370.2,1,1,0,0,0,0,1,1,0,0,0,4.0,9.97,1,1,1,0,0,0.0,0.7021126760563381,66.27728613569322,3
0,0,0,52,1,1.0,0.0,0.0,1.0,1.0,1.0,1.0,1,80.95,4233.95,1,1,0,0,0,0,1,1,0,0,0,5.0,13.491666666666667,1,1,1,0,0,0.0,1.5273584905660378,51.66503965832825,2
0,1,0,54,1,1.0,1.0,1.0,1.0,0.0,1.0,1.0,0,109.55,6118.95,0,0,1,0,1,0,0,0,0,1,0,6.0,15.65,1,0,0,1,1,0.0,1.9918181818181817,55.350067842605156,2
0,1,1,68,1,1.0,1.0,1.0,1.0,0.0,1.0,0.0,1,73.0,5163.0,1,1,0,0,0,1,0,0,1,0,0,5.0,12.166666666666666,1,1,1,0,0,0.0,1.0579710144927537,69.77027027027027,3
0,0,0,34,1,1.0,0.0,0.0,0.0,0.0,1.0,0.0,0,85.35,2896.6,1,0,1,0,1,0,0,0,0,1,0,2.0,28.45,1,0,0,1,1,1.0,2.4385714285714286,33.54487550665895,1
0,1,1,49,1,1.0,0.0,0.0,0.0,0.0,1.0,1.0,1,95.4,4613.95,1,0,1,0,1,0,0,1,0,0,0,3.0,23.85,1,0,1,1,0,1.0,1.9080000000000001,47.86255186721991,2
0,1,0,70,1,1.0,0.0,0.0,1.0,0.0,1.0,1.0,1,101.75,7069.3,1,0,1,0,0,1,0,0,0,1,0,4.0,20.35,1,1,0,0,0,1.0,1.4330985915492958,68.80097323600974,3
0,1,1,70,1,1.0,1.0,1.0,1.0,1.0,1.0,1.0,0,114.75,7842.3,0,0,1,0,0,0,1,0,1,0,0,7.0,14.34375,1,1,1,0,0,0.0,1.6161971830985915,67.75205183585314,3
0,0,1,62,1,1.0,0.0,0.0,0.0,0.0,0.0,0.0,1,24.4,1413.0,0,0,0,1,0,0,1,0,0,0,1,1.0,12.2,0,1,0,0,0,0.0,0.38730158730158726,55.629921259842526,3
0,1,0,4,1,1.0,0.0,0.0,0.0,0.0,0.0,0.0,1,74.65,301.4,0,0,1,0,1,0,0,0,0,1,0,1.0,37.325,0,0,0,1,1,1.0,14.930000000000001,3.9841374752148044,0
0,0,0,33,1,1.0,1.0,1.0,0.0,0.0,0.0,0.0,1,60.9,2033.85,1,1,0,0,1,0,0,0,0,0,1,3.0,15.225,0,0,0,0,0,0.0,1.7911764705882351,32.85702746365105,1
0,1,1,20,1,1.0,0.0,1.0,0.0,1.0,1.0,0.0,0,96.8,1826.7,0,0,1,0,1,0,0,0,0,0,1,4.0,19.36,1,0,0,1,0,0.0,4.609523809523809,18.677914110429448,1
0,1,0,23,1,1.0,0.0,0.0,1.0,0.0,0.0,1.0,0,90.15,2044.95,1,0,1,0,1,0,0,0,0,0,1,3.0,22.5375,1,0,0,1,0,1.0,3.75625,22.43499725726824,1
0,1,1,71,1,1.0,1.0,0.0,0.0,0.0,1.0,0.0,1,66.2,4692.55,0,1,0,0,0,1,0,0,0,1,0,3.0,16.55,1,1,0,0,0,0.0,0.9194444444444445,69.8296130952381,3
0,1,1,39,1,1.0,0.0,0.0,0.0,1.0,1.0,1.0,1,99.95,3767.4,1,0,1,0,1,0,0,0,1,0,0,4.0,19.990000000000002,1,0,1,1,0,0.0,2.4987500000000002,37.31946508172363,2
0,1,0,23,1,0.0,0.0,0.0,0.0,0.0,0.0,0.0,0,19.3,486.2,0,0,0,1,0,1,0,0,1,0,0,0.0,19.3,0,1,1,0,0,0.0,0.8041666666666667,23.950738916256157,1
0,1,0,49,1,1.0,1.0,0.0,0.0,0.0,1.0,1.0,1,100.85,4847.35,1,0,1,0,1,0,0,0,0,0,1,4.0,20.169999999999998,1,0,0,1,0,0.0,2.017,47.59302896416299,2
0,1,0,49,1,0.0,0.0,0.0,0.0,0.0,0.0,0.0,0,20.45,900.9,1,0,0,1,0,1,0,1,0,0,0,0.0,20.45,0,1,1,0,0,0.0,0.409,42.0,2
0,0,1,1,1,0.0,0.0,0.0,0.0,0.0,1.0,1.0,1,90.85,90.85,0,0,1,0,1,0,0,0,0,1,0,2.0,30.28333333333333,1,0,0,1,1,1.0,45.425,0.9891126837234622,0
1,0,0,14,1,1.0,0.0,1.0,0.0,0.0,0.0,0.0,1,78.95,1101.85,1,0,1,0,1,0,0,0,0,1,0,2.0,26.316666666666666,0,0,0,1,1,1.0,5.263333333333334,13.781738586616633,1
1,0,0,11,1,1.0,1.0,1.0,0.0,0.0,0.0,0.0,0,60.25,662.95,0,1,0,0,1,0,0,1,0,0,0,3.0,15.0625,0,0,1,0,0,0.0,5.020833333333333,10.823673469387757,0
1,1,0,72,1,1.0,0.0,1.0,0.0,0.0,1.0,1.0,1,97.25,7133.1,0,0,1,0,0,1,0,0,1,0,0,4.0,19.45,1,1,1,0,0,1.0,1.332191780821918,72.60152671755725,3
0,1,0,44,1,1.0,1.0,1.0,1.0,1.0,0.0,0.0,1,95.1,4060.55,1,0,1,0,1,0,0,0,1,0,0,5.0,15.85,0,0,1,1,0,0.0,2.1133333333333333,42.25338189386056,2
0,1,0,31,1,0.0,0.0,0.0,0.0,1.0,0.0,0.0,1,49.2,1498.55,1,1,0,0,1,0,0,0,0,0,1,1.0,24.6,0,0,0,0,0,0.0,1.5375,29.851593625498005,1
0,0,1,15,1,0.0,1.0,1.0,1.0,1.0,0.0,0.0,0,65.6,1010.0,1,1,0,0,0,1,0,0,1,0,0,4.0,13.12,0,1,1,0,0,0.0,4.1,15.165165165165167,1
0,0,0,24,1,1.0,0.0,1.0,1.0,0.0,1.0,1.0,1,104.15,2494.65,1,0,1,0,1,0,0,0,0,1,0,5.0,17.358333333333334,1,0,0,1,1,1.0,4.166,23.724679029957205,1
1,0,0,32,1,0.0,0.0,1.0,0.0,1.0,0.0,0.0,0,54.65,1830.1,1,1,0,0,1,0,0,1,0,0,0,2.0,18.216666666666665,0,0,1,0,0,0.0,1.656060606060606,32.885893980233604,1
0,0,1,8,0,0.0,1.0,0.0,0.0,0.0,0.0,1.0,1,38.5,330.8,1,1,0,0,1,0,0,0,0,1,0,2.0,12.833333333333334,1,0,0,0,1,0.0,4.277777777777778,8.374683544303798,0
1,0,0,71,1,1.0,0.0,1.0,0.0,1.0,1.0,1.0,1,106.8,7623.2,0,0,1,0,0,0,1,0,0,1,0,5.0,17.8,1,1,0,0,0,0.0,1.4833333333333334,70.71614100185529,3
0,1,1,69,0,0.0,1.0,0.0,1.0,0.0,0.0,1.0,1,43.95,2960.1,1,1,0,0,0,0,1,0,1,0,0,3.0,10.9875,1,1,1,0,0,0.0,0.6278571428571429,65.85317018909899,3
0,1,1,39,1,0.0,0.0,0.0,0.0,0.0,0.0,0.0,1,19.85,854.8,1,0,0,1,0,0,1,1,0,0,0,0.0,19.85,0,1,1,0,0,0.0,0.49625,40.99760191846522,2
0,1,1,4,1,0.0,0.0,0.0,0.0,0.0,1.0,0.0,1,78.9,299.75,1,0,1,0,1,0,0,0,0,0,1,1.0,39.45,1,0,0,1,0,1.0,15.780000000000001,3.7515644555694614,0
1,1,0,53,1,1.0,1.0,0.0,0.0,1.0,0.0,0.0,1,60.05,3229.65,0,1,0,0,0,1,0,0,0,1,0,3.0,15.0125,0,1,0,0,0,0.0,1.112037037037037,52.90171990171991,2
1,0,0,1,1,0.0,0.0,0.0,0.0,0.0,1.0,0.0,1,79.1,79.1,0,0,1,0,1,0,0,0,0,1,0,1.0,39.55,1,0,0,1,1,1.0,39.55,0.9875156054931336,0
0,0,0,14,1,1.0,0.0,1.0,0.0,0.0,1.0,1.0,1,100.55,1415.55,0,0,1,0,1,0,0,0,0,1,0,4.0,20.11,1,0,0,1,1,1.0,6.703333333333333,13.93943870014771,1
0,1,0,11,1,0.0,0.0,0.0,0.0,0.0,1.0,0.0,1,55.05,608.15,0,1,0,0,1,0,0,1,0,0,0,1.0,27.525,1,0,1,0,0,0.0,4.5874999999999995,10.850133809099018,0
0,0,0,6,0,0.0,1.0,1.0,1.0,1.0,1.0,1.0,1,63.4,348.8,1,1,0,0,0,0,1,0,0,0,1,6.0,9.057142857142857,1,1,0,0,0,0.0,9.057142857142857,5.416149068322981,0
0,0,0,68,1,0.0,0.0,0.0,0.0,0.0,0.0,0.0,0,19.6,1441.65,1,0,0,1,0,0,1,0,1,0,0,0.0,19.6,0,1,1,0,0,0.0,0.28405797101449276,69.98300970873787,3
0,0,0,2,1,0.0,0.0,0.0,0.0,0.0,0.0,0.0,0,19.85,51.6,0,0,0,1,1,0,0,0,0,0,1,0.0,19.85,0,0,0,0,0,0.0,6.616666666666667,2.474820143884892,0
0,1,0,19,1,1.0,0.0,0.0,1.0,0.0,0.0,1.0,0,89.65,1761.05,1,0,1,0,1,0,0,0,0,0,1,3.0,22.4125,1,0,0,1,0,1.0,4.4825,19.426916712630998,1
0,0,0,6,1,0.0,0.0,1.0,0.0,0.0,1.0,0.0,1,85.35,489.45,0,0,1,0,1,0,0,0,0,1,0,2.0,28.45,1,0,0,1,1,1.0,12.192857142857141,5.668210770121599,0
1,1,0,58,1,1.0,0.0,1.0,0.0,0.0,1.0,1.0,1,97.8,5458.8,1,0,1,0,0,1,0,1,0,0,0,4.0,19.56,1,1,1,0,0,1.0,1.6576271186440676,55.251012145748994,2
0,0,1,1,0,0.0,0.0,1.0,0.0,0.0,0.0,0.0,1,31.35,31.35,0,1,0,0,1,0,0,0,0,0,1,1.0,15.675,0,0,0,0,0,0.0,15.675,0.9690880989180835,0
0,0,0,1,1,0.0,0.0,0.0,0.0,0.0,0.0,0.0,0,44.4,44.4,0,1,0,0,1,0,0,0,0,0,1,0.0,44.4,0,0,0,0,0,0.0,22.2,0.9779735682819384,0
0,1,0,53,1,1.0,0.0,1.0,0.0,0.0,1.0,1.0,1,98.4,5149.5,1,0,1,0,1,0,0,0,1,0,0,4.0,19.68,1,0,1,1,0,1.0,1.8222222222222224,51.805835010060356,2
1,0,0,45,1,0.0,1.0,1.0,0.0,1.0,0.0,0.0,1,85.7,3778.1,1,0,1,0,1,0,0,1,0,0,0,3.0,21.425,0,0,1,1,0,0.0,1.8630434782608696,43.57670126874279,2
0,1,0,58,1,1.0,1.0,0.0,1.0,1.0,1.0,1.0,1,84.3,4916.4,1,1,0,0,0,0,1,0,0,1,0,6.0,12.042857142857143,1,1,0,0,0,0.0,1.428813559322034,57.63657678780773,2
0,1,1,33,1,0.0,0.0,0.0,0.0,0.0,0.0,0.0,0,20.6,690.25,0,0,0,1,0,1,0,0,0,0,1,0.0,20.6,0,1,0,0,0,0.0,0.6058823529411765,31.956018518518515,1
0,1,1,23,0,0.0,0.0,0.0,0.0,1.0,0.0,0.0,1,30.35,678.75,0,1,0,0,1,0,0,1,0,0,0,1.0,15.175,0,0,1,0,0,0.0,1.2645833333333334,21.650717703349283,1
1,1,0,30,1,0.0,0.0,1.0,0.0,0.0,0.0,0.0,1,50.4,1527.5,0,1,0,0,1,0,0,1,0,0,0,1.0,25.2,0,0,1,0,0,0.0,1.6258064516129032,29.717898832684824,1
0,1,1,6,1,0.0,0.0,0.0,0.0,0.0,0.0,0.0,1,69.8,377.85,0,0,1,0,1,0,0,0,0,1,0,0.0,69.8,0,0,0,1,1,1.0,9.971428571428572,5.336864406779662,0
0,0,0,5,1,1.0,1.0,0.0,0.0,0.0,0.0,0.0,1,53.8,283.95,1,1,0,0,1,0,0,0,0,1,0,2.0,17.933333333333334,0,0,0,0,1,0.0,8.966666666666667,5.181569343065694,0
0,0,0,29,1,0.0,0.0,0.0,1.0,1.0,1.0,1.0,1,98.8,2807.1,0,0,1,0,1,0,0,0,1,0,0,4.0,19.759999999999998,1,0,1,1,0,0.0,3.2933333333333334,28.127254509018037,1
0,0,0,1,1,0.0,0.0,0.0,0.0,0.0,0.0,0.0,0,19.05,19.05,0,0,0,1,1,0,0,0,0,0,1,0.0,19.05,0,0,0,0,0,0.0,9.525,0.9501246882793017,0
0,0,0,1,1,0.0,0.0,0.0,1.0,0.0,1.0,0.0,1,85.45,85.45,1,0,1,0,1,0,0,0,0,1,0,2.0,28.483333333333334,1,0,0,1,1,1.0,42.725,0.9884326200115674,0
0,1,0,14,1,0.0,0.0,0.0,0.0,0.0,0.0,0.0,0,20.4,292.4,1,0,0,1,0,0,1,0,0,0,1,0.0,20.4,0,1,0,0,0,0.0,1.3599999999999999,13.663551401869158,1
0,1,1,64,1,1.0,0.0,0.0,0.0,0.0,0.0,0.0,0,24.9,1595.5,1,0,0,1,0,1,0,0,0,0,1,1.0,12.45,0,1,0,0,0,0.0,0.38307692307692304,61.602316602316606,3
0,1,1,45,1,1.0,0.0,0.0,0.0,0.0,0.0,0.0,1,24.65,1171.3,1,0,0,1,0,0,1,0,1,0,0,1.0,12.325,0,1,1,0,0,0.0,0.5358695652173913,45.66471734892787,2
0,1,0,2,1,0.0,1.0,0.0,0.0,1.0,0.0,0.0,1,80.15,194.55,1,0,1,0,1,0,0,0,0,1,0,2.0,26.71666666666667,0,0,0,1,1,0.0,26.71666666666667,2.397412199630314,0
0,0,0,42,1,1.0,1.0,0.0,1.0,0.0,1.0,1.0,1,105.2,4400.75,1,0,1,0,1,0,0,0,0,1,0,5.0,17.533333333333335,1,0,0,1,1,0.0,2.4465116279069767,41.438323917137474,2
0,1,1,53,1,1.0,0.0,0.0,1.0,1.0,1.0,1.0,1,78.75,3942.45,0,1,0,0,0,1,0,0,0,0,1,5.0,13.125,1,1,0,0,0,0.0,1.4583333333333333,49.435109717868336,2
0,1,1,47,1,1.0,1.0,1.0,1.0,1.0,1.0,1.0,1,113.45,5317.8,0,0,1,0,0,1,0,1,0,0,0,7.0,14.18125,1,1,1,0,0,0.0,2.363541666666667,46.463958060288334,2
1,0,0,1,1,1.0,0.0,0.0,0.0,0.0,0.0,0.0,1,76.45,76.45,0,0,1,0,1,0,0,0,0,1,0,1.0,38.225,0,0,0,1,1,1.0,38.225,0.987088444157521,0
0,1,1,46,1,1.0,0.0,0.0,0.0,0.0,0.0,0.0,0,24.9,1174.8,0,0,0,1,0,1,0,0,0,1,0,1.0,12.45,0,1,0,0,0,0.0,0.5297872340425531,45.359073359073356,2
0,0,0,63,1,1.0,1.0,1.0,1.0,0.0,1.0,1.0,0,108.25,6780.1,1,0,1,0,1,0,0,0,1,0,0,6.0,15.464285714285714,1,0,1,1,0,0.0,1.69140625,62.06041189931351,3
0,1,1,72,1,1.0,1.0,1.0,1.0,1.0,0.0,0.0,1,70.45,5165.7,1,1,0,0,0,0,1,1,0,0,0,5.0,11.741666666666667,0,1,1,0,0,0.0,0.965068493150685,72.29811056682995,3
1,0,0,7,1,0.0,0.0,1.0,0.0,0.0,0.0,0.0,1,51.3,419.35,1,1,0,0,1,0,0,0,0,0,1,1.0,25.65,0,0,0,0,0,0.0,6.4125,8.018164435946463,0
0,0,0,31,1,0.0,0.0,1.0,1.0,1.0,1.0,1.0,0,79.2,2497.2,1,1,0,0,0,0,1,0,0,0,1,5.0,13.200000000000001,1,1,0,0,0,0.0,2.475,31.137157107231918,1
0,0,0,1,1,0.0,0.0,0.0,0.0,0.0,0.0,0.0,1,69.65,69.65,0,0,1,0,1,0,0,0,0,1,0,0.0,69.65,0,0,0,1,1,1.0,34.825,0.9858457183297947,0
1,0,0,1,1,1.0,0.0,0.0,0.0,0.0,0.0,0.0,1,74.45,74.45,1,0,1,0,1,0,0,0,0,0,1,1.0,37.225,0,0,0,1,0,1.0,37.225,0.9867461895294898,0
0,0,1,1,1,0.0,0.0,0.0,0.0,0.0,0.0,0.0,0,69.75,69.75,0,0,1,0,1,0,0,1,0,0,0,0.0,69.75,0,0,1,1,0,1.0,34.875,0.9858657243816255,0
0,0,0,17,1,1.0,1.0,0.0,0.0,0.0,0.0,1.0,0,65.75,1111.2,0,1,0,0,1,0,0,1,0,0,0,3.0,16.4375,1,0,1,0,0,0.0,3.6527777777777777,16.647191011235957,1
0,1,1,1,1,0.0,0.0,0.0,0.0,0.0,0.0,0.0,1,20.15,20.15,0,0,0,1,1,0,0,1,0,0,0,0.0,20.15,0,0,1,0,0,0.0,10.075,0.9527186761229315,0
0,0,0,12,1,0.0,0.0,0.0,0.0,0.0,0.0,1.0,1,79.95,1043.4,0,0,1,0,1,0,0,1,0,0,0,1.0,39.975,1,0,1,1,0,1.0,6.15,12.889437924644843,0
0,1,1,63,1,0.0,0.0,1.0,1.0,0.0,0.0,0.0,1,80.3,4896.35,0,0,1,0,1,0,0,0,1,0,0,2.0,26.766666666666666,0,0,1,1,0,1.0,1.2546875,60.22570725707258,3
1,1,0,68,1,1.0,0.0,1.0,1.0,0.0,1.0,1.0,1,105.3,7299.65,0,0,1,0,1,0,0,0,0,1,0,5.0,17.55,1,0,0,1,1,1.0,1.526086956521739,68.67027281279398,3
1,1,0,3,1,1.0,0.0,0.0,0.0,0.0,1.0,1.0,1,94.6,279.55,0,0,1,0,1,0,0,0,0,1,0,3.0,23.65,1,0,0,1,1,1.0,23.65,2.9241631799163184,0
0,0,0,10,1,1.0,0.0,0.0,0.0,0.0,1.0,0.0,1,86.05,834.1,0,0,1,0,1,0,0,1,0,0,0,2.0,28.683333333333334,1,0,1,1,0,1.0,7.822727272727272,9.581849511774843,0
1,1,0,55,1,1.0,1.0,1.0,0.0,0.0,0.0,0.0,0,60.0,3316.1,0,1,0,0,0,1,0,0,1,0,0,3.0,15.0,0,1,1,0,0,0.0,1.0714285714285714,54.36229508196721,2
0,0,0,4,1,0.0,0.0,0.0,0.0,1.0,1.0,0.0,1,61.3,249.4,0,1,0,0,1,0,0,0,0,1,0,2.0,20.433333333333334,1,0,0,0,1,0.0,12.26,4.003210272873194,0
0,1,0,1,1,0.0,0.0,0.0,0.0,0.0,1.0,0.0,1,80.55,80.55,0,0,1,0,1,0,0,0,0,1,0,1.0,40.275,1,0,0,1,1,1.0,40.275,0.987737584304108,0
0,0,0,52,1,0.0,1.0,1.0,0.0,0.0,1.0,0.0,1,63.25,3342.45,0,1,0,0,0,0,1,0,1,0,0,3.0,15.8125,1,1,1,0,0,0.0,1.1933962264150944,52.02256809338521,2
0,1,0,50,1,0.0,0.0,0.0,0.0,0.0,0.0,0.0,0,19.8,1013.2,0,0,0,1,0,0,1,0,0,1,0,0.0,19.8,0,1,0,0,0,0.0,0.38823529411764707,48.71153846153846,2
0,0,0,57,0,0.0,0.0,1.0,0.0,0.0,1.0,0.0,1,39.3,2111.45,0,1,0,0,1,0,0,0,0,1,0,2.0,13.1,1,0,0,0,1,0.0,0.6775862068965517,52.39330024813896,2
1,1,0,60,1,0.0,0.0,1.0,1.0,0.0,1.0,1.0,1,97.95,5867.0,0,0,1,0,0,1,0,0,0,1,0,4.0,19.59,1,1,0,0,0,1.0,1.6057377049180328,59.292572006063665,2
1,1,0,70,1,1.0,1.0,1.0,1.0,1.0,1.0,1.0,1,113.0,7987.6,1,0,1,0,0,0,1,0,1,0,0,7.0,14.125,1,1,1,0,0,0.0,1.591549295774648,70.06666666666666,3
0,1,0,19,1,0.0,0.0,0.0,1.0,0.0,1.0,1.0,1,96.8,1743.05,1,0,1,0,1,0,0,0,0,1,0,3.0,24.2,1,0,0,1,1,1.0,4.84,17.822597137014316,1
0,0,0,37,0,0.0,0.0,0.0,0.0,1.0,0.0,0.0,0,28.6,973.55,1,1,0,0,1,0,0,0,1,0,0,1.0,14.3,0,0,1,0,0,0.0,0.7526315789473684,32.8902027027027,2
0,0,0,5,1,0.0,0.0,0.0,0.0,0.0,1.0,0.0,1,81.0,389.6,1,0,1,0,1,0,0,0,1,0,0,1.0,40.5,1,0,1,1,0,1.0,13.5,4.751219512195123,0
0,0,0,35,1,0.0,0.0,0.0,0.0,0.0,0.0,0.0,0,20.75,739.9,0,0,0,1,1,0,0,1,0,0,0,0.0,20.75,0,0,1,0,0,0.0,0.5763888888888888,34.0183908045977,1
0,0,0,22,0,0.0,0.0,1.0,1.0,0.0,0.0,1.0,1,43.75,903.6,0,1,0,0,0,1,0,1,0,0,0,3.0,10.9375,1,1,1,0,0,0.0,1.9021739130434783,20.19217877094972,1
1,0,0,21,1,1.0,0.0,0.0,0.0,0.0,1.0,1.0,1,94.25,1973.75,1,0,1,0,1,0,0,0,0,1,0,3.0,23.5625,1,0,0,1,1,1.0,4.284090909090909,20.721784776902886,1
0,1,1,39,1,1.0,0.0,0.0,0.0,0.0,0.0,0.0,0,25.2,987.95,0,0,0,1,0,0,1,0,0,0,1,1.0,12.6,0,1,0,0,0,0.0,0.63,37.708015267175576,2
0,1,0,39,1,0.0,1.0,0.0,1.0,1.0,1.0,1.0,1,104.7,4134.85,1,0,1,0,0,1,0,0,1,0,0,5.0,17.45,1,1,1,0,0,0.0,2.6175,39.11873226111637,2
0,1,1,65,1,1.0,0.0,1.0,0.0,1.0,1.0,1.0,1,79.4,5071.9,1,1,0,0,0,0,1,1,0,0,0,5.0,13.233333333333334,1,1,1,0,0,0.0,1.2030303030303031,63.08333333333332,3
0,0,0,25,1,0.0,1.0,0.0,0.0,0.0,0.0,0.0,0,74.3,1952.25,0,0,1,0,1,0,0,1,0,0,0,1.0,37.15,0,0,1,1,0,0.0,2.8576923076923078,25.926294820717132,1
0,0,0,1,1,0.0,0.0,0.0,0.0,0.0,0.0,0.0,1,69.9,69.9,0,0,1,0,1,0,0,0,0,1,0,0.0,69.9,0,0,0,1,1,1.0,34.95,0.9858956276445698,0
1,1,0,4,1,1.0,0.0,0.0,0.0,0.0,0.0,0.0,1,74.4,306.6,0,0,1,0,1,0,0,0,0,0,1,1.0,37.2,0,0,0,1,0,1.0,14.88,4.06631299734748,0
0,1,0,44,1,0.0,0.0,0.0,0.0,0.0,1.0,1.0,1,90.65,3974.15,0,0,1,0,0,1,0,1,0,0,0,2.0,30.21666666666667,1,1,1,0,0,1.0,2.0144444444444445,43.36224768139662,2
0,1,0,65,1,0.0,1.0,0.0,1.0,0.0,0.0,0.0,1,55.15,3673.15,1,1,0,0,1,0,0,0,0,0,1,2.0,18.383333333333333,0,0,0,0,0,0.0,0.8356060606060606,65.41674087266252,3
0,0,0,21,1,0.0,0.0,0.0,0.0,0.0,0.0,0.0,1,19.95,416.4,0,0,0,1,1,0,0,0,0,0,1,0.0,19.95,0,0,0,0,0,0.0,0.9068181818181817,19.875894988066825,1
0,0,0,1,1,0.0,0.0,0.0,0.0,1.0,1.0,1.0,1,95.85,95.85,1,0,1,0,1,0,0,0,0,1,0,3.0,23.9625,1,0,0,1,1,0.0,47.925,0.9896747547754259,0
0,1,1,60,1,1.0,0.0,0.0,0.0,0.0,0.0,0.0,0,74.35,4453.3,0,0,1,0,1,0,0,1,0,0,0,1.0,37.175,0,0,1,1,0,1.0,1.2188524590163934,59.10152621101527,2
1,0,0,4,1,0.0,0.0,0.0,0.0,0.0,0.0,0.0,1,70.65,293.85,0,0,1,0,1,0,0,0,0,1,0,0.0,70.65,0,0,0,1,1,1.0,14.13,4.101186322400558,0
0,1,1,66,1,1.0,0.0,0.0,0.0,0.0,0.0,0.0,1,25.7,1714.55,0,0,0,1,0,1,0,0,1,0,0,1.0,12.85,0,1,1,0,0,0.0,0.38358208955223877,64.21535580524345,3
0,1,0,30,1,0.0,0.0,0.0,0.0,0.0,0.0,0.0,0,19.65,655.85,1,0,0,1,1,0,0,1,0,0,0,0.0,19.65,0,0,1,0,0,0.0,0.6338709677419354,31.76029055690073,1
0,0,0,1,1,0.0,0.0,0.0,0.0,0.0,0.0,0.0,0,19.65,19.65,0,0,0,1,1,0,0,1,0,0,0,0.0,19.65,0,0,1,0,0,0.0,9.825,0.9515738498789347,0
0,0,0,10,1,1.0,0.0,0.0,0.0,0.0,0.0,0.0,1,74.15,811.8,0,0,1,0,1,0,0,0,0,0,1,1.0,37.075,0,0,0,1,0,1.0,6.740909090909091,10.802395209580837,0
0,0,0,29,1,0.0,0.0,0.0,0.0,0.0,0.0,0.0,0,19.35,601.6,1,0,0,1,1,0,0,0,1,0,0,0.0,19.35,0,0,1,0,0,0.0,0.645,29.562653562653562,1
0,1,0,71,1,1.0,0.0,0.0,0.0,0.0,0.0,0.0,1,24.5,1816.2,0,0,0,1,0,0,1,0,0,1,0,1.0,12.25,0,1,0,0,0,0.0,0.3402777777777778,71.2235294117647,3
0,0,1,28,1,0.0,1.0,0.0,0.0,0.0,0.0,0.0,1,74.9,2068.55,0,0,1,0,1,0,0,1,0,0,0,1.0,37.45,0,0,1,1,0,0.0,2.5827586206896553,27.253623188405797,1
0,1,0,30,1,1.0,0.0,0.0,0.0,0.0,1.0,1.0,1,94.05,2866.45,0,0,1,0,1,0,0,0,1,0,0,3.0,23.5125,1,0,1,1,0,1.0,3.0338709677419353,30.157285639137296,1
1,0,0,64,1,1.0,0.0,1.0,1.0,1.0,0.0,1.0,0,74.65,4869.35,1,1,0,0,1,0,0,0,1,0,0,5.0,12.441666666666668,1,0,1,0,0,0.0,1.1484615384615386,64.36682088565763,3
0,0,1,23,1,0.0,0.0,0.0,0.0,1.0,0.0,0.0,1,49.45,1119.35,1,1,0,0,0,1,0,0,0,1,0,1.0,24.725,0,1,0,0,0,0.0,2.060416666666667,22.187314172447966,1
0,0,0,3,1,0.0,0.0,0.0,0.0,0.0,0.0,0.0,1,19.65,68.35,0,0,0,1,1,0,0,0,0,0,1,0.0,19.65,0,0,0,0,0,0.0,4.9125,3.3099273607748185,0
0,0,0,14,1,0.0,0.0,0.0,0.0,0.0,1.0,1.0,1,92.9,1337.45,0,0,1,0,1,0,0,0,0,1,0,2.0,30.96666666666667,1,0,0,1,1,1.0,6.193333333333333,14.243343982960596,1
0,1,0,31,1,0.0,0.0,0.0,1.0,0.0,1.0,1.0,1,93.8,2939.8,0,0,1,0,0,1,0,0,0,1,0,3.0,23.45,1,1,0,0,0,1.0,2.93125,31.010548523206754,1
0,1,1,12,1,0.0,0.0,0.0,0.0,0.0,0.0,0.0,0,19.7,258.35,0,0,0,1,0,0,1,0,0,0,1,0.0,19.7,0,1,0,0,0,0.0,1.5153846153846153,12.480676328502417,0
1,0,0,1,1,0.0,0.0,0.0,0.0,0.0,0.0,0.0,1,70.2,70.2,1,0,1,0,1,0,0,0,0,1,0,0.0,70.2,0,0,0,1,1,1.0,35.1,0.9859550561797753,0
0,1,1,61,1,0.0,0.0,0.0,0.0,0.0,0.0,0.0,0,19.75,1311.6,1,0,0,1,0,0,1,0,1,0,0,0.0,19.75,0,1,1,0,0,0.0,0.3185483870967742,63.209638554216866,3
0,0,0,1,1,1.0,0.0,0.0,0.0,0.0,0.0,1.0,1,85.0,85.0,1,0,1,0,1,0,0,0,0,1,0,2.0,28.333333333333332,1,0,0,1,1,1.0,42.5,0.9883720930232558,0
0,1,0,43,1,1.0,0.0,1.0,0.0,0.0,0.0,0.0,0,80.45,3398.9,1,0,1,0,1,0,0,0,0,1,0,2.0,26.816666666666666,0,0,0,1,1,1.0,1.8284090909090909,41.72989564149785,2
0,0,0,14,1,1.0,0.0,1.0,0.0,0.0,0.0,0.0,1,55.5,767.55,0,1,0,0,1,0,0,0,1,0,0,2.0,18.5,0,0,1,0,0,0.0,3.7,13.58495575221239,1
0,0,0,15,1,1.0,0.0,0.0,0.0,0.0,0.0,0.0,1,25.4,399.6,1,0,0,1,1,0,0,0,1,0,0,1.0,12.7,0,0,1,0,0,0.0,1.5875,15.136363636363638,1
0,1,1,8,1,0.0,0.0,0.0,0.0,0.0,0.0,0.0,0,19.8,160.05,1,0,0,1,0,1,0,0,0,1,0,0.0,19.8,0,1,0,0,0,0.0,2.2,7.694711538461538,0
0,0,0,32,1,0.0,0.0,0.0,0.0,1.0,1.0,1.0,1,96.2,3183.4,0,0,1,0,1,0,0,0,0,1,0,3.0,24.05,1,0,0,1,1,0.0,2.915151515151515,32.751028806584365,1
1,1,0,66,1,1.0,0.0,1.0,1.0,1.0,1.0,1.0,1,110.85,7491.75,0,0,1,0,0,1,0,0,0,1,0,6.0,15.835714285714285,1,1,0,0,0,0.0,1.6544776119402984,66.98033080017882,3
0,1,1,34,0,0.0,1.0,0.0,1.0,1.0,1.0,1.0,0,61.25,1993.2,1,1,0,0,0,1,0,0,0,0,1,5.0,10.208333333333334,1,1,0,0,0,0.0,1.75,32.019277108433734,1
0,1,1,3,0,0.0,1.0,0.0,0.0,0.0,0.0,0.0,0,29.7,91.7,1,1,0,0,1,0,0,0,1,0,0,1.0,14.85,0,0,1,0,0,0.0,7.425,2.986970684039088,0
0,1,1,72,1,1.0,1.0,0.0,1.0,1.0,1.0,1.0,0,84.7,5893.9,1,1,0,0,0,0,1,0,1,0,0,6.0,12.1,1,1,1,0,0,0.0,1.1602739726027398,68.77362893815635,3
0,0,0,54,1,0.0,1.0,1.0,0.0,0.0,1.0,0.0,1,65.3,3512.9,0,1,0,0,0,0,1,1,0,0,0,3.0,16.325,1,1,1,0,0,0.0,1.1872727272727273,52.98491704374058,2
0,1,0,35,1,1.0,0.0,0.0,0.0,1.0,0.0,1.0,1,89.85,3161.2,0,0,1,0,1,0,0,1,0,0,0,3.0,22.4625,1,0,1,1,0,0.0,2.495833333333333,34.7958172812328,1
0,1,1,60,1,0.0,0.0,0.0,0.0,0.0,0.0,0.0,1,19.25,1103.25,1,0,0,1,0,0,1,0,1,0,0,0.0,19.25,0,1,1,0,0,0.0,0.3155737704918033,54.48148148148148,2
0,0,0,1,1,0.0,0.0,0.0,0.0,0.0,0.0,0.0,0,19.55,19.55,0,0,0,1,1,0,0,0,0,0,1,0.0,19.55,0,0,0,0,0,0.0,9.775,0.9513381995133819,0
1,1,0,72,1,1.0,1.0,1.0,1.0,1.0,1.0,1.0,1,112.9,8061.5,0,0,1,0,1,0,0,0,1,0,0,7.0,14.1125,1,0,1,1,0,0.0,1.5465753424657536,70.77699736611062,3
0,1,1,70,1,1.0,1.0,0.0,1.0,0.0,1.0,0.0,0,68.95,4858.7,0,1,0,0,0,0,1,0,1,0,0,4.0,13.790000000000001,1,1,1,0,0,0.0,0.9711267605633803,69.45961401000714,3
0,0,0,2,1,0.0,1.0,0.0,0.0,0.0,0.0,0.0,1,75.7,189.2,0,0,1,0,1,0,0,0,0,1,0,1.0,37.85,0,0,0,1,1,0.0,25.233333333333334,2.4667535853976528,0
0,0,0,39,1,1.0,0.0,0.0,0.0,0.0,0.0,0.0,1,73.15,2730.85,0,0,1,0,1,0,0,0,1,0,0,1.0,36.575,0,0,1,1,0,1.0,1.82875,36.82872555630478,2
0,0,0,58,1,0.0,0.0,0.0,0.0,0.0,0.0,0.0,0,20.8,1212.25,0,0,0,1,0,0,1,0,0,0,1,0.0,20.8,0,1,0,0,0,0.0,0.3525423728813559,55.607798165137616,2
0,0,0,1,1,0.0,0.0,0.0,0.0,0.0,0.0,0.0,1,19.55,19.55,1,0,0,1,1,0,0,0,0,0,1,0.0,19.55,0,0,0,0,0,0.0,9.775,0.9513381995133819,0
1,1,0,7,1,0.0,0.0,0.0,0.0,0.0,1.0,1.0,1,89.5,676.7,0,0,1,0,1,0,0,0,0,1,0,2.0,29.833333333333332,1,0,0,1,1,1.0,11.1875,7.477348066298343,0
0,1,1,34,1,0.0,1.0,1.0,1.0,1.0,1.0,1.0,0,84.75,2839.45,1,1,0,0,0,0,1,0,0,0,1,6.0,12.107142857142858,1,1,0,0,0,0.0,2.4214285714285713,33.113119533527694,1
1,1,0,29,1,1.0,0.0,0.0,0.0,1.0,0.0,0.0,1,79.3,2414.55,0,0,1,0,1,0,0,0,0,1,0,2.0,26.433333333333334,0,0,0,1,1,0.0,2.643333333333333,30.069115815691163,1
0,1,0,72,1,1.0,1.0,1.0,1.0,1.0,1.0,1.0,1,113.65,8124.2,1,0,1,0,0,0,1,0,1,0,0,7.0,14.20625,1,1,1,0,0,0.0,1.5568493150684932,70.86088094199738,3
0,0,0,21,1,0.0,0.0,0.0,1.0,0.0,0.0,1.0,0,61.65,1393.6,0,1,0,0,1,0,0,0,0,0,1,2.0,20.55,1,0,0,0,0,0.0,2.8022727272727272,22.244213886671986,1
0,1,1,65,1,1.0,0.0,0.0,0.0,0.0,0.0,0.0,0,26.0,1654.85,1,0,0,1,0,0,1,0,1,0,0,1.0,13.0,0,1,1,0,0,0.0,0.3939393939393939,61.29074074074074,3
1,0,0,4,0,0.0,0.0,0.0,0.0,0.0,0.0,0.0,1,25.2,102.5,0,1,0,0,1,0,0,1,0,0,0,0.0,25.2,0,0,1,0,0,0.0,5.04,3.9122137404580153,0
0,0,0,1,1,0.0,0.0,0.0,0.0,0.0,0.0,0.0,0,44.15,44.15,1,1,0,0,1,0,0,1,0,0,0,0.0,44.15,0,0,1,0,0,0.0,22.075,0.9778516057585825,0
1,0,0,2,0,0.0,0.0,0.0,0.0,0.0,0.0,0.0,0,24.35,41.85,1,1,0,0,1,0,0,0,0,1,0,0.0,24.35,0,0,0,0,1,0.0,8.116666666666667,1.650887573964497,0
0,1,1,66,1,1.0,0.0,1.0,1.0,0.0,1.0,1.0,0,79.85,5234.95,0,1,0,0,0,0,1,1,0,0,0,5.0,13.308333333333332,1,1,1,0,0,0.0,1.1917910447761193,64.74891774891775,3
0,1,1,21,1,1.0,1.0,1.0,0.0,1.0,1.0,0.0,0,77.5,1625.0,0,1,0,0,0,1,0,0,0,0,1,5.0,12.916666666666666,1,1,0,0,0,0.0,3.522727272727273,20.70063694267516,1
0,1,0,58,1,0.0,1.0,1.0,0.0,0.0,1.0,0.0,1,65.25,3791.6,1,1,0,0,1,0,0,0,1,0,0,3.0,16.3125,1,0,1,0,0,0.0,1.1059322033898304,57.23169811320754,2
0,0,0,2,1,1.0,0.0,0.0,0.0,0.0,0.0,0.0,0,24.85,62.0,0,0,0,1,1,0,0,0,0,0,1,1.0,12.425,0,0,0,0,0,0.0,8.283333333333333,2.3984526112185685,0
0,0,0,10,1,0.0,0.0,1.0,0.0,0.0,1.0,0.0,1,59.65,638.95,0,1,0,0,1,0,0,0,0,0,1,2.0,19.883333333333333,1,0,0,0,0,0.0,5.422727272727273,10.535037098103876,0
0,1,1,19,1,0.0,0.0,1.0,0.0,1.0,1.0,1.0,0,100.0,1888.65,0,0,1,0,0,1,0,1,0,0,0,4.0,20.0,1,1,1,0,0,0.0,5.0,18.69950495049505,1
0,1,1,21,0,0.0,1.0,0.0,1.0,0.0,1.0,1.0,1,55.95,1157.05,1,1,0,0,0,1,0,0,0,1,0,4.0,11.190000000000001,1,1,0,0,0,0.0,2.5431818181818184,20.316944688323087,1
0,0,0,55,1,0.0,0.0,0.0,0.0,0.0,0.0,0.0,0,45.05,2462.6,1,1,0,0,0,1,0,1,0,0,0,0.0,45.05,0,1,1,0,0,0.0,0.8044642857142856,53.47665580890337,2
0,0,0,15,1,0.0,0.0,0.0,0.0,0.0,0.0,0.0,0,20.1,302.45,1,0,0,1,0,1,0,0,1,0,0,0.0,20.1,0,1,1,0,0,0.0,1.25625,14.334123222748813,1
0,0,0,56,1,1.0,0.0,1.0,0.0,0.0,1.0,1.0,0,98.6,5581.05,0,0,1,0,1,0,0,0,0,1,0,4.0,19.72,1,0,0,1,1,1.0,1.7298245614035086,56.03463855421687,2
0,0,0,24,0,0.0,0.0,1.0,1.0,0.0,1.0,1.0,1,54.15,1240.25,1,1,0,0,1,0,0,0,1,0,0,4.0,10.83,1,0,1,0,0,0.0,2.166,22.488667271078878,1
0,1,1,40,1,1.0,0.0,1.0,1.0,0.0,1.0,0.0,1,96.35,3915.4,1,0,1,0,1,0,0,0,1,0,0,4.0,19.27,1,0,1,1,0,1.0,2.3499999999999996,40.21982537236775,2
0,0,0,67,1,1.0,1.0,1.0,1.0,1.0,1.0,1.0,0,116.2,7752.3,0,0,1,0,0,0,1,0,1,0,0,7.0,14.525,1,1,1,0,0,0.0,1.7088235294117649,66.14590443686006,3
0,1,1,72,0,0.0,1.0,1.0,1.0,1.0,1.0,1.0,1,65.2,4784.45,1,1,0,0,0,0,1,0,1,0,0,6.0,9.314285714285715,1,1,1,0,0,0.0,0.8931506849315068,72.2726586102719,3
0,1,0,15,1,0.0,0.0,0.0,0.0,0.0,0.0,0.0,0,18.8,294.95,0,0,0,1,0,1,0,0,0,0,1,0.0,18.8,0,1,0,0,0,0.0,1.175,14.896464646464645,1
0,1,1,72,1,1.0,1.0,1.0,0.0,1.0,1.0,0.0,0,99.9,7251.7,1,0,1,0,0,0,1,1,0,0,0,5.0,16.650000000000002,1,1,1,0,0,0.0,1.3684931506849316,71.87016848364716,3
0,1,1,69,1,0.0,0.0,1.0,0.0,1.0,1.0,0.0,1,92.15,6480.9,0,0,1,0,0,0,1,0,0,0,1,3.0,23.0375,1,1,0,0,0,0.0,1.3164285714285715,69.57487922705313,3
0,0,0,64,1,1.0,0.0,1.0,1.0,1.0,1.0,1.0,1,110.5,7069.25,1,0,1,0,0,0,1,0,1,0,0,6.0,15.785714285714286,1,1,1,0,0,0.0,1.7,63.40134529147982,3
0,1,0,38,1,1.0,1.0,0.0,1.0,1.0,1.0,1.0,1,110.7,4428.6,0,0,1,0,0,1,0,0,0,1,0,6.0,15.814285714285715,1,1,0,0,0,0.0,2.8384615384615386,39.64726947179947,2
0,0,0,41,1,0.0,0.0,0.0,0.0,0.0,0.0,0.0,1,19.85,810.45,1,0,0,1,0,0,1,0,0,0,1,0.0,19.85,0,1,0,0,0,0.0,0.47261904761904766,38.8705035971223,2
0,0,0,26,1,0.0,0.0,1.0,1.0,0.0,0.0,0.0,1,56.05,1553.2,1,1,0,0,0,1,0,0,0,0,1,2.0,18.683333333333334,0,1,0,0,0,0.0,2.075925925925926,27.225241016652063,1
0,1,1,68,1,0.0,0.0,0.0,0.0,0.0,0.0,0.0,1,19.35,1292.65,1,0,0,1,0,0,1,1,0,0,0,0.0,19.35,0,1,1,0,0,0.0,0.2804347826086957,63.52088452088452,3
0,1,1,58,1,1.0,0.0,0.0,1.0,1.0,0.0,1.0,0,94.35,5563.65,0,0,1,0,0,0,1,1,0,0,0,4.0,18.869999999999997,1,1,1,0,0,0.0,1.5991525423728812,58.34976402726796,2
0,0,0,52,1,0.0,0.0,0.0,0.0,0.0,0.0,0.0,0,19.65,1025.05,0,0,0,1,0,0,1,0,0,0,1,0.0,19.65,0,1,0,0,0,0.0,0.37075471698113205,49.639225181598064,2
0,1,1,63,1,1.0,0.0,0.0,0.0,0.0,0.0,0.0,0,24.65,1574.5,0,0,0,1,0,0,1,0,1,0,0,1.0,12.325,0,1,1,0,0,0.0,0.38515625,61.384015594541914,3
0,0,0,7,1,0.0,0.0,0.0,0.0,0.0,0.0,0.0,0,20.75,141.1,0,0,0,1,1,0,0,0,0,0,1,0.0,20.75,0,0,0,0,0,0.0,2.59375,6.48735632183908,0
0,1,0,70,1,1.0,0.0,0.0,0.0,0.0,0.0,0.0,1,26.0,2006.95,1,0,0,1,0,0,1,1,0,0,0,1.0,13.0,0,1,1,0,0,0.0,0.36619718309859156,74.33148148148149,3
0,0,0,53,1,0.0,0.0,1.0,1.0,1.0,0.0,1.0,1,94.45,5042.75,1,0,1,0,0,1,0,0,1,0,0,4.0,18.89,1,1,1,0,0,0.0,1.7490740740740742,52.83132530120482,2
0,1,1,23,1,0.0,0.0,0.0,0.0,0.0,0.0,0.0,0,19.6,426.65,0,0,0,1,0,0,1,0,1,0,0,0.0,19.6,0,1,1,0,0,0.0,0.8166666666666668,20.711165048543688,1
0,1,1,23,1,1.0,0.0,1.0,0.0,1.0,1.0,0.0,1,69.5,1652.1,1,1,0,0,1,0,0,0,1,0,0,4.0,13.9,1,0,1,0,0,0.0,2.8958333333333335,23.43404255319149,1
0,0,0,12,1,1.0,0.0,0.0,0.0,0.0,0.0,0.0,0,25.0,316.2,0,0,0,1,1,0,0,0,0,1,0,1.0,12.5,0,0,0,0,1,0.0,1.9230769230769231,12.161538461538461,0
0,1,1,59,0,0.0,1.0,0.0,1.0,0.0,0.0,0.0,0,34.8,1980.3,0,1,0,0,0,1,0,0,0,0,1,2.0,11.6,0,1,0,0,0,0.0,0.58,55.31564245810056,2
1,1,0,52,1,1.0,1.0,1.0,1.0,0.0,1.0,1.0,1,109.1,5647.95,1,0,1,0,1,0,0,0,0,1,0,6.0,15.585714285714285,1,0,0,1,1,0.0,2.0584905660377357,51.298365122615806,2
0,1,0,28,1,0.0,0.0,0.0,0.0,0.0,0.0,0.0,0,20.5,563.05,1,0,0,1,1,0,0,0,0,0,1,0.0,20.5,0,0,0,0,0,0.0,0.7068965517241379,26.188372093023254,1
0,0,0,39,0,0.0,0.0,0.0,1.0,0.0,1.0,1.0,1,50.65,1905.4,1,1,0,0,1,0,0,0,1,0,0,3.0,12.6625,1,0,1,0,0,0.0,1.2662499999999999,36.89060987415296,2
0,1,1,64,0,0.0,0.0,1.0,0.0,1.0,1.0,1.0,1,54.6,3423.5,1,1,0,0,0,0,1,0,0,1,0,4.0,10.92,1,1,0,0,0,0.0,0.84,61.57374100719424,3
0,0,0,32,1,0.0,0.0,0.0,0.0,0.0,0.0,0.0,0,19.9,601.55,1,0,0,1,1,0,0,1,0,0,0,0.0,19.9,0,0,1,0,0,0.0,0.603030303030303,28.782296650717704,1
0,0,0,1,1,0.0,0.0,0.0,0.0,0.0,0.0,0.0,0,20.5,20.5,1,0,0,1,1,0,0,0,0,0,1,0.0,20.5,0,0,0,0,0,0.0,10.25,0.9534883720930233,0
0,0,0,68,1,0.0,0.0,0.0,0.0,0.0,0.0,0.0,0,20.05,1386.9,1,0,0,1,0,0,1,1,0,0,0,0.0,20.05,0,1,1,0,0,0.0,0.29057971014492756,65.88598574821853,3
0,0,1,35,1,0.0,1.0,1.0,0.0,0.0,0.0,0.0,0,55.6,2016.45,1,1,0,0,0,1,0,0,1,0,0,2.0,18.533333333333335,0,1,1,0,0,0.0,1.5444444444444445,35.62632508833922,1
0,1,1,56,1,0.0,1.0,1.0,1.0,0.0,0.0,0.0,1,61.3,3346.8,1,1,0,0,0,0,1,0,1,0,0,3.0,15.325,0,1,1,0,0,0.0,1.075438596491228,53.72070626003211,2
0,1,0,72,1,1.0,1.0,1.0,1.0,1.0,1.0,0.0,0,79.2,5401.9,1,1,0,0,0,0,1,0,1,0,0,6.0,11.314285714285715,1,1,1,0,0,0.0,1.084931506849315,67.35536159600997,3
0,0,1,72,1,0.0,0.0,0.0,0.0,0.0,0.0,0.0,0,19.9,1529.65,0,0,0,1,0,0,1,0,1,0,0,0.0,19.9,0,1,1,0,0,0.0,0.2726027397260274,73.18899521531101,3
0,1,1,72,0,0.0,1.0,0.0,1.0,0.0,1.0,1.0,1,53.8,3952.45,1,1,0,0,0,0,1,0,1,0,0,4.0,10.76,1,1,1,0,0,0.0,0.736986301369863,72.125,3
0,0,0,12,1,0.0,1.0,0.0,0.0,1.0,1.0,1.0,1,98.9,1120.95,1,0,1,0,1,0,0,1,0,0,0,4.0,19.78,1,0,1,1,0,0.0,7.607692307692308,11.22072072072072,0
0,1,0,58,0,0.0,1.0,1.0,0.0,0.0,1.0,0.0,1,45.35,2540.1,1,1,0,0,0,1,0,0,0,1,0,3.0,11.3375,1,1,0,0,0,0.0,0.7686440677966102,54.80258899676375,2
0,0,0,11,0,0.0,0.0,0.0,0.0,0.0,1.0,0.0,1,35.8,363.15,1,1,0,0,1,0,0,0,0,0,1,1.0,17.9,1,0,0,0,0,0.0,2.983333333333333,9.86820652173913,0
0,1,0,14,0,0.0,0.0,0.0,0.0,0.0,1.0,1.0,0,46.35,667.7,0,1,0,0,1,0,0,0,0,1,0,2.0,15.450000000000001,1,0,0,0,1,0.0,3.0900000000000003,14.101372756071806,1
0,1,0,2,1,0.0,0.0,0.0,1.0,0.0,0.0,0.0,0,76.4,151.8,0,0,1,0,1,0,0,0,0,1,0,1.0,38.2,0,0,0,1,1,1.0,25.46666666666667,1.9612403100775193,0
1,1,0,65,1,1.0,1.0,0.0,1.0,0.0,1.0,1.0,0,105.25,6786.4,1,0,1,0,1,0,0,1,0,0,0,5.0,17.541666666666668,1,0,1,1,0,0.0,1.5946969696969697,63.872,3
1,0,0,5,1,0.0,0.0,0.0,1.0,0.0,0.0,0.0,0,50.35,237.25,0,1,0,0,1,0,0,0,0,1,0,1.0,25.175,0,0,0,0,1,0.0,8.391666666666667,4.620253164556962,0
0,0,0,1,0,0.0,0.0,0.0,0.0,0.0,0.0,0.0,0,24.8,24.8,0,1,0,0,1,0,0,1,0,0,0,0.0,24.8,0,0,1,0,0,0.0,12.4,0.9612403100775194,0
0,0,0,13,0,0.0,1.0,0.0,0.0,1.0,1.0,0.0,1,45.55,597.0,0,1,0,0,1,0,0,0,1,0,0,3.0,11.3875,1,0,1,0,0,0.0,3.2535714285714286,12.824919441460796,1
0,0,0,5,1,0.0,0.0,0.0,0.0,0.0,0.0,1.0,0,78.75,426.35,0,0,1,0,1,0,0,0,0,0,1,1.0,39.375,1,0,0,1,0,1.0,13.125,5.346081504702195,0
0,1,0,23,1,0.0,0.0,0.0,0.0,1.0,1.0,0.0,0,60.0,1347.15,1,1,0,0,0,1,0,1,0,0,0,2.0,20.0,1,1,1,0,0,0.0,2.5,22.0844262295082,1
1,1,0,53,1,1.0,0.0,0.0,0.0,0.0,0.0,0.0,0,25.1,1275.6,1,0,0,1,0,0,1,0,1,0,0,1.0,12.55,0,1,1,0,0,0.0,0.46481481481481485,48.8735632183908,2
0,1,0,50,0,0.0,1.0,0.0,0.0,1.0,1.0,0.0,1,44.45,2188.45,0,1,0,0,0,1,0,1,0,0,0,3.0,11.1125,1,1,1,0,0,0.0,0.8715686274509804,48.15071507150714,2
0,1,0,20,1,1.0,1.0,0.0,0.0,0.0,0.0,0.0,0,82.4,1592.35,1,0,1,0,1,0,0,0,0,1,0,2.0,27.46666666666667,0,0,0,1,1,0.0,3.923809523809524,19.09292565947242,1
0,1,0,11,1,1.0,1.0,0.0,0.0,1.0,1.0,0.0,1,96.2,1222.05,1,0,1,0,1,0,0,0,1,0,0,4.0,19.240000000000002,1,0,1,1,0,0.0,8.016666666666667,12.57253086419753,0
0,1,0,56,1,1.0,0.0,0.0,0.0,0.0,1.0,0.0,1,85.6,4902.8,1,0,1,0,1,0,0,1,0,0,0,2.0,28.53333333333333,1,0,1,1,0,1.0,1.5017543859649123,56.61431870669747,2
0,0,0,4,0,0.0,0.0,0.0,1.0,0.0,0.0,0.0,1,29.65,118.5,0,1,0,0,1,0,0,0,0,1,0,1.0,14.825,0,0,0,0,1,0.0,5.93,3.866231647634584,0
0,0,0,1,1,0.0,0.0,0.0,0.0,0.0,0.0,0.0,1,70.3,70.3,0,0,1,0,1,0,0,0,0,1,0,0.0,70.3,0,0,0,1,1,1.0,35.15,0.9859747545582047,0
0,0,0,3,1,0.0,0.0,0.0,0.0,0.0,0.0,1.0,1,55.3,196.15,1,1,0,0,1,0,0,0,0,1,0,1.0,27.65,1,0,0,0,1,0.0,13.825,3.4840142095914746,0
0,1,1,56,1,1.0,1.0,1.0,0.0,1.0,0.0,1.0,1,75.85,4261.2,0,1,0,0,0,0,1,0,1,0,0,5.0,12.641666666666666,1,1,1,0,0,0.0,1.3307017543859647,55.44827586206897,2
1,1,0,32,1,1.0,0.0,1.0,1.0,0.0,0.0,1.0,1,93.5,2970.8,0,0,1,0,1,0,0,0,0,1,0,4.0,18.7,1,0,0,1,1,1.0,2.8333333333333335,31.43703703703704,1
0,0,0,26,0,0.0,1.0,0.0,0.0,1.0,1.0,1.0,0,54.55,1362.85,0,1,0,0,0,1,0,0,1,0,0,4.0,10.91,1,1,1,0,0,0.0,2.02037037037037,24.533753375337533,1
0,0,0,27,1,0.0,0.0,1.0,0.0,1.0,0.0,0.0,1,56.15,1439.35,1,1,0,0,1,0,0,0,0,0,1,2.0,18.716666666666665,0,0,0,0,0,0.0,2.0053571428571426,25.185476815398076,1
0,0,0,24,1,0.0,0.0,0.0,0.0,1.0,0.0,0.0,1,51.1,1269.6,0,1,0,0,1,0,0,0,1,0,0,1.0,25.55,0,0,1,0,0,0.0,2.044,24.368522072936656,1
0,0,0,1,0,0.0,1.0,0.0,0.0,0.0,0.0,0.0,0,29.9,29.9,1,1,0,0,1,0,0,0,0,0,1,1.0,14.95,0,0,0,0,0,0.0,14.95,0.9676375404530745,0
0,0,0,16,1,0.0,0.0,0.0,0.0,0.0,0.0,0.0,0,19.75,294.9,0,0,0,1,1,0,0,0,1,0,0,0.0,19.75,0,0,1,0,0,0.0,1.161764705882353,14.212048192771084,1
0,1,0,31,1,0.0,1.0,0.0,0.0,1.0,0.0,1.0,1,64.0,1910.75,1,1,0,0,0,1,0,0,0,1,0,3.0,16.0,1,1,0,0,0,0.0,2.0,29.396153846153847,1
0,1,1,33,1,0.0,0.0,1.0,1.0,1.0,1.0,1.0,0,82.1,2603.1,0,1,0,0,0,0,1,0,1,0,0,5.0,13.683333333333332,1,1,1,0,0,0.0,2.414705882352941,31.32490974729242,1
1,1,0,68,1,1.0,0.0,1.0,0.0,0.0,0.0,1.0,1,89.6,6127.6,1,0,1,0,1,0,0,1,0,0,0,3.0,22.4,1,0,1,1,0,1.0,1.298550724637681,67.63355408388522,3
0,1,1,41,1,1.0,0.0,1.0,1.0,1.0,1.0,1.0,1,109.1,4454.25,1,0,1,0,0,1,0,1,0,0,0,6.0,15.585714285714285,1,1,1,0,0,0.0,2.5976190476190473,40.45640326975477,2
1,1,1,14,1,1.0,0.0,0.0,0.0,0.0,1.0,1.0,1,95.8,1346.3,1,0,1,0,1,0,0,0,0,1,0,3.0,23.95,1,0,0,1,1,1.0,6.386666666666667,13.90805785123967,1
0,1,0,2,1,1.0,0.0,0.0,1.0,0.0,1.0,0.0,1,91.45,171.45,0,0,1,0,1,0,0,0,0,1,0,3.0,22.8625,1,0,0,1,1,1.0,30.483333333333334,1.8545159545700376,0
0,1,0,65,1,1.0,1.0,0.0,1.0,0.0,1.0,1.0,1,104.25,6812.95,0,0,1,0,1,0,0,0,0,1,0,5.0,17.375,1,0,0,1,1,0.0,1.5795454545454546,64.73111638954869,3
0,1,1,14,1,0.0,0.0,0.0,0.0,0.0,0.0,0.0,0,19.75,309.35,0,0,0,1,0,1,0,0,0,0,1,0.0,19.75,0,1,0,0,0,0.0,1.3166666666666667,14.90843373493976,1
0,0,0,17,0,0.0,0.0,0.0,0.0,0.0,0.0,0.0,1,25.65,440.2,0,1,0,0,1,0,0,0,0,0,1,0.0,25.65,0,0,0,0,0,0.0,1.4249999999999998,16.51782363977486,1
0,1,0,52,0,0.0,1.0,0.0,1.0,0.0,0.0,0.0,0,35.45,1958.95,1,1,0,0,0,1,0,0,0,0,1,2.0,11.816666666666668,0,1,0,0,0,0.0,0.6688679245283019,53.743484224965705,2
0,0,0,4,1,0.0,0.0,0.0,1.0,0.0,0.0,0.0,1,74.8,321.9,0,0,1,0,1,0,0,1,0,0,0,1.0,37.4,0,0,1,1,0,1.0,14.959999999999999,4.246701846965699,0
0,1,0,66,1,1.0,0.0,1.0,1.0,1.0,0.0,0.0,1,90.55,6130.95,1,0,1,0,0,1,0,1,0,0,0,4.0,18.11,0,1,1,0,0,0.0,1.3514925373134328,66.96832332058985,3
0,1,1,25,1,0.0,0.0,0.0,0.0,1.0,1.0,0.0,0,85.9,2199.05,0,0,1,0,1,0,0,0,0,1,0,2.0,28.633333333333336,1,0,0,1,1,0.0,3.303846153846154,25.305523590333717,1
0,0,0,72,1,1.0,1.0,1.0,1.0,1.0,1.0,1.0,0,88.55,6362.35,0,1,0,0,0,0,1,0,1,0,0,7.0,11.06875,1,1,1,0,0,0.0,1.213013698630137,71.04801786711334,3
1,1,0,40,1,0.0,1.0,1.0,1.0,1.0,1.0,0.0,1,98.15,4116.8,0,0,1,0,0,1,0,0,1,0,0,5.0,16.358333333333334,1,1,1,0,0,0.0,2.3939024390243904,41.52092788703984,2
0,0,0,62,1,1.0,0.0,0.0,1.0,0.0,1.0,1.0,1,96.75,6125.4,0,0,1,0,0,1,0,0,0,1,0,4.0,19.35,1,1,0,0,0,1.0,1.5357142857142858,62.663938618925826,3
0,1,1,47,1,1.0,1.0,1.0,0.0,1.0,1.0,1.0,1,85.3,4107.25,1,1,0,0,0,0,1,0,1,0,0,6.0,12.185714285714285,1,1,1,0,0,0.0,1.7770833333333333,47.592699884125146,2
0,1,1,31,1,0.0,0.0,0.0,0.0,0.0,0.0,0.0,1,20.65,702.05,0,0,0,1,1,0,0,0,0,1,0,0.0,20.65,0,0,0,0,1,0.0,0.6453125,32.42725173210162,1
0,1,1,60,0,0.0,0.0,1.0,0.0,0.0,1.0,1.0,1,49.75,3069.45,1,1,0,0,1,0,0,0,0,1,0,3.0,12.4375,1,0,0,0,1,0.0,0.8155737704918032,60.48177339901478,2
0,0,0,3,1,0.0,0.0,0.0,0.0,0.0,0.0,0.0,0,19.6,61.35,0,0,0,1,0,1,0,0,0,0,1,0.0,19.6,0,1,0,0,0,0.0,4.9,2.978155339805825,0
0,1,1,65,1,1.0,0.0,1.0,1.0,0.0,1.0,1.0,1,105.5,6985.65,1,0,1,0,1,0,0,0,0,1,0,5.0,17.583333333333332,1,0,0,1,1,1.0,1.5984848484848484,65.59295774647887,3
0,1,0,61,1,1.0,1.0,1.0,0.0,0.0,1.0,1.0,1,106.2,6375.2,0,0,1,0,1,0,0,0,0,1,0,5.0,17.7,1,0,0,1,1,0.0,1.7129032258064516,59.47014925373134,3
0,1,1,49,1,1.0,0.0,1.0,1.0,1.0,1.0,1.0,1,107.95,5293.2,1,0,1,0,0,0,1,1,0,0,0,6.0,15.421428571428573,1,1,1,0,0,0.0,2.1590000000000003,48.58375401560348,2
0,1,1,14,1,0.0,0.0,1.0,0.0,1.0,0.0,1.0,1,89.65,1208.35,1,0,1,0,1,0,0,0,1,0,0,3.0,22.4125,1,0,1,1,0,0.0,5.9766666666666675,13.329840044125756,1
0,0,0,35,1,1.0,0.0,0.0,0.0,0.0,0.0,0.0,0,75.35,2636.05,0,0,1,0,1,0,0,0,1,0,0,1.0,37.675,0,0,1,1,0,1.0,2.0930555555555554,34.52586771447283,1
0,0,0,52,1,0.0,0.0,0.0,0.0,0.0,0.0,0.0,0,21.0,1107.2,0,0,0,1,0,0,1,1,0,0,0,0.0,21.0,0,1,1,0,0,0.0,0.39622641509433965,50.32727272727273,2
0,0,0,11,1,1.0,0.0,0.0,0.0,0.0,0.0,0.0,1,76.5,837.95,1,0,1,0,1,0,0,0,0,1,0,1.0,38.25,0,0,0,1,1,1.0,6.375,10.81225806451613,0
0,0,0,25,1,0.0,1.0,1.0,0.0,1.0,1.0,1.0,1,79.0,1902.0,0,1,0,0,1,0,0,0,0,0,1,5.0,13.166666666666666,1,0,0,0,0,0.0,3.0384615384615383,23.775,1
0,1,0,6,1,0.0,0.0,0.0,0.0,1.0,0.0,0.0,1,49.15,270.8,1,1,0,0,1,0,0,0,0,1,0,1.0,24.575,0,0,0,0,1,0.0,7.021428571428571,5.399800598205384,0
0,0,0,20,1,0.0,0.0,0.0,0.0,0.0,0.0,0.0,1,19.6,356.15,0,0,0,1,1,0,0,0,1,0,0,0.0,19.6,0,0,1,0,0,0.0,0.9333333333333333,17.28883495145631,1
1,0,0,6,1,1.0,0.0,1.0,0.0,0.0,1.0,1.0,1,98.25,560.6,1,0,1,0,1,0,0,0,0,1,0,4.0,19.65,1,0,0,1,1,1.0,14.035714285714286,5.648362720403023,0
0,0,0,23,1,1.0,1.0,0.0,1.0,0.0,1.0,1.0,1,78.55,1843.05,1,1,0,0,0,1,0,0,0,1,0,5.0,13.091666666666667,1,1,0,0,0,0.0,3.2729166666666667,23.168447517284726,1
1,0,0,56,1,1.0,0.0,1.0,1.0,1.0,1.0,1.0,1,111.95,6418.9,1,0,1,0,0,1,0,0,0,1,0,6.0,15.992857142857144,1,1,0,0,0,0.0,1.9640350877192982,56.82957060646303,2
0,0,0,4,0,0.0,1.0,0.0,1.0,1.0,0.0,1.0,0,48.25,202.25,1,1,0,0,1,0,0,0,0,0,1,4.0,9.65,1,0,0,0,0,0.0,9.65,4.106598984771574,0
0,0,0,1,1,0.0,0.0,0.0,0.0,0.0,0.0,0.0,1,19.1,19.1,1,0,0,1,1,0,0,0,0,0,1,0.0,19.1,0,0,0,0,0,0.0,9.55,0.9502487562189055,0
0,0,0,1,1,0.0,0.0,0.0,0.0,0.0,0.0,0.0,0,19.95,19.95,0,0,0,1,1,0,0,0,0,0,1,0.0,19.95,0,0,0,0,0,0.0,9.975,0.9522673031026253,0
0,0,0,5,1,0.0,0.0,0.0,1.0,1.0,0.0,0.0,0,56.15,291.45,0,1,0,0,1,0,0,0,0,1,0,2.0,18.716666666666665,0,0,0,0,1,0.0,9.358333333333333,5.0997375328083985,0
0,0,0,1,1,0.0,0.0,0.0,0.0,0.0,0.0,0.0,0,20.0,20.0,0,0,0,1,1,0,0,0,0,0,1,0.0,20.0,0,0,0,0,0,0.0,10.0,0.9523809523809523,0
0,1,1,17,1,1.0,0.0,1.0,1.0,1.0,0.0,0.0,1,66.7,1077.05,0,1,0,0,1,0,0,0,0,0,1,4.0,13.34,0,0,0,0,0,0.0,3.7055555555555557,15.909158050221565,1
0,1,0,62,1,0.0,1.0,0.0,1.0,1.0,1.0,1.0,1,104.3,6613.65,1,0,1,0,0,1,0,0,0,1,0,5.0,17.383333333333333,1,1,0,0,0,0.0,1.6555555555555554,62.80769230769231,3
0,0,0,12,1,1.0,0.0,1.0,1.0,1.0,1.0,1.0,1,112.95,1384.75,0,0,1,0,1,0,0,0,0,0,1,6.0,16.135714285714286,1,0,0,1,0,0.0,8.688461538461539,12.152259763053971,0
0,0,0,14,1,0.0,0.0,0.0,0.0,0.0,0.0,0.0,1,20.05,299.3,0,0,0,1,1,0,0,0,0,1,0,0.0,20.05,0,0,0,0,1,0.0,1.3366666666666667,14.21852731591449,1
0,1,1,72,1,1.0,0.0,0.0,0.0,0.0,0.0,0.0,1,26.25,1988.05,1,0,0,1,0,0,1,1,0,0,0,1.0,13.125,0,1,1,0,0,0.0,0.3595890410958904,72.9559633027523,3
0,1,0,69,1,0.0,0.0,1.0,0.0,0.0,1.0,1.0,1,95.65,6744.2,1,0,1,0,0,1,0,0,1,0,0,3.0,23.9125,1,1,1,0,0,1.0,1.3664285714285715,69.77961717537507,3
0,1,0,70,1,1.0,0.0,1.0,1.0,1.0,1.0,1.0,1,84.8,5917.55,1,1,0,0,0,0,1,1,0,0,0,6.0,12.114285714285714,1,1,1,0,0,0.0,1.1943661971830986,68.96911421911422,3
0,1,1,52,0,0.0,1.0,0.0,1.0,0.0,0.0,1.0,0,44.25,2276.1,0,1,0,0,0,1,0,1,0,0,0,3.0,11.0625,1,1,1,0,0,0.0,0.8349056603773585,50.30055248618784,2
1,0,0,35,1,1.0,1.0,0.0,0.0,0.0,0.0,1.0,0,91.0,3180.5,0,0,1,0,1,0,0,0,1,0,0,3.0,22.75,1,0,1,1,0,0.0,2.5277777777777777,34.57065217391305,1
0,0,1,3,1,0.0,0.0,0.0,0.0,0.0,0.0,0.0,0,19.95,58.3,0,0,0,1,1,0,0,0,0,0,1,0.0,19.95,0,0,0,0,0,0.0,4.9875,2.782816229116945,0
0,1,1,72,1,1.0,0.0,1.0,0.0,1.0,1.0,1.0,1,78.95,5730.15,1,1,0,0,0,0,1,0,0,1,0,5.0,13.158333333333333,1,1,0,0,0,0.0,1.0815068493150686,71.671669793621,3
0,0,0,30,1,0.0,0.0,0.0,0.0,0.0,0.0,0.0,0,19.4,578.5,1,0,0,1,0,0,1,0,1,0,0,0.0,19.4,0,1,1,0,0,0.0,0.6258064516129032,28.357843137254903,1
0,1,1,63,1,0.0,1.0,0.0,0.0,0.0,0.0,0.0,1,50.65,3221.25,1,1,0,0,0,0,1,1,0,0,0,1.0,25.325,0,1,1,0,0,0.0,0.79140625,62.36689254598258,3
0,0,0,5,0,0.0,1.0,0.0,1.0,1.0,0.0,0.0,0,40.0,223.45,0,1,0,0,1,0,0,0,0,0,1,3.0,10.0,0,0,0,0,0,0.0,6.666666666666667,5.449999999999999,0
0,0,0,10,1,0.0,0.0,0.0,0.0,0.0,0.0,0.0,0,20.0,185.4,0,0,0,1,1,0,0,0,0,1,0,0.0,20.0,0,0,0,0,1,0.0,1.8181818181818181,8.82857142857143,0
0,1,0,25,1,0.0,0.0,0.0,1.0,0.0,0.0,0.0,1,74.6,1797.75,1,0,1,0,1,0,0,0,0,1,0,1.0,37.3,0,0,0,1,1,1.0,2.869230769230769,23.779761904761905,1
0,0,0,41,1,1.0,0.0,0.0,0.0,0.0,0.0,0.0,1,24.85,962.25,1,0,0,1,0,1,0,0,0,0,1,1.0,12.425,0,1,0,0,0,0.0,0.5916666666666667,37.22437137330754,2
0,1,1,44,1,0.0,0.0,0.0,0.0,0.0,0.0,0.0,0,20.6,926.0,0,0,0,1,0,1,0,1,0,0,0,0.0,20.6,0,1,1,0,0,0.0,0.4577777777777778,42.87037037037037,2
0,1,1,41,1,1.0,1.0,1.0,1.0,1.0,0.0,1.0,0,79.9,3326.2,1,1,0,0,1,0,0,0,1,0,0,6.0,11.414285714285715,1,0,1,0,0,0.0,1.9023809523809525,41.11495673671198,2
1,1,0,23,1,1.0,0.0,1.0,1.0,0.0,1.0,1.0,1,104.45,2184.85,0,0,1,0,1,0,0,0,0,1,0,5.0,17.408333333333335,1,0,0,1,1,1.0,4.352083333333334,20.719298245614034,1
1,1,0,20,1,0.0,0.0,0.0,0.0,0.0,1.0,1.0,1,91.0,1859.5,1,0,1,0,0,1,0,1,0,0,0,2.0,30.333333333333332,1,1,1,0,0,1.0,4.333333333333333,20.21195652173913,1
0,0,0,1,1,1.0,0.0,0.0,0.0,0.0,0.0,0.0,1,75.1,75.1,0,0,1,0,1,0,0,0,0,1,0,1.0,37.55,0,0,0,1,1,1.0,37.55,0.9868593955321945,0
0,0,0,63,1,1.0,1.0,1.0,1.0,1.0,1.0,0.0,0,104.5,6590.8,0,0,1,0,0,1,0,0,1,0,0,6.0,14.928571428571429,1,1,1,0,0,0.0,1.6328125,62.472037914691946,3
1,0,1,30,1,1.0,0.0,0.0,0.0,1.0,1.0,1.0,1,101.3,2974.5,1,0,1,0,1,0,0,0,0,1,0,4.0,20.259999999999998,1,0,0,1,1,0.0,3.267741935483871,29.076246334310852,1
1,0,0,18,1,1.0,0.0,1.0,0.0,1.0,0.0,0.0,1,85.45,1505.85,1,0,1,0,1,0,0,0,0,1,0,3.0,21.3625,0,0,0,1,1,0.0,4.497368421052632,17.41873915558126,1
0,0,0,22,1,0.0,0.0,0.0,0.0,0.0,0.0,0.0,0,20.85,450.65,1,0,0,1,0,1,0,1,0,0,0,0.0,20.85,0,1,1,0,0,0.0,0.9065217391304349,20.624713958810066,1
0,0,0,35,1,0.0,0.0,0.0,0.0,0.0,0.0,0.0,0,19.25,677.9,0,0,0,1,0,0,1,0,0,0,1,0.0,19.25,0,1,0,0,0,0.0,0.5347222222222222,33.47654320987654,1
0,1,0,56,1,0.0,1.0,1.0,1.0,0.0,1.0,1.0,1,105.6,6068.65,1,0,1,0,0,1,0,0,1,0,0,5.0,17.599999999999998,1,1,1,0,0,0.0,1.8526315789473684,56.92917448405253,2
0,1,1,68,1,0.0,1.0,0.0,0.0,1.0,1.0,1.0,1,99.55,6668.0,0,0,1,0,0,0,1,0,0,1,0,4.0,19.91,1,1,0,0,0,0.0,1.4427536231884057,66.31526603679761,3
0,0,0,27,1,0.0,1.0,1.0,0.0,0.0,0.0,0.0,1,56.7,1652.95,1,1,0,0,1,0,0,0,0,0,1,2.0,18.900000000000002,0,0,0,0,0,0.0,2.025,28.647313691507797,1
0,1,1,49,0,0.0,1.0,0.0,0.0,0.0,0.0,1.0,1,39.2,1838.15,0,1,0,0,1,0,0,0,0,1,0,2.0,13.066666666666668,1,0,0,0,1,0.0,0.784,45.72512437810945,2
0,0,1,15,1,1.0,0.0,0.0,0.0,0.0,0.0,0.0,1,24.8,324.15,0,0,0,1,1,0,0,0,0,1,0,1.0,12.4,0,0,0,0,1,0.0,1.55,12.563953488372091,1
1,0,0,5,0,0.0,0.0,0.0,1.0,1.0,1.0,0.0,0,45.4,214.75,0,1,0,0,1,0,0,0,1,0,0,3.0,11.35,1,0,1,0,0,0.0,7.566666666666666,4.6282327586206895,0
1,0,0,72,1,1.0,1.0,1.0,1.0,1.0,1.0,1.0,1,117.35,8436.25,1,0,1,0,0,0,1,0,1,0,0,7.0,14.66875,1,1,1,0,0,0.0,1.6075342465753424,71.28221377270808,3
0,0,0,1,1,0.0,0.0,0.0,0.0,0.0,0.0,0.0,0,19.2,19.2,0,0,0,1,1,0,0,0,0,1,0,0.0,19.2,0,0,0,0,1,0.0,9.6,0.9504950495049505,0
0,0,0,10,1,1.0,0.0,0.0,0.0,0.0,0.0,0.0,1,24.5,270.15,1,0,0,1,1,0,0,0,0,0,1,1.0,12.25,0,0,0,0,0,0.0,2.227272727272727,10.594117647058823,0
0,1,0,35,1,0.0,0.0,1.0,0.0,1.0,0.0,0.0,0,56.85,1861.1,1,1,0,0,1,0,0,0,0,1,0,2.0,18.95,0,0,0,0,1,0.0,1.5791666666666666,32.17113223854797,1
0,0,0,40,1,0.0,1.0,1.0,0.0,0.0,1.0,0.0,0,65.1,2586.0,1,1,0,0,1,0,0,0,0,0,1,3.0,16.275,1,0,0,0,0,0.0,1.5878048780487803,39.122541603630864,2
0,0,0,10,1,0.0,0.0,0.0,0.0,0.0,0.0,0.0,1,20.9,247.0,1,0,0,1,1,0,0,0,0,0,1,0.0,20.9,0,0,0,0,0,0.0,1.9,11.278538812785389,0
0,0,0,37,1,1.0,0.0,0.0,0.0,1.0,1.0,1.0,0,100.3,3541.4,1,0,1,0,1,0,0,0,1,0,0,4.0,20.06,1,0,1,1,0,0.0,2.639473684210526,34.959526159921026,2
1,1,0,54,0,0.0,0.0,0.0,0.0,0.0,0.0,0.0,1,24.95,1364.75,0,1,0,0,1,0,0,1,0,0,0,0.0,24.95,0,0,1,0,0,0.0,0.4536363636363636,52.591522157996145,2
0,0,0,3,1,0.0,0.0,0.0,0.0,0.0,1.0,1.0,0,90.7,237.65,0,0,1,0,1,0,0,0,0,0,1,2.0,30.233333333333334,1,0,0,1,0,1.0,22.675,2.5916030534351147,0
0,1,1,12,1,0.0,0.0,0.0,0.0,0.0,0.0,0.0,0,19.8,229.6,1,0,0,1,0,1,0,1,0,0,0,0.0,19.8,0,1,1,0,0,0.0,1.5230769230769232,11.038461538461538,0
0,0,0,53,1,0.0,0.0,0.0,0.0,0.0,0.0,0.0,0,18.7,1005.7,1,0,0,1,0,0,1,0,0,0,1,0.0,18.7,0,1,0,0,0,0.0,0.34629629629629627,51.0507614213198,2
1,1,0,71,1,0.0,0.0,1.0,1.0,0.0,1.0,1.0,1,99.2,7213.75,1,0,1,0,0,0,1,0,0,1,0,4.0,19.84,1,1,0,0,0,1.0,1.3777777777777778,71.9935129740519,3
1,0,0,1,1,0.0,0.0,0.0,0.0,0.0,0.0,0.0,1,71.65,71.65,0,0,1,0,1,0,0,0,0,1,0,0.0,71.65,0,0,0,1,1,1.0,35.825,0.9862353750860289,0
0,0,0,1,1,0.0,0.0,0.0,0.0,0.0,0.0,0.0,0,19.65,19.65,1,0,0,1,1,0,0,0,0,0,1,0.0,19.65,0,0,0,0,0,0.0,9.825,0.9515738498789347,0
0,1,0,18,0,0.0,0.0,0.0,1.0,0.0,1.0,0.0,1,39.05,669.85,1,1,0,0,1,0,0,0,0,1,0,2.0,13.016666666666666,1,0,0,0,1,0.0,2.055263157894737,16.72534332084894,1
0,0,0,5,1,0.0,0.0,1.0,0.0,0.0,0.0,0.0,1,51.35,262.3,0,1,0,0,1,0,0,0,0,1,0,1.0,25.675,0,0,0,0,1,0.0,8.558333333333334,5.010506208213945,0
0,1,0,55,1,1.0,0.0,1.0,1.0,0.0,1.0,0.0,1,94.45,5073.1,1,0,1,0,1,0,0,0,1,0,0,4.0,18.89,1,0,1,1,0,1.0,1.686607142857143,53.14929282346779,2
0,1,1,72,1,1.0,0.0,0.0,0.0,0.0,0.0,0.0,1,24.05,1709.15,1,0,0,1,0,0,1,1,0,0,0,1.0,12.025,0,1,1,0,0,0.0,0.32945205479452055,68.22954091816368,3
1,0,0,8,1,0.0,0.0,0.0,0.0,0.0,0.0,0.0,1,69.95,562.7,0,0,1,0,1,0,0,0,1,0,0,0.0,69.95,0,0,1,1,0,1.0,7.772222222222222,7.930937279774489,0
1,1,0,72,1,1.0,1.0,1.0,1.0,0.0,1.0,1.0,1,112.4,8046.85,1,0,1,0,0,0,1,0,0,1,0,6.0,16.057142857142857,1,1,0,0,0,0.0,1.5397260273972604,70.95987654320987,3
0,1,1,32,1,0.0,1.0,1.0,1.0,1.0,0.0,1.0,0,73.6,2316.85,1,1,0,0,0,0,1,0,0,0,1,5.0,12.266666666666666,1,1,0,0,0,0.0,2.23030303030303,31.05697050938338,1
0,0,0,5,1,0.0,0.0,0.0,0.0,0.0,0.0,0.0,0,19.55,99.6,1,0,0,1,0,1,0,0,0,1,0,0.0,19.55,0,1,0,0,0,0.0,3.2583333333333333,4.846715328467153,0
0,0,0,19,1,0.0,0.0,0.0,1.0,1.0,0.0,0.0,1,55.0,1046.5,0,1,0,0,1,0,0,0,1,0,0,2.0,18.333333333333332,0,0,1,0,0,0.0,2.75,18.6875,1
0,0,0,4,1,1.0,0.0,0.0,0.0,0.0,0.0,0.0,1,25.3,116.95,1,0,0,1,0,0,1,0,1,0,0,1.0,12.65,0,1,1,0,0,0.0,5.0600000000000005,4.446768060836502,0
0,1,0,12,1,0.0,0.0,0.0,0.0,0.0,0.0,0.0,0,19.8,202.25,0,0,0,1,0,1,0,1,0,0,0,0.0,19.8,0,1,1,0,0,0.0,1.5230769230769232,9.723557692307692,0
0,0,1,31,1,0.0,0.0,0.0,0.0,0.0,0.0,0.0,0,20.1,589.25,1,0,0,1,0,1,0,0,1,0,0,0.0,20.1,0,1,1,0,0,0.0,0.628125,27.926540284360186,1
0,0,0,66,1,1.0,0.0,1.0,0.0,1.0,1.0,1.0,1,104.25,6860.6,0,0,1,0,0,1,0,0,0,1,0,5.0,17.375,1,1,0,0,0,0.0,1.5559701492537314,65.18384798099763,3
1,0,0,19,1,0.0,0.0,0.0,1.0,0.0,1.0,1.0,1,95.9,1777.9,0,0,1,0,1,0,0,0,1,0,0,3.0,23.975,1,0,1,1,0,1.0,4.795,18.347781217750256,1
0,0,0,15,1,0.0,0.0,0.0,0.0,0.0,0.0,0.0,0,19.75,311.6,0,0,0,1,1,0,0,0,0,0,1,0.0,19.75,0,0,0,0,0,0.0,1.234375,15.01686746987952,1
1,0,0,59,1,1.0,0.0,1.0,0.0,0.0,0.0,0.0,1,79.2,4590.35,1,0,1,0,0,0,1,0,1,0,0,2.0,26.400000000000002,0,1,1,0,0,1.0,1.32,57.23628428927681,2
0,0,0,7,1,0.0,0.0,0.0,0.0,0.0,0.0,0.0,0,20.25,129.15,1,0,0,1,0,1,0,0,0,0,1,0.0,20.25,0,1,0,0,0,0.0,2.53125,6.07764705882353,0
0,1,1,9,1,1.0,0.0,1.0,1.0,0.0,1.0,1.0,1,102.6,897.75,0,0,1,0,1,0,0,0,1,0,0,5.0,17.099999999999998,1,0,1,1,0,1.0,10.26,8.66554054054054,0
0,0,0,33,1,0.0,0.0,0.0,0.0,0.0,0.0,0.0,0,68.25,2171.15,0,0,1,0,1,0,0,0,0,1,0,0.0,68.25,0,0,0,1,1,1.0,2.0073529411764706,31.352346570397113,1
1,1,0,30,1,1.0,0.0,1.0,0.0,0.0,1.0,0.0,1,90.05,2627.2,1,0,1,0,1,0,0,0,0,1,0,3.0,22.5125,1,0,0,1,1,1.0,2.9048387096774193,28.85447556287754,1
0,1,1,48,1,0.0,1.0,0.0,1.0,0.0,1.0,1.0,1,99.7,4977.2,1,0,1,0,0,1,0,1,0,0,0,4.0,19.94,1,1,1,0,0,0.0,2.0346938775510206,49.42601787487587,2
1,1,0,59,0,0.0,0.0,1.0,0.0,0.0,1.0,1.0,1,50.25,2997.45,0,1,0,0,1,0,0,0,0,1,0,3.0,12.5625,1,0,0,0,1,0.0,0.8375,58.48682926829268,2
0,1,1,40,0,0.0,0.0,1.0,1.0,1.0,1.0,1.0,0,60.3,2448.5,0,1,0,0,0,1,0,0,0,0,1,5.0,10.049999999999999,1,1,0,0,0,0.0,1.4707317073170731,39.94290375203915,2
0,1,0,35,1,0.0,1.0,1.0,1.0,0.0,0.0,0.0,0,61.0,2130.45,0,1,0,0,1,0,0,0,0,0,1,3.0,15.25,0,0,0,0,0,0.0,1.6944444444444444,34.362096774193546,1
1,1,0,67,1,1.0,1.0,1.0,0.0,0.0,0.0,0.0,0,83.85,5588.8,0,0,1,0,1,0,0,1,0,0,0,3.0,20.9625,0,0,1,1,0,0.0,1.2330882352941175,65.86682380671775,3
0,0,0,47,1,1.0,1.0,1.0,0.0,0.0,1.0,0.0,0,94.8,4535.85,0,0,1,0,0,1,0,1,0,0,0,4.0,18.96,1,1,1,0,0,0.0,1.9749999999999999,47.34707724425888,2
0,1,1,31,0,0.0,1.0,0.0,1.0,1.0,1.0,1.0,0,59.95,1848.8,0,1,0,0,0,1,0,0,0,1,0,5.0,9.991666666666667,1,1,0,0,0,0.0,1.8734375,30.333059885151762,1
1,1,0,66,1,1.0,0.0,1.0,0.0,0.0,1.0,1.0,1,100.8,6690.75,1,0,1,0,1,0,0,0,0,1,0,4.0,20.16,1,0,0,1,1,1.0,1.5044776119402985,65.72445972495089,3
0,0,0,1,1,1.0,0.0,0.0,0.0,0.0,0.0,0.0,1,50.45,50.45,0,1,0,0,1,0,0,0,0,1,0,1.0,25.225,0,0,0,0,1,0.0,25.225,0.9805636540330418,0
0,1,0,39,0,0.0,1.0,0.0,1.0,0.0,1.0,1.0,0,55.9,2184.35,1,1,0,0,1,0,0,0,0,1,0,4.0,11.18,1,0,0,0,1,0.0,1.3975,38.389279437609844,2
1,0,0,16,1,0.0,0.0,0.0,0.0,0.0,0.0,1.0,1,78.75,1218.25,0,0,1,0,1,0,0,0,0,1,0,1.0,39.375,1,0,0,1,1,1.0,4.632352941176471,15.275862068965518,1
0,1,1,1,1,0.0,0.0,0.0,0.0,0.0,0.0,0.0,1,19.4,19.4,1,0,0,1,1,0,0,0,0,0,1,0.0,19.4,0,0,0,0,0,0.0,9.7,0.9509803921568627,0
0,0,0,8,1,0.0,0.0,0.0,0.0,0.0,0.0,0.0,1,20.7,137.6,1,0,0,1,1,0,0,0,0,0,1,0.0,20.7,0,0,0,0,0,0.0,2.3,6.341013824884793,0
0,0,0,1,1,0.0,1.0,0.0,0.0,0.0,0.0,0.0,1,48.45,48.45,1,1,0,0,1,0,0,1,0,0,0,1.0,24.225,0,0,1,0,0,0.0,24.225,0.9797775530839231,0
0,0,0,65,1,0.0,0.0,0.0,0.0,0.0,0.0,0.0,1,19.55,1218.65,0,0,0,1,0,0,1,0,1,0,0,0.0,19.55,0,1,1,0,0,0.0,0.2962121212121212,59.30170316301703,3
0,1,0,72,1,1.0,1.0,1.0,1.0,1.0,1.0,1.0,1,113.65,8182.75,1,0,1,0,0,0,1,1,0,0,0,7.0,14.20625,1,1,1,0,0,0.0,1.5568493150684932,71.3715656345399,3
0,0,0,24,1,0.0,1.0,0.0,0.0,0.0,1.0,1.0,1,94.6,2283.15,1,0,1,0,1,0,0,0,0,1,0,3.0,23.65,1,0,0,1,1,0.0,3.784,23.88232217573222,1
0,1,0,24,1,1.0,0.0,0.0,0.0,0.0,1.0,1.0,1,93.0,2248.05,0,0,1,0,1,0,0,0,0,1,0,3.0,23.25,1,0,0,1,1,1.0,3.72,23.915425531914895,1
0,1,0,49,1,0.0,0.0,0.0,0.0,0.0,0.0,0.0,0,19.0,918.7,1,0,0,1,0,1,0,0,1,0,0,0.0,19.0,0,1,1,0,0,0.0,0.38,45.935,2
0,1,1,38,1,0.0,1.0,1.0,0.0,1.0,1.0,1.0,0,80.3,3058.65,1,1,0,0,0,1,0,0,1,0,0,5.0,13.383333333333333,1,1,1,0,0,0.0,2.0589743589743588,37.62177121771218,2
0,1,1,62,1,0.0,0.0,0.0,0.0,0.0,0.0,0.0,0,20.3,1296.15,1,0,0,1,0,0,1,1,0,0,0,0.0,20.3,0,1,1,0,0,0.0,0.32222222222222224,60.85211267605634,3
0,0,0,71,1,1.0,1.0,1.0,1.0,1.0,1.0,1.0,1,116.3,8309.55,0,0,1,0,0,1,0,1,0,0,0,7.0,14.5375,1,1,1,0,0,0.0,1.6152777777777778,70.84015345268541,3
0,1,1,72,1,1.0,1.0,1.0,0.0,0.0,1.0,0.0,1,95.1,6843.15,1,0,1,0,0,0,1,0,0,1,0,4.0,19.02,1,1,0,0,0,0.0,1.3027397260273972,71.20863683662851,3
0,0,0,3,1,0.0,0.0,0.0,0.0,0.0,1.0,0.0,0,79.25,267.6,0,0,1,0,1,0,0,0,0,1,0,1.0,39.625,1,0,0,1,1,1.0,19.8125,3.334579439252337,0
0,1,1,7,1,0.0,0.0,0.0,0.0,0.0,0.0,0.0,0,20.25,144.35,0,0,0,1,1,0,0,0,0,0,1,0.0,20.25,0,0,0,0,0,0.0,2.53125,6.792941176470588,0
0,0,0,28,1,1.0,0.0,0.0,0.0,1.0,0.0,0.0,1,54.9,1505.15,1,1,0,0,1,0,0,0,1,0,0,2.0,18.3,0,0,1,0,0,0.0,1.893103448275862,26.925760286225405,1
0,1,0,46,1,1.0,0.0,1.0,1.0,0.0,1.0,0.0,1,94.65,4312.5,0,0,1,0,0,1,0,0,0,1,0,4.0,18.93,1,1,0,0,0,1.0,2.0138297872340427,45.086251960271824,2
0,1,0,16,1,1.0,0.0,1.0,0.0,0.0,1.0,1.0,1,100.0,1534.75,1,0,1,0,1,0,0,0,0,1,0,4.0,20.0,1,0,0,1,1,1.0,5.882352941176471,15.195544554455445,1
0,1,0,53,1,0.0,0.0,0.0,0.0,1.0,1.0,1.0,1,93.45,4872.2,1,0,1,0,0,1,0,0,0,1,0,3.0,23.3625,1,1,0,0,0,0.0,1.7305555555555556,51.584965590259394,2
0,0,0,29,1,0.0,1.0,1.0,1.0,0.0,0.0,1.0,1,68.85,1970.5,1,1,0,0,1,0,0,1,0,0,0,4.0,13.77,1,0,1,0,0,0.0,2.295,28.21045096635648,1
1,0,0,5,0,0.0,0.0,1.0,0.0,0.0,0.0,0.0,0,28.45,131.05,1,1,0,0,1,0,0,0,0,1,0,1.0,14.225,0,0,0,0,1,0.0,4.741666666666666,4.449915110356537,0
0,0,0,67,1,1.0,1.0,1.0,1.0,1.0,1.0,1.0,1,88.8,5903.15,0,1,0,0,0,1,0,1,0,0,0,7.0,11.1,1,1,1,0,0,0.0,1.3058823529411765,65.73663697104676,3
0,1,1,32,1,0.0,1.0,1.0,0.0,1.0,0.0,0.0,0,61.4,1864.65,1,1,0,0,1,0,0,1,0,0,0,3.0,15.35,0,0,1,0,0,0.0,1.8606060606060606,29.88221153846154,1
0,0,0,20,1,0.0,0.0,0.0,0.0,0.0,0.0,0.0,1,19.35,433.75,1,0,0,1,0,1,0,0,1,0,0,0.0,19.35,0,1,1,0,0,0.0,0.9214285714285715,21.314496314496314,1
0,0,0,4,1,0.0,0.0,1.0,0.0,1.0,1.0,0.0,1,63.75,226.2,0,1,0,0,1,0,0,1,0,0,0,3.0,15.9375,1,0,1,0,0,0.0,12.75,3.4934362934362935,0
1,1,0,37,1,0.0,0.0,0.0,0.0,0.0,0.0,0.0,0,19.6,727.8,1,0,0,1,0,1,0,0,0,0,1,0.0,19.6,0,1,0,0,0,0.0,0.5157894736842106,35.33009708737863,2
0,0,0,22,1,0.0,0.0,0.0,0.0,0.0,0.0,0.0,1,20.05,470.2,1,0,0,1,1,0,0,0,0,0,1,0.0,20.05,0,0,0,0,0,0.0,0.8717391304347827,22.33729216152019,1
0,0,0,20,1,1.0,1.0,0.0,0.0,0.0,1.0,0.0,1,89.1,1879.25,1,0,1,0,1,0,0,1,0,0,0,3.0,22.275,1,0,1,1,0,0.0,4.242857142857143,20.85738068812431,1
1,1,0,31,1,1.0,0.0,0.0,0.0,0.0,0.0,1.0,1,84.85,2633.4,1,0,1,0,1,0,0,0,0,1,0,2.0,28.28333333333333,1,0,0,1,1,1.0,2.6515625,30.674432149097267,1
1,0,0,14,1,1.0,0.0,0.0,0.0,0.0,1.0,1.0,1,95.6,1273.3,0,0,1,0,1,0,0,0,0,1,0,3.0,23.9,1,0,0,1,1,1.0,6.373333333333333,13.181159420289855,1
0,1,0,9,0,0.0,0.0,0.0,1.0,0.0,1.0,1.0,1,48.75,442.2,1,1,0,0,1,0,0,0,0,1,0,3.0,12.1875,1,0,0,0,1,0.0,4.875,8.888442211055276,0
1,1,1,66,1,1.0,1.0,1.0,0.0,1.0,1.0,1.0,1,110.6,7210.85,1,0,1,0,0,1,0,0,1,0,0,6.0,15.799999999999999,1,1,1,0,0,0.0,1.6507462686567163,64.61335125448029,3
0,0,0,29,1,1.0,0.0,0.0,0.0,0.0,0.0,0.0,1,74.2,1993.25,1,0,1,0,1,0,0,0,0,1,0,1.0,37.1,0,0,0,1,1,1.0,2.4733333333333336,26.50598404255319,1
0,1,0,61,1,1.0,0.0,1.0,0.0,1.0,0.0,1.0,1,94.35,5703.0,1,0,1,0,0,0,1,1,0,0,0,4.0,18.869999999999997,1,1,1,0,0,0.0,1.521774193548387,59.81122181436812,3
0,1,1,67,1,1.0,1.0,0.0,1.0,0.0,1.0,1.0,1,79.7,5293.4,0,1,0,0,0,0,1,0,0,1,0,5.0,13.283333333333333,1,1,0,0,0,0.0,1.1720588235294118,65.59355638166046,3
0,1,0,71,1,0.0,0.0,0.0,0.0,0.0,0.0,0.0,1,20.9,1493.2,1,0,0,1,0,0,1,1,0,0,0,0.0,20.9,0,1,1,0,0,0.0,0.29027777777777775,68.18264840182648,3
1,1,0,70,1,1.0,1.0,0.0,0.0,0.0,0.0,1.0,1,90.85,6470.1,1,0,1,0,1,0,0,0,0,1,0,3.0,22.7125,1,0,0,1,1,0.0,1.2795774647887324,70.44202504082745,3
0,0,0,26,1,0.0,0.0,1.0,1.0,0.0,0.0,0.0,1,54.75,1406.9,1,1,0,0,1,0,0,0,1,0,0,2.0,18.25,0,0,1,0,0,0.0,2.0277777777777777,25.235874439461885,1
1,0,0,13,1,1.0,0.0,0.0,0.0,0.0,0.0,1.0,1,82.0,1127.2,1,0,1,0,1,0,0,0,0,1,0,2.0,27.333333333333332,1,0,0,1,1,1.0,5.857142857142857,13.580722891566266,1
0,1,1,70,1,0.0,0.0,0.0,0.0,0.0,0.0,0.0,1,20.15,1411.2,1,0,0,1,0,0,1,0,1,0,0,0.0,20.15,0,1,1,0,0,0.0,0.2838028169014084,66.72340425531915,3
0,0,0,2,1,0.0,0.0,1.0,0.0,0.0,1.0,0.0,1,87.15,183.75,1,0,1,0,1,0,0,1,0,0,0,2.0,29.05,1,0,1,1,0,1.0,29.05,2.0845150311968235,0
0,1,0,72,1,1.0,0.0,1.0,1.0,1.0,1.0,1.0,1,108.5,8003.8,1,0,1,0,0,1,0,1,0,0,0,6.0,15.5,1,1,1,0,0,0.0,1.4863013698630136,73.09406392694063,3
0,1,1,19,0,0.0,1.0,1.0,0.0,0.0,0.0,0.0,1,34.95,610.2,0,1,0,0,1,0,0,0,0,0,1,2.0,11.65,0,0,0,0,0,0.0,1.7475,16.97357440890125,1
0,0,0,54,1,0.0,1.0,0.0,1.0,1.0,1.0,1.0,0,80.6,4299.95,1,1,0,0,0,0,1,0,0,1,0,5.0,13.433333333333332,1,1,0,0,0,0.0,1.4654545454545453,52.69546568627451,2
0,0,0,5,0,0.0,0.0,0.0,0.0,0.0,0.0,0.0,0,24.3,100.2,0,1,0,0,1,0,0,0,0,0,1,0.0,24.3,0,0,0,0,0,0.0,4.05,3.960474308300395,0
0,0,1,1,1,0.0,0.0,0.0,0.0,0.0,0.0,0.0,1,69.65,69.65,1,0,1,0,1,0,0,0,0,1,0,0.0,69.65,0,0,0,1,1,1.0,34.825,0.9858457183297947,0
1,1,1,68,0,0.0,0.0,1.0,1.0,0.0,1.0,1.0,1,53.0,3656.25,1,1,0,0,0,0,1,0,0,1,0,4.0,10.6,1,1,0,0,0,0.0,0.7681159420289855,67.70833333333333,3
0,1,1,6,1,0.0,0.0,0.0,0.0,0.0,1.0,0.0,0,54.85,355.1,1,1,0,0,1,0,0,0,0,1,0,1.0,27.425,1,0,0,0,1,0.0,7.835714285714286,6.35810205908684,0
0,1,1,14,1,1.0,0.0,0.0,0.0,1.0,1.0,0.0,1,91.65,1301.0,1,0,1,0,1,0,0,0,0,1,0,3.0,22.9125,1,0,0,1,1,0.0,6.11,14.042093901780895,1
0,1,1,9,1,0.0,0.0,0.0,0.0,0.0,0.0,0.0,0,20.25,172.35,1,0,0,1,0,1,0,0,0,0,1,0.0,20.25,0,1,0,0,0,0.0,2.025,8.110588235294117,0
0,1,1,12,1,0.0,0.0,0.0,0.0,0.0,0.0,0.0,0,20.5,255.5,0,0,0,1,1,0,0,0,0,0,1,0.0,20.5,0,0,0,0,0,0.0,1.5769230769230769,11.883720930232558,0
0,0,0,45,1,1.0,1.0,0.0,1.0,1.0,1.0,1.0,1,108.45,4964.7,0,0,1,0,1,0,0,0,1,0,0,6.0,15.492857142857144,1,0,1,1,0,0.0,2.357608695652174,45.36043855641845,2
1,1,0,24,1,0.0,0.0,0.0,1.0,0.0,1.0,1.0,1,93.15,2231.05,0,0,1,0,1,0,0,0,0,1,0,3.0,23.2875,1,0,0,1,1,1.0,3.7260000000000004,23.69676048858205,1
0,0,0,3,1,1.0,0.0,0.0,0.0,0.0,0.0,0.0,0,76.1,257.6,1,0,1,0,1,0,0,0,0,1,0,1.0,38.05,0,0,0,1,1,1.0,19.025,3.341115434500649,0
0,1,0,72,1,1.0,1.0,0.0,1.0,1.0,1.0,1.0,1,84.4,6096.45,1,1,0,0,0,0,1,0,1,0,0,6.0,12.057142857142859,1,1,1,0,0,0.0,1.156164383561644,71.38700234192036,3
0,0,0,3,0,0.0,0.0,0.0,0.0,1.0,0.0,0.0,1,29.75,96.85,0,1,0,0,1,0,0,0,0,1,0,1.0,14.875,0,0,0,0,1,0.0,7.4375,3.149593495934959,0
1,1,0,31,1,1.0,0.0,0.0,1.0,0.0,1.0,0.0,1,90.7,2835.5,1,0,1,0,0,1,0,0,0,1,0,3.0,22.675,1,1,0,0,0,1.0,2.834375,30.921483097055614,1
0,0,0,7,1,0.0,0.0,0.0,0.0,0.0,0.0,0.0,0,19.3,144.95,1,0,0,1,1,0,0,0,0,0,1,0.0,19.3,0,0,0,0,0,0.0,2.4125,7.14039408866995,0
1,0,0,24,1,1.0,0.0,1.0,0.0,0.0,1.0,1.0,1,101.25,2440.15,0,0,1,0,1,0,0,0,0,1,0,4.0,20.25,1,0,0,1,1,1.0,4.05,23.864547677261616,1
0,0,0,1,1,0.0,0.0,0.0,0.0,0.0,0.0,0.0,1,19.4,19.4,1,0,0,1,1,0,0,0,0,0,1,0.0,19.4,0,0,0,0,0,0.0,9.7,0.9509803921568627,0
0,1,0,34,1,0.0,0.0,0.0,0.0,0.0,0.0,0.0,0,20.05,679.0,0,0,0,1,0,0,1,0,1,0,0,0.0,20.05,0,1,1,0,0,0.0,0.5728571428571428,32.25653206650831,1
0,0,0,1,0,0.0,0.0,0.0,0.0,0.0,1.0,0.0,1,34.7,34.7,1,1,0,0,1,0,0,0,0,1,0,1.0,17.35,1,0,0,0,1,0.0,17.35,0.9719887955182073,0
0,1,1,61,1,1.0,0.0,0.0,1.0,1.0,1.0,1.0,1,81.0,4976.15,0,1,0,0,0,0,1,1,0,0,0,5.0,13.5,1,1,1,0,0,0.0,1.3064516129032258,60.68475609756097,3
0,0,0,4,1,0.0,0.0,0.0,0.0,0.0,0.0,0.0,1,45.3,196.95,1,1,0,0,1,0,0,0,0,0,1,0.0,45.3,0,0,0,0,0,0.0,9.059999999999999,4.25377969762419,0
0,0,1,4,1,0.0,0.0,0.0,0.0,0.0,0.0,0.0,0,20.4,94.5,1,0,0,1,1,0,0,0,1,0,0,0.0,20.4,0,0,1,0,0,0.0,4.08,4.41588785046729,0
0,1,1,56,1,1.0,0.0,0.0,1.0,1.0,1.0,1.0,1,103.2,5873.75,0,0,1,0,0,0,1,0,0,1,0,5.0,17.2,1,1,0,0,0,0.0,1.8105263157894738,56.369961612284065,2
0,1,1,63,1,0.0,1.0,1.0,1.0,1.0,1.0,0.0,0,74.5,4674.55,0,1,0,0,0,0,1,0,1,0,0,5.0,12.416666666666666,1,1,1,0,0,0.0,1.1640625,61.91456953642384,3
0,0,1,12,1,1.0,0.0,0.0,0.0,0.0,1.0,0.0,1,84.05,966.55,1,0,1,0,1,0,0,0,0,1,0,2.0,28.016666666666666,1,0,0,1,1,1.0,6.4653846153846155,11.364491475602586,0
0,0,0,18,1,0.0,0.0,0.0,0.0,0.0,0.0,0.0,0,19.65,391.7,1,0,0,1,1,0,0,0,0,0,1,0.0,19.65,0,0,0,0,0,0.0,1.0342105263157895,18.968523002421307,1
1,0,0,56,1,1.0,1.0,1.0,1.0,0.0,1.0,1.0,0,110.5,6139.5,1,0,1,0,0,1,0,0,0,1,0,6.0,15.785714285714286,1,1,0,0,0,0.0,1.9385964912280702,55.062780269058294,2
1,0,0,23,1,0.0,0.0,1.0,0.0,0.0,1.0,1.0,1,94.75,2293.6,1,0,1,0,1,0,0,0,0,1,0,3.0,23.6875,1,0,0,1,1,1.0,3.9479166666666665,23.95404699738903,1
0,1,1,71,1,1.0,0.0,0.0,0.0,0.0,0.0,0.0,0,25.35,1847.55,0,0,0,1,0,0,1,0,1,0,0,1.0,12.675,0,1,1,0,0,0.0,0.35208333333333336,70.11574952561669,3
0,0,0,1,1,0.0,0.0,0.0,0.0,0.0,0.0,0.0,0,19.65,19.65,1,0,0,1,1,0,0,0,0,0,1,0.0,19.65,0,0,0,0,0,0.0,9.825,0.9515738498789347,0
1,0,0,8,1,0.0,0.0,1.0,0.0,0.0,1.0,0.0,1,87.1,713.6,1,0,1,0,1,0,0,0,0,1,0,2.0,29.03333333333333,1,0,0,1,1,1.0,9.677777777777777,8.099886492622021,0
0,1,1,70,1,0.0,1.0,0.0,0.0,1.0,1.0,1.0,0,75.35,5437.75,1,1,0,0,0,0,1,0,1,0,0,4.0,15.069999999999999,1,1,1,0,0,0.0,1.0612676056338028,71.22134905042567,3
1,0,0,32,1,0.0,0.0,0.0,0.0,0.0,1.0,1.0,0,90.95,2897.95,1,0,1,0,1,0,0,0,0,1,0,2.0,30.316666666666666,1,0,0,1,1,1.0,2.7560606060606063,31.51658510059815,1
0,0,0,69,1,1.0,0.0,0.0,1.0,1.0,1.0,1.0,0,104.0,7028.5,1,0,1,0,0,0,1,0,0,1,0,5.0,17.333333333333332,1,1,0,0,0,0.0,1.4857142857142858,66.93809523809524,3
0,0,0,47,1,1.0,1.0,0.0,1.0,1.0,0.0,0.0,1,65.0,2879.9,1,1,0,0,0,0,1,0,0,0,1,4.0,13.0,0,1,0,0,0,0.0,1.3541666666666667,43.63484848484848,2
0,1,0,14,1,1.0,0.0,0.0,0.0,0.0,1.0,0.0,1,86.1,1235.55,0,0,1,0,1,0,0,0,0,1,0,2.0,28.7,1,0,0,1,1,1.0,5.739999999999999,14.185419058553387,1
0,0,0,11,1,0.0,0.0,0.0,0.0,0.0,0.0,0.0,0,20.3,246.3,1,0,0,1,1,0,0,1,0,0,0,0.0,20.3,0,0,1,0,0,0.0,1.6916666666666667,11.563380281690142,0
0,1,0,16,0,0.0,0.0,0.0,0.0,1.0,1.0,1.0,1,49.95,810.2,1,1,0,0,1,0,0,0,0,1,0,3.0,12.4875,1,0,0,0,1,0.0,2.9382352941176473,15.901864573110894,1
1,1,0,72,1,1.0,1.0,1.0,1.0,0.0,1.0,1.0,1,84.1,5981.65,0,1,0,0,0,0,1,0,1,0,0,6.0,12.014285714285714,1,1,1,0,0,0.0,1.152054794520548,70.28965922444183,3
0,1,0,47,1,1.0,0.0,1.0,1.0,0.0,1.0,1.0,1,104.1,5135.15,0,0,1,0,1,0,0,0,0,1,0,5.0,17.349999999999998,1,0,0,1,1,1.0,2.1687499999999997,48.85965746907707,2
0,1,0,33,1,0.0,0.0,0.0,0.0,1.0,0.0,0.0,1,51.45,1758.9,1,1,0,0,0,1,0,0,0,0,1,1.0,25.725,0,1,0,0,0,0.0,1.5132352941176472,33.534795042898,1
0,1,1,46,1,0.0,0.0,0.0,0.0,0.0,0.0,0.0,1,20.1,936.85,0,0,0,1,0,0,1,0,0,0,1,0.0,20.1,0,1,0,0,0,0.0,0.4276595744680851,44.40047393364929,2
0,1,1,13,1,0.0,0.0,0.0,0.0,0.0,0.0,0.0,0,44.8,559.2,0,1,0,0,1,0,0,1,0,0,0,0.0,44.8,0,0,1,0,0,0.0,3.1999999999999997,12.209606986899566,1
0,1,1,35,1,0.0,1.0,0.0,1.0,1.0,1.0,1.0,1,106.9,3756.45,1,0,1,0,1,0,0,0,0,1,0,5.0,17.816666666666666,1,0,0,1,1,0.0,2.9694444444444446,34.8141797961075,1
0,1,0,8,1,0.0,0.0,0.0,0.0,0.0,0.0,0.0,0,20.15,156.25,1,0,0,1,1,0,0,1,0,0,0,0.0,20.15,0,0,1,0,0,0.0,2.238888888888889,7.387706855791962,0
0,1,0,5,1,1.0,0.0,0.0,1.0,1.0,1.0,0.0,0,67.95,350.3,1,1,0,0,1,0,0,1,0,0,0,4.0,13.59,1,0,1,0,0,0.0,11.325000000000001,5.080493110949964,0
1,1,0,56,1,0.0,1.0,1.0,1.0,1.0,1.0,1.0,1,85.65,4824.45,0,1,0,0,0,0,1,1,0,0,0,6.0,12.235714285714286,1,1,1,0,0,0.0,1.5026315789473685,55.67743796884015,2
0,1,0,63,1,1.0,0.0,1.0,1.0,1.0,1.0,1.0,1,108.75,6871.7,1,0,1,0,1,0,0,0,0,1,0,6.0,15.535714285714286,1,0,0,1,1,0.0,1.69921875,62.612300683371295,3
0,0,0,9,1,1.0,0.0,0.0,0.0,0.0,0.0,0.0,1,75.85,724.65,0,0,1,0,1,0,0,0,0,1,0,1.0,37.925,0,0,0,1,1,1.0,7.584999999999999,9.429407937540663,0
0,1,1,65,1,1.0,0.0,1.0,1.0,1.0,1.0,1.0,1,110.8,7245.9,1,0,1,0,0,0,1,0,1,0,0,6.0,15.828571428571427,1,1,1,0,0,0.0,1.6787878787878787,64.81127012522361,3
0,1,0,21,1,1.0,0.0,1.0,1.0,1.0,1.0,1.0,1,111.2,2317.1,0,0,1,0,1,0,0,0,0,1,0,6.0,15.885714285714286,1,0,0,1,1,0.0,5.054545454545455,20.65151515151515,1
0,0,0,43,1,0.0,0.0,1.0,1.0,0.0,1.0,0.0,1,91.65,3954.1,1,0,1,0,1,0,0,0,0,1,0,3.0,22.9125,1,0,0,1,1,1.0,2.0829545454545455,42.67781975175391,2
0,1,1,62,1,0.0,1.0,1.0,1.0,1.0,1.0,1.0,0,108.15,6825.65,0,0,1,0,0,0,1,0,0,0,1,6.0,15.450000000000001,1,1,0,0,0,0.0,1.7166666666666668,62.53458543289051,3
0,0,0,53,1,0.0,0.0,0.0,1.0,0.0,0.0,1.0,1,61.1,3357.9,0,1,0,0,0,1,0,0,0,1,0,2.0,20.366666666666667,1,1,0,0,0,0.0,1.1314814814814815,54.072463768115945,2
1,1,0,43,1,1.0,0.0,1.0,0.0,1.0,1.0,0.0,1,94.3,3953.15,0,0,1,0,1,0,0,0,0,1,0,4.0,18.86,1,0,0,1,1,0.0,2.143181818181818,41.48111227701994,2
1,1,0,48,1,0.0,0.0,0.0,0.0,0.0,0.0,0.0,1,70.65,3545.05,1,0,1,0,1,0,0,1,0,0,0,0.0,70.65,0,0,1,1,0,1.0,1.4418367346938776,49.47732030704815,2
1,0,0,10,1,0.0,0.0,0.0,1.0,0.0,0.0,1.0,1,84.6,865.55,1,0,1,0,1,0,0,0,1,0,0,2.0,28.2,1,0,1,1,0,1.0,7.6909090909090905,10.111565420560748,0
0,1,0,42,1,0.0,0.0,0.0,0.0,0.0,0.0,0.0,0,20.35,869.9,1,0,0,1,1,0,0,0,1,0,0,0.0,20.35,0,0,1,0,0,0.0,0.4732558139534884,40.7447306791569,2
0,1,0,47,1,0.0,0.0,0.0,0.0,0.0,0.0,0.0,0,19.65,921.55,1,0,0,1,0,0,1,1,0,0,0,0.0,19.65,0,1,1,0,0,0.0,0.409375,44.6271186440678,2
0,1,1,40,1,0.0,0.0,0.0,0.0,0.0,0.0,0.0,0,20.15,777.35,1,0,0,1,0,0,1,1,0,0,0,0.0,20.15,0,1,1,0,0,0.0,0.49146341463414633,36.75413711583925,2
1,0,0,1,1,1.0,0.0,0.0,0.0,0.0,1.0,1.0,1,93.55,93.55,0,0,1,0,1,0,0,0,0,1,0,3.0,23.3875,1,0,0,1,1,1.0,46.775,0.9894235854045479,0
0,1,1,68,1,1.0,0.0,1.0,1.0,0.0,0.0,0.0,1,84.4,5746.75,1,0,1,0,0,0,1,0,1,0,0,3.0,21.1,0,1,1,0,0,1.0,1.2231884057971016,67.29215456674473,3
0,1,1,56,1,1.0,1.0,1.0,1.0,1.0,1.0,0.0,0,81.25,4620.4,1,1,0,0,0,0,1,0,1,0,0,6.0,11.607142857142858,1,1,1,0,0,0.0,1.4254385964912282,56.17507598784194,2
0,1,1,17,1,0.0,0.0,0.0,0.0,0.0,0.0,0.0,0,19.9,329.75,0,0,0,1,0,1,0,1,0,0,0,0.0,19.9,0,1,1,0,0,0.0,1.1055555555555554,15.777511961722489,1
1,0,0,52,0,0.0,0.0,1.0,1.0,1.0,1.0,0.0,1,50.5,2566.3,1,1,0,0,1,0,0,0,0,1,0,4.0,10.1,1,0,0,0,1,0.0,0.9528301886792453,49.831067961165054,2
1,1,0,72,1,1.0,0.0,1.0,1.0,1.0,1.0,1.0,1,111.65,8022.85,0,0,1,0,0,0,1,1,0,0,0,6.0,15.950000000000001,1,1,1,0,0,0.0,1.5294520547945207,71.21926320461607,3
0,0,0,32,1,0.0,0.0,0.0,0.0,0.0,0.0,0.0,0,19.8,607.7,0,0,0,1,0,1,0,0,0,0,1,0.0,19.8,0,1,0,0,0,0.0,0.6,29.216346153846153,1
0,0,0,8,1,0.0,0.0,1.0,0.0,1.0,1.0,0.0,1,66.65,520.95,0,1,0,0,1,0,0,0,0,1,0,3.0,16.6625,1,0,0,0,1,0.0,7.405555555555556,7.700665188470067,0
0,1,1,49,1,0.0,0.0,1.0,1.0,0.0,1.0,1.0,0,78.0,3824.2,1,1,0,0,0,1,0,0,1,0,0,4.0,15.6,1,1,1,0,0,0.0,1.56,48.40759493670886,2
0,0,0,2,1,0.0,0.0,0.0,0.0,0.0,0.0,0.0,0,20.75,44.2,0,0,0,1,1,0,0,0,0,0,1,0.0,20.75,0,0,0,0,0,0.0,6.916666666666667,2.032183908045977,0
0,0,1,33,1,0.0,0.0,0.0,0.0,0.0,0.0,0.0,1,20.15,682.15,0,0,0,1,0,1,0,0,0,0,1,0.0,20.15,0,1,0,0,0,0.0,0.5926470588235294,32.25295508274232,1
1,0,0,29,1,0.0,0.0,1.0,1.0,0.0,1.0,1.0,1,101.45,2948.6,0,0,1,0,1,0,0,1,0,0,0,4.0,20.29,1,0,1,1,0,1.0,3.381666666666667,28.780868716447046,1
0,1,0,70,1,1.0,0.0,0.0,0.0,0.0,0.0,0.0,0,25.15,1940.85,0,0,0,1,0,0,1,1,0,0,0,1.0,12.575,0,1,1,0,0,0.0,0.35422535211267603,74.21988527724666,3
0,1,1,48,1,0.0,0.0,1.0,1.0,0.0,0.0,0.0,1,55.8,2651.2,0,1,0,0,0,1,0,0,1,0,0,2.0,18.599999999999998,0,1,1,0,0,0.0,1.1387755102040815,46.67605633802817,2
0,0,0,27,1,0.0,0.0,0.0,0.0,0.0,0.0,0.0,0,19.15,501.35,1,0,0,1,0,1,0,0,0,0,1,0.0,19.15,0,1,0,0,0,0.0,0.6839285714285713,24.880893300248143,1
1,1,1,28,1,1.0,0.0,0.0,0.0,0.0,0.0,0.0,1,51.0,1381.8,0,1,0,0,0,1,0,0,0,1,0,1.0,25.5,0,1,0,0,0,0.0,1.7586206896551724,26.573076923076922,1
0,0,0,21,1,1.0,0.0,0.0,0.0,0.0,0.0,1.0,1,84.1,1737.45,0,0,1,0,1,0,0,0,0,1,0,2.0,28.03333333333333,1,0,0,1,1,1.0,3.8227272727272723,20.416568742655702,1
0,0,0,39,1,1.0,0.0,0.0,0.0,1.0,0.0,0.0,1,53.85,2200.7,0,1,0,0,0,0,1,0,1,0,0,2.0,17.95,0,1,1,0,0,0.0,1.34625,40.12215132178669,2
0,1,0,10,1,0.0,0.0,1.0,0.0,1.0,1.0,1.0,1,99.85,990.9,0,0,1,0,1,0,0,0,0,1,0,4.0,19.97,1,0,0,1,1,0.0,9.077272727272726,9.825483391175013,0
0,0,0,21,1,0.0,1.0,0.0,1.0,0.0,1.0,0.0,0,65.35,1424.4,0,1,0,0,1,0,0,1,0,0,0,3.0,16.3375,1,0,1,0,0,0.0,2.9704545454545452,21.46797287113791,1
0,0,0,14,0,0.0,0.0,0.0,1.0,0.0,1.0,1.0,1,50.75,712.75,0,1,0,0,1,0,0,0,0,1,0,3.0,12.6875,1,0,0,0,1,0.0,3.3833333333333333,13.772946859903382,1
0,1,0,28,1,0.0,1.0,1.0,0.0,1.0,0.0,0.0,0,60.9,1785.65,0,1,0,0,1,0,0,0,0,0,1,3.0,15.225,0,0,0,0,0,0.0,2.1,28.847334410339258,1
0,0,0,43,1,1.0,1.0,1.0,1.0,1.0,1.0,1.0,0,115.05,4895.1,1,0,1,0,0,0,1,0,1,0,0,7.0,14.38125,1,1,1,0,0,0.0,2.6147727272727272,42.18095648427403,2
0,0,1,2,1,1.0,1.0,1.0,0.0,0.0,0.0,0.0,0,60.95,134.6,0,1,0,0,1,0,0,1,0,0,0,3.0,15.2375,0,0,1,0,0,0.0,20.316666666666666,2.1727199354318,0
0,0,0,4,1,0.0,0.0,0.0,0.0,0.0,0.0,1.0,1,79.9,324.3,0,0,1,0,1,0,0,0,0,1,0,1.0,39.95,1,0,0,1,1,1.0,15.98,4.008652657601978,0
0,1,1,27,0,0.0,0.0,1.0,1.0,0.0,0.0,1.0,1,45.85,1246.4,0,1,0,0,0,1,0,0,1,0,0,3.0,11.4625,1,1,1,0,0,0.0,1.6375,26.604055496264674,1
0,0,0,1,1,0.0,0.0,0.0,0.0,0.0,0.0,0.0,0,19.5,19.5,1,0,0,1,1,0,0,0,0,0,1,0.0,19.5,0,0,0,0,0,0.0,9.75,0.9512195121951219,0
0,0,0,72,1,1.0,1.0,1.0,1.0,1.0,1.0,1.0,1,116.45,8013.55,1,0,1,0,0,0,1,1,0,0,0,7.0,14.55625,1,1,1,0,0,0.0,1.595205479452055,68.22945934440187,3
0,0,0,15,1,1.0,1.0,0.0,0.0,0.0,0.0,1.0,1,64.65,994.55,1,1,0,0,1,0,0,1,0,0,0,3.0,16.1625,1,0,1,0,0,0.0,4.040625,15.149276466108148,1
0,1,1,35,1,1.0,0.0,0.0,0.0,1.0,1.0,1.0,1,73.45,2661.1,0,1,0,0,0,1,0,1,0,0,0,4.0,14.690000000000001,1,1,1,0,0,0.0,2.040277777777778,35.74345198119543,1
0,1,1,27,1,1.0,0.0,1.0,0.0,1.0,0.0,0.0,1,85.2,2151.6,0,0,1,0,1,0,0,0,1,0,0,3.0,21.3,0,0,1,1,0,0.0,3.042857142857143,24.96055684454756,1
0,1,1,53,0,0.0,1.0,1.0,1.0,0.0,0.0,1.0,1,48.7,2495.2,1,1,0,0,1,0,0,1,0,0,0,4.0,9.74,1,0,1,0,0,0.0,0.9018518518518519,50.20523138832997,2
0,1,1,37,1,0.0,1.0,1.0,0.0,0.0,1.0,1.0,0,75.1,2658.8,1,1,0,0,0,1,0,1,0,0,0,4.0,15.02,1,1,1,0,0,0.0,1.976315789473684,34.93823915900132,2
0,1,0,1,0,0.0,0.0,0.0,1.0,0.0,1.0,1.0,1,50.35,50.35,0,1,0,0,1,0,0,0,0,1,0,3.0,12.5875,1,0,0,0,1,0.0,25.175,0.9805258033106135,0
0,0,0,1,1,1.0,0.0,0.0,0.0,0.0,0.0,0.0,1,75.1,75.1,1,0,1,0,1,0,0,0,0,1,0,1.0,37.55,0,0,0,1,1,1.0,37.55,0.9868593955321945,0
0,0,0,38,1,0.0,1.0,1.0,1.0,0.0,0.0,0.0,1,83.9,3233.6,1,0,1,0,1,0,0,0,1,0,0,3.0,20.975,0,0,1,1,0,0.0,2.1512820512820516,38.0871613663133,2
0,0,0,1,1,1.0,0.0,1.0,0.0,0.0,1.0,1.0,1,100.25,100.25,1,0,1,0,1,0,0,0,1,0,0,4.0,20.05,1,0,1,1,0,1.0,50.125,0.9901234567901235,0
0,0,0,72,1,1.0,0.0,1.0,1.0,1.0,1.0,1.0,0,109.2,7878.3,0,0,1,0,0,0,1,1,0,0,0,6.0,15.6,1,1,1,0,0,0.0,1.4958904109589042,71.49092558983666,3
0,1,1,52,1,0.0,1.0,0.0,1.0,0.0,1.0,1.0,0,100.3,5244.45,1,0,1,0,0,1,0,0,0,1,0,4.0,20.06,1,1,0,0,0,0.0,1.8924528301886792,51.77147087857848,2
0,1,1,11,1,0.0,0.0,0.0,0.0,0.0,1.0,0.0,1,79.5,868.5,0,0,1,0,1,0,0,1,0,0,0,1.0,39.75,1,0,1,1,0,1.0,6.625,10.788819875776397,0
1,0,0,62,1,1.0,0.0,0.0,0.0,0.0,1.0,0.0,0,84.45,4959.15,1,0,1,0,0,1,0,0,0,1,0,2.0,28.150000000000002,1,1,0,0,0,1.0,1.3404761904761906,58.03569338794616,3
0,1,1,1,1,0.0,0.0,0.0,0.0,0.0,0.0,0.0,0,19.9,19.9,0,0,0,1,1,0,0,0,0,0,1,0.0,19.9,0,0,0,0,0,0.0,9.95,0.9521531100478469,0
0,1,1,52,1,1.0,0.0,0.0,1.0,0.0,1.0,1.0,0,101.25,5301.1,1,0,1,0,0,1,0,1,0,0,0,4.0,20.25,1,1,1,0,0,1.0,1.9103773584905661,51.84449877750612,2
0,1,1,40,1,1.0,1.0,1.0,0.0,1.0,1.0,1.0,1,110.1,4469.1,0,0,1,0,1,0,0,0,1,0,0,6.0,15.728571428571428,1,0,1,1,0,0.0,2.6853658536585363,40.22592259225923,2
0,1,1,52,1,0.0,0.0,0.0,0.0,0.0,0.0,0.0,0,19.6,1012.4,1,0,0,1,0,1,0,0,1,0,0,0.0,19.6,0,1,1,0,0,0.0,0.369811320754717,49.14563106796116,2
0,1,0,67,1,1.0,0.0,1.0,1.0,0.0,1.0,1.0,0,104.1,7040.85,0,0,1,0,0,1,0,0,0,1,0,5.0,17.349999999999998,1,1,0,0,0,1.0,1.5308823529411764,66.9919124643197,3
0,0,0,2,1,0.0,0.0,0.0,0.0,0.0,0.0,0.0,0,19.75,39.3,0,0,0,1,1,0,0,0,0,0,1,0.0,19.75,0,0,0,0,0,0.0,6.583333333333333,1.8939759036144577,0
0,0,0,1,1,0.0,0.0,0.0,0.0,0.0,0.0,0.0,0,19.9,19.9,1,0,0,1,1,0,0,0,0,0,1,0.0,19.9,0,0,0,0,0,0.0,9.95,0.9521531100478469,0
0,0,0,15,0,0.0,0.0,1.0,0.0,0.0,0.0,1.0,1,38.8,603.0,1,1,0,0,0,0,1,0,0,0,1,2.0,12.933333333333332,1,1,0,0,0,0.0,2.425,15.150753768844222,1
0,1,0,36,1,1.0,1.0,1.0,1.0,1.0,0.0,1.0,1,106.05,3834.4,1,0,1,0,0,0,1,0,1,0,0,6.0,15.15,1,1,1,0,0,0.0,2.866216216216216,35.81877627276974,1
0,0,0,38,1,0.0,0.0,1.0,1.0,1.0,0.0,0.0,1,84.25,3264.5,1,0,1,0,1,0,0,0,1,0,0,3.0,21.0625,0,0,1,1,0,0.0,2.16025641025641,38.29325513196481,2
0,1,1,72,1,1.0,0.0,0.0,1.0,0.0,1.0,1.0,1,76.8,5468.45,1,1,0,0,0,0,1,1,0,0,0,4.0,15.36,1,1,1,0,0,0.0,1.0520547945205478,70.28856041131105,3
0,0,0,2,1,0.0,0.0,1.0,0.0,0.0,0.0,0.0,1,74.75,144.8,0,0,1,0,1,0,0,0,0,1,0,1.0,37.375,0,0,0,1,1,1.0,24.916666666666668,1.9115511551155118,0
0,0,0,17,1,0.0,0.0,0.0,0.0,0.0,0.0,0.0,0,19.45,369.05,0,0,0,1,0,0,1,0,1,0,0,0.0,19.45,0,1,1,0,0,0.0,1.0805555555555555,18.046454767726164,1
1,1,0,54,1,1.0,0.0,1.0,0.0,0.0,1.0,1.0,1,101.5,5373.1,1,0,1,0,0,1,0,0,1,0,0,4.0,20.3,1,1,1,0,0,1.0,1.8454545454545455,52.42048780487805,2
0,1,1,70,1,1.0,1.0,1.0,1.0,1.0,0.0,0.0,0,93.9,6579.05,1,0,1,0,0,0,1,1,0,0,0,5.0,15.65,0,1,1,0,0,0.0,1.3225352112676056,69.32613277133825,3
0,1,1,28,0,0.0,0.0,1.0,1.0,1.0,1.0,1.0,1,60.0,1682.05,0,1,0,0,0,1,0,0,1,0,0,5.0,10.0,1,1,1,0,0,0.0,2.0689655172413794,27.574590163934424,1
0,1,1,64,1,1.0,0.0,1.0,1.0,1.0,1.0,1.0,1,111.45,7266.95,1,0,1,0,0,1,0,0,0,1,0,6.0,15.921428571428573,1,1,0,0,0,0.0,1.7146153846153847,64.62383281458426,3
0,0,0,1,1,0.0,0.0,0.0,0.0,0.0,0.0,0.0,1,45.55,45.55,0,1,0,0,1,0,0,0,0,0,1,0.0,45.55,0,0,0,0,0,0.0,22.775,0.9785177228786252,0
0,0,0,1,0,0.0,0.0,0.0,0.0,0.0,0.0,0.0,0,25.2,25.2,1,1,0,0,1,0,0,0,0,0,1,0.0,25.2,0,0,0,0,0,0.0,12.6,0.9618320610687023,0
0,1,1,30,1,0.0,1.0,0.0,0.0,1.0,0.0,1.0,0,66.3,1923.5,1,1,0,0,1,0,0,1,0,0,0,3.0,16.575,1,0,1,0,0,0.0,2.138709677419355,28.580980683506688,1
0,1,1,1,1,0.0,0.0,0.0,0.0,0.0,0.0,0.0,0,19.45,19.45,1,0,0,1,1,0,0,0,0,0,1,0.0,19.45,0,0,0,0,0,0.0,9.725,0.9511002444987775,0
0,0,0,16,1,1.0,0.0,0.0,0.0,0.0,0.0,1.0,1,63.05,1067.05,1,1,0,0,1,0,0,1,0,0,0,2.0,21.016666666666666,1,0,1,0,0,0.0,3.7088235294117644,16.659640905542545,1
0,0,0,2,1,0.0,0.0,0.0,0.0,0.0,0.0,0.0,0,20.05,33.7,0,0,0,1,1,0,0,0,0,0,1,0.0,20.05,0,0,0,0,0,0.0,6.683333333333334,1.6009501187648456,0
0,0,0,48,1,1.0,0.0,0.0,1.0,1.0,1.0,1.0,1,103.85,4946.05,1,0,1,0,1,0,0,0,0,1,0,5.0,17.308333333333334,1,0,0,1,1,0.0,2.1193877551020406,47.17262756318551,2
0,0,0,4,1,0.0,0.0,0.0,1.0,1.0,1.0,1.0,1,74.4,299.7,0,1,0,0,1,0,0,0,0,1,0,4.0,14.88,1,0,0,0,1,0.0,14.88,3.974801061007957,0
0,1,1,31,1,0.0,1.0,0.0,1.0,1.0,1.0,1.0,1,81.15,2545.75,1,1,0,0,0,1,0,0,0,0,1,5.0,13.525,1,1,0,0,0,0.0,2.5359375,30.989044430919048,1
0,0,0,62,1,1.0,1.0,1.0,1.0,0.0,0.0,0.0,0,90.7,5586.45,0,0,1,0,1,0,0,1,0,0,0,4.0,18.14,0,0,1,1,0,0.0,1.4396825396825397,60.920937840785164,3
0,1,1,68,1,1.0,0.0,1.0,0.0,1.0,0.0,1.0,0,70.8,4859.95,0,1,0,0,0,0,1,0,1,0,0,4.0,14.16,1,1,1,0,0,0.0,1.026086956521739,67.68732590529248,3
0,1,0,59,1,1.0,0.0,0.0,1.0,1.0,1.0,0.0,0,93.35,5386.5,1,0,1,0,1,0,0,0,0,1,0,4.0,18.669999999999998,1,0,0,1,1,0.0,1.5558333333333332,57.090620031796504,2
0,0,1,4,1,0.0,0.0,0.0,0.0,0.0,0.0,0.0,1,20.4,84.75,1,0,0,1,0,1,0,0,0,0,1,0.0,20.4,0,1,0,0,0,0.0,4.08,3.960280373831776,0
1,1,1,68,1,0.0,0.0,0.0,0.0,0.0,0.0,0.0,0,19.5,1193.55,0,0,0,1,0,1,0,1,0,0,0,0.0,19.5,0,1,1,0,0,0.0,0.2826086956521739,58.22195121951219,3
0,1,0,50,1,1.0,1.0,1.0,0.0,1.0,1.0,1.0,1,109.65,5405.8,1,0,1,0,1,0,0,1,0,0,0,6.0,15.664285714285715,1,0,1,1,0,0.0,2.15,48.85494803434252,2
0,0,0,41,1,1.0,1.0,0.0,1.0,1.0,0.0,1.0,1,74.65,3090.65,1,1,0,0,1,0,0,1,0,0,0,5.0,12.441666666666668,1,0,1,0,0,0.0,1.7773809523809525,40.854593522802375,2
0,0,0,13,0,0.0,0.0,1.0,0.0,0.0,0.0,0.0,1,31.65,389.95,1,1,0,0,1,0,0,0,0,1,0,1.0,15.825,0,0,0,0,1,0.0,2.2607142857142857,11.94333843797856,1
0,1,1,15,1,1.0,0.0,0.0,1.0,1.0,0.0,0.0,1,59.65,867.1,0,1,0,0,1,0,0,1,0,0,0,3.0,14.9125,0,0,1,0,0,0.0,3.728125,14.296784830997527,1
0,0,0,68,0,0.0,0.0,0.0,1.0,0.0,0.0,1.0,1,39.9,2796.35,0,1,0,0,1,0,0,1,0,0,0,2.0,13.299999999999999,1,0,1,0,0,0.0,0.5782608695652174,68.37041564792176,3
1,1,0,2,1,0.0,0.0,0.0,0.0,0.0,0.0,0.0,1,69.3,153.8,1,0,1,0,1,0,0,0,0,1,0,0.0,69.3,0,0,0,1,1,1.0,23.099999999999998,2.1877667140825037,0
0,1,1,68,1,0.0,1.0,1.0,1.0,0.0,1.0,1.0,1,103.25,7074.4,0,0,1,0,0,0,1,0,1,0,0,5.0,17.208333333333332,1,1,1,0,0,0.0,1.4963768115942029,67.8599520383693,3
0,1,1,63,1,0.0,0.0,0.0,0.0,0.0,0.0,0.0,0,19.35,1263.85,1,0,0,1,0,0,1,0,0,1,0,0.0,19.35,0,1,0,0,0,0.0,0.30234375,62.1056511056511,3
0,1,0,1,1,1.0,0.0,0.0,0.0,0.0,0.0,0.0,1,74.6,74.6,0,0,1,0,1,0,0,1,0,0,0,1.0,37.3,0,0,1,1,0,1.0,37.3,0.9867724867724867,0
0,1,1,6,1,0.0,0.0,0.0,0.0,0.0,0.0,0.0,1,44.6,260.8,0,1,0,0,1,0,0,1,0,0,0,0.0,44.6,0,0,1,0,0,0.0,6.371428571428572,5.719298245614035,0
0,0,0,2,1,1.0,0.0,0.0,0.0,0.0,0.0,1.0,1,86.0,165.45,0,0,1,0,1,0,0,0,0,1,0,2.0,28.666666666666668,1,0,0,1,1,1.0,28.666666666666668,1.9017241379310343,0
0,0,0,44,1,0.0,0.0,0.0,0.0,0.0,0.0,0.0,0,20.05,845.25,0,0,0,1,0,0,1,0,0,0,1,0.0,20.05,0,1,0,0,0,0.0,0.4455555555555556,40.15439429928741,2
0,1,0,61,1,1.0,0.0,0.0,0.0,1.0,1.0,1.0,0,101.15,6383.9,1,0,1,0,0,1,0,1,0,0,0,4.0,20.23,1,1,1,0,0,0.0,1.631451612903226,62.49534997552618,3
0,0,0,1,1,0.0,0.0,0.0,0.0,0.0,0.0,0.0,1,69.6,69.6,1,0,1,0,1,0,0,0,0,1,0,0.0,69.6,0,0,0,1,1,1.0,34.8,0.9858356940509915,0
0,0,0,1,1,0.0,0.0,1.0,0.0,0.0,0.0,0.0,1,74.7,74.7,1,0,1,0,1,0,0,0,0,1,0,1.0,37.35,0,0,0,1,1,1.0,37.35,0.9867899603698811,0
1,0,0,11,1,0.0,0.0,0.0,0.0,0.0,1.0,1.0,0,89.7,1047.7,1,0,1,0,1,0,0,1,0,0,0,2.0,29.900000000000002,1,0,1,1,0,1.0,7.4750000000000005,11.551267916207276,0
1,1,0,14,1,1.0,0.0,1.0,0.0,0.0,1.0,1.0,1,100.2,1369.8,1,0,1,0,1,0,0,0,0,1,0,4.0,20.04,1,0,0,1,1,1.0,6.680000000000001,13.535573122529643,1
0,1,0,28,1,1.0,0.0,0.0,1.0,1.0,1.0,1.0,1,104.8,3046.05,1,0,1,0,1,0,0,0,0,1,0,5.0,17.466666666666665,1,0,0,1,1,0.0,3.613793103448276,28.790642722117205,1
0,1,1,62,1,0.0,0.0,1.0,1.0,0.0,1.0,1.0,1,100.15,6283.3,1,0,1,0,1,0,0,0,0,1,0,4.0,20.03,1,0,0,1,1,1.0,1.5896825396825398,62.11863568956994,3
0,0,0,1,1,1.0,0.0,0.0,0.0,0.0,0.0,1.0,1,60.15,60.15,1,1,0,0,1,0,0,0,0,1,0,2.0,20.05,1,0,0,0,1,0.0,30.075,0.9836467702371219,0
0,0,0,3,1,1.0,0.0,0.0,0.0,0.0,0.0,0.0,1,74.95,212.4,1,0,1,0,1,0,0,0,0,1,0,1.0,37.475,0,0,0,1,1,1.0,18.7375,2.7965766951942066,0
1,1,0,41,0,0.0,0.0,1.0,1.0,0.0,1.0,1.0,1,53.95,2215.4,0,1,0,0,1,0,0,0,0,1,0,4.0,10.790000000000001,1,0,0,0,1,0.0,1.2845238095238096,40.31665150136487,2
1,0,0,56,1,1.0,0.0,1.0,1.0,0.0,1.0,1.0,0,104.75,5841.35,1,0,1,0,1,0,0,0,0,1,0,5.0,17.458333333333332,1,0,0,1,1,1.0,1.837719298245614,55.23735224586289,2
1,1,0,42,1,1.0,0.0,1.0,1.0,0.0,1.0,0.0,1,95.55,3930.6,1,0,1,0,1,0,0,0,0,1,0,4.0,19.11,1,0,0,1,1,1.0,2.222093023255814,40.71051268772656,2
1,0,0,56,1,1.0,0.0,1.0,1.0,1.0,1.0,0.0,1,99.9,5706.3,1,0,1,0,0,0,1,1,0,0,0,5.0,16.650000000000002,1,1,1,0,0,0.0,1.7526315789473685,56.554013875123886,2
0,1,0,26,1,0.0,0.0,1.0,1.0,1.0,1.0,1.0,0,81.9,2078.55,1,1,0,0,1,0,0,1,0,0,0,5.0,13.65,1,0,1,0,0,0.0,3.0333333333333337,25.0729794933655,1
0,1,0,62,1,1.0,1.0,1.0,1.0,1.0,1.0,1.0,0,113.95,6891.4,1,0,1,0,0,0,1,0,0,0,1,7.0,14.24375,1,1,0,0,0,0.0,1.8087301587301587,59.951283166594166,3
0,0,0,6,1,0.0,0.0,0.0,1.0,1.0,0.0,1.0,1,89.25,487.05,1,0,1,0,1,0,0,0,0,1,0,3.0,22.3125,1,0,0,1,1,0.0,12.75,5.396675900277009,0
0,0,0,28,1,0.0,0.0,0.0,1.0,1.0,0.0,1.0,0,91.0,2626.15,0,0,1,0,1,0,0,0,0,1,0,3.0,22.75,1,0,0,1,1,0.0,3.1379310344827585,28.545108695652175,1
1,0,0,1,1,0.0,0.0,0.0,0.0,0.0,0.0,0.0,1,69.6,69.6,1,0,1,0,1,0,0,0,0,1,0,0.0,69.6,0,0,0,1,1,1.0,34.8,0.9858356940509915,0
0,1,1,1,1,0.0,0.0,1.0,0.0,0.0,0.0,0.0,0,74.6,74.6,0,0,1,0,1,0,0,0,1,0,0,1.0,37.3,0,0,1,1,0,1.0,37.3,0.9867724867724867,0
0,0,0,41,1,0.0,0.0,0.0,0.0,0.0,0.0,0.0,0,20.65,835.15,1,0,0,1,0,0,1,0,0,0,1,0.0,20.65,0,1,0,0,0,0.0,0.49166666666666664,38.57505773672055,2
0,1,0,67,1,0.0,0.0,0.0,0.0,0.0,0.0,0.0,1,20.85,1327.4,1,0,0,1,0,1,0,1,0,0,0,0.0,20.85,0,1,1,0,0,0.0,0.30661764705882355,60.75057208237986,3
0,1,0,56,0,0.0,0.0,0.0,1.0,1.0,1.0,1.0,1,54.05,2959.8,0,1,0,0,0,1,0,1,0,0,0,4.0,10.809999999999999,1,1,1,0,0,0.0,0.9482456140350877,53.76566757493189,2
0,0,0,63,1,1.0,1.0,1.0,1.0,1.0,1.0,0.0,1,79.85,4861.45,1,1,0,0,0,0,1,0,1,0,0,6.0,11.407142857142857,1,1,1,0,0,0.0,1.24765625,60.12925170068027,3
0,1,1,55,1,0.0,0.0,0.0,0.0,0.0,0.0,0.0,0,19.5,1026.35,0,0,0,1,0,1,0,0,0,0,1,0.0,19.5,0,1,0,0,0,0.0,0.3482142857142857,50.06585365853658,2
0,0,1,1,1,0.0,0.0,0.0,0.0,0.0,0.0,0.0,0,44.0,44.0,0,1,0,0,1,0,0,0,0,1,0,0.0,44.0,0,0,0,0,1,0.0,22.0,0.9777777777777777,0
0,0,1,21,1,0.0,0.0,0.0,0.0,0.0,0.0,0.0,0,45.65,985.05,0,1,0,0,1,0,0,0,0,0,1,0.0,45.65,0,0,0,0,0,0.0,2.0749999999999997,21.115755627009644,1
0,1,1,67,1,1.0,0.0,1.0,1.0,1.0,1.0,1.0,1,112.35,7388.45,1,0,1,0,0,1,0,0,1,0,0,6.0,16.05,1,1,1,0,0,0.0,1.652205882352941,65.18262020291134,3
1,0,0,51,1,0.0,0.0,0.0,1.0,0.0,1.0,1.0,1,94.0,4905.75,0,0,1,0,0,1,0,1,0,0,0,3.0,23.5,1,1,1,0,0,1.0,1.8076923076923077,51.63947368421053,2
1,0,0,6,1,0.0,0.0,0.0,1.0,0.0,0.0,0.0,0,74.4,434.1,1,0,1,0,1,0,0,0,0,1,0,1.0,37.2,0,0,0,1,1,1.0,10.62857142857143,5.757294429708223,0
0,0,0,9,1,0.0,0.0,0.0,0.0,0.0,0.0,0.0,1,43.75,405.7,1,1,0,0,1,0,0,0,0,1,0,0.0,43.75,0,0,0,0,1,0.0,4.375,9.065921787709497,0
0,1,1,10,1,0.0,0.0,0.0,0.0,0.0,0.0,0.0,1,20.05,218.5,0,0,0,1,1,0,0,0,1,0,0,0.0,20.05,0,0,1,0,0,0.0,1.8227272727272728,10.380047505938242,0
0,1,0,43,1,1.0,0.0,0.0,0.0,1.0,1.0,0.0,1,64.85,2908.2,1,1,0,0,0,1,0,1,0,0,0,3.0,16.2125,1,1,1,0,0,0.0,1.4738636363636362,44.16400911161731,2
0,1,1,67,1,1.0,1.0,0.0,0.0,1.0,1.0,1.0,0,106.7,7009.5,1,0,1,0,0,0,1,0,1,0,0,5.0,17.783333333333335,1,1,1,0,0,0.0,1.5691176470588235,65.08356545961003,3
0,0,0,27,1,1.0,0.0,0.0,0.0,0.0,1.0,1.0,1,95.6,2595.25,1,0,1,0,1,0,0,1,0,0,0,3.0,23.9,1,0,1,1,0,1.0,3.414285714285714,26.865942028985508,1
0,0,1,24,0,0.0,1.0,0.0,0.0,1.0,0.0,0.0,0,35.75,830.8,0,1,0,0,0,0,1,0,0,0,1,2.0,11.916666666666666,0,1,0,0,0,0.0,1.43,22.606802721088435,1
1,0,0,20,1,0.0,0.0,0.0,0.0,0.0,0.0,0.0,0,71.3,1389.2,0,0,1,0,1,0,0,0,1,0,0,0.0,71.3,0,0,1,1,0,1.0,3.395238095238095,19.21438450899032,1
1,0,0,41,1,1.0,0.0,1.0,1.0,0.0,1.0,1.0,1,104.4,4133.95,1,0,1,0,1,0,0,0,0,1,0,5.0,17.400000000000002,1,0,0,1,1,1.0,2.4857142857142858,39.22153700189753,2
0,1,1,19,1,0.0,0.0,0.0,0.0,0.0,0.0,0.0,0,20.15,387.7,1,0,0,1,0,0,1,0,0,0,1,0.0,20.15,0,1,0,0,0,0.0,1.0074999999999998,18.33096926713948,1
0,0,0,60,0,0.0,1.0,0.0,1.0,0.0,1.0,1.0,0,53.6,3237.05,1,1,0,0,0,0,1,0,0,1,0,4.0,10.72,1,1,0,0,0,0.0,0.878688524590164,59.28663003663004,2
0,1,0,36,1,0.0,0.0,0.0,0.0,0.0,0.0,1.0,0,80.4,2937.65,1,0,1,0,1,0,0,0,0,1,0,1.0,40.2,1,0,0,1,1,1.0,2.172972972972973,36.089066339066335,1
0,0,0,3,1,0.0,0.0,0.0,0.0,0.0,1.0,0.0,1,54.2,140.4,1,1,0,0,1,0,0,0,0,1,0,1.0,27.1,1,0,0,0,1,0.0,13.55,2.5434782608695654,0
0,0,0,6,1,0.0,0.0,0.0,0.0,0.0,0.0,0.0,0,20.2,123.65,1,0,0,1,1,0,0,0,0,0,1,0.0,20.2,0,0,0,0,0,0.0,2.8857142857142857,5.832547169811321,0
0,0,0,10,1,0.0,0.0,0.0,0.0,0.0,0.0,0.0,1,20.55,187.35,1,0,0,1,1,0,0,0,0,0,1,0.0,20.55,0,0,0,0,0,0.0,1.8681818181818182,8.693735498839906,0
1,1,0,72,1,1.0,1.0,1.0,1.0,1.0,0.0,0.0,1,96.6,6827.5,1,0,1,0,0,0,1,1,0,0,0,5.0,16.099999999999998,0,1,1,0,0,0.0,1.3232876712328767,69.95389344262296,3
0,1,0,11,1,0.0,0.0,0.0,0.0,0.0,0.0,0.0,1,45.9,521.9,0,1,0,0,1,0,0,1,0,0,0,0.0,45.9,0,0,1,0,0,0.0,3.8249999999999997,11.127931769722814,0
0,1,1,54,1,1.0,0.0,1.0,0.0,1.0,1.0,0.0,1,70.7,3770.0,0,1,0,0,0,1,0,0,0,1,0,4.0,14.14,1,1,0,0,0,0.0,1.2854545454545454,52.58019525801952,2
0,1,0,64,1,1.0,0.0,0.0,1.0,1.0,0.0,0.0,0,58.35,3756.45,1,1,0,0,0,1,0,1,0,0,0,3.0,14.5875,0,1,1,0,0,0.0,0.8976923076923077,63.293176074136476,3
0,1,1,61,0,0.0,0.0,1.0,1.0,1.0,1.0,1.0,1,61.45,3751.15,1,1,0,0,0,0,1,1,0,0,0,5.0,10.241666666666667,1,1,1,0,0,0.0,0.9911290322580646,60.066453162530024,3
0,1,0,71,1,1.0,1.0,1.0,1.0,1.0,0.0,1.0,0,80.4,5727.15,0,1,0,0,0,0,1,0,1,0,0,6.0,11.485714285714286,1,1,1,0,0,0.0,1.1166666666666667,70.3581081081081,3
0,0,0,8,1,0.0,1.0,0.0,0.0,0.0,1.0,0.0,0,84.95,668.4,1,0,1,0,1,0,0,0,0,1,0,2.0,28.316666666666666,1,0,0,1,1,0.0,9.43888888888889,7.776614310645724,0
0,1,0,17,1,0.0,0.0,0.0,1.0,0.0,1.0,1.0,1,96.65,1588.25,0,0,1,0,0,1,0,1,0,0,0,3.0,24.1625,1,1,1,0,0,1.0,5.3694444444444445,16.264720942140297,1
0,1,1,16,1,0.0,1.0,1.0,0.0,1.0,0.0,1.0,0,68.25,1114.85,1,1,0,0,0,0,1,1,0,0,0,4.0,13.65,1,1,1,0,0,0.0,4.014705882352941,16.098916967509023,1
0,1,1,22,1,0.0,1.0,1.0,1.0,0.0,0.0,0.0,0,61.15,1422.05,1,1,0,0,1,0,0,0,0,0,1,3.0,15.2875,0,0,0,0,0,0.0,2.658695652173913,22.88093322606597,1
0,0,1,21,1,1.0,1.0,0.0,0.0,0.0,0.0,0.0,0,80.35,1747.2,0,0,1,0,1,0,0,0,0,1,0,2.0,26.78333333333333,0,0,0,1,1,0.0,3.652272727272727,21.477566072526123,1
0,1,1,62,1,0.0,1.0,1.0,0.0,0.0,0.0,0.0,1,81.45,4983.05,0,0,1,0,0,1,0,0,1,0,0,2.0,27.150000000000002,0,1,1,0,0,0.0,1.292857142857143,60.43723468768951,3
0,0,0,18,1,0.0,0.0,0.0,1.0,1.0,0.0,0.0,0,55.2,1058.1,0,1,0,0,1,0,0,0,1,0,0,2.0,18.400000000000002,0,0,1,0,0,0.0,2.905263157894737,18.827402135231313,1
0,0,0,7,1,1.0,0.0,1.0,0.0,0.0,1.0,1.0,1,99.8,673.25,0,0,1,0,1,0,0,0,0,1,0,4.0,19.96,1,0,0,1,1,1.0,12.475,6.6790674603174605,0
0,0,0,38,1,0.0,0.0,0.0,0.0,0.0,0.0,0.0,0,19.3,755.5,1,0,0,1,0,1,0,0,0,0,1,0.0,19.3,0,1,0,0,0,0.0,0.4948717948717949,37.216748768472904,2
0,1,1,16,1,0.0,1.0,0.0,1.0,0.0,1.0,1.0,0,100.7,1522.7,1,0,1,0,1,0,0,1,0,0,0,4.0,20.14,1,0,1,1,0,0.0,5.923529411764706,14.972468043264504,1
0,1,1,1,1,0.0,0.0,0.0,0.0,0.0,0.0,0.0,1,70.65,70.65,0,0,1,0,1,0,0,0,0,0,1,0.0,70.65,0,0,0,1,0,1.0,35.325,0.9860432658757851,0
0,1,1,64,1,1.0,0.0,0.0,0.0,0.0,0.0,0.0,1,24.8,1514.85,0,0,0,1,0,0,1,0,0,0,1,1.0,12.4,0,1,0,0,0,0.0,0.38153846153846155,58.71511627906976,3
0,1,1,64,1,0.0,1.0,0.0,1.0,1.0,1.0,0.0,0,69.25,4447.75,0,1,0,0,0,0,1,0,0,0,1,4.0,13.85,1,1,0,0,0,0.0,1.0653846153846154,63.313167259786475,3
0,0,0,1,1,0.0,1.0,0.0,0.0,0.0,0.0,0.0,0,47.95,47.95,0,1,0,0,1,0,0,0,0,1,0,1.0,23.975,0,0,0,0,1,0.0,23.975,0.9795709908069459,0
0,0,0,5,0,0.0,0.0,0.0,1.0,0.0,0.0,1.0,0,39.5,210.75,1,1,0,0,1,0,0,0,0,1,0,2.0,13.166666666666666,1,0,0,0,1,0.0,6.583333333333333,5.203703703703703,0
0,1,1,66,1,0.0,1.0,0.0,0.0,0.0,1.0,0.0,1,59.75,3996.8,1,1,0,0,0,0,1,0,0,1,0,2.0,19.916666666666668,1,1,0,0,0,0.0,0.8917910447761194,65.79094650205762,3
0,1,1,49,1,0.0,0.0,1.0,1.0,0.0,1.0,0.0,1,90.4,4494.65,0,0,1,0,1,0,0,0,1,0,0,3.0,22.6,1,0,1,1,0,1.0,1.808,49.17560175054704,2
0,0,0,9,1,0.0,0.0,0.0,0.0,0.0,0.0,0.0,1,19.5,178.85,1,0,0,1,1,0,0,0,0,1,0,0.0,19.5,0,0,0,0,1,0.0,1.95,8.72439024390244,0
0,0,0,51,1,1.0,0.0,1.0,0.0,0.0,0.0,0.0,0,81.0,4085.75,0,0,1,0,1,0,0,1,0,0,0,2.0,27.0,0,0,1,1,0,1.0,1.5576923076923077,49.826219512195124,2
0,1,1,72,1,1.0,1.0,1.0,1.0,1.0,0.0,0.0,0,69.85,5102.35,0,1,0,0,0,0,1,1,0,0,0,5.0,11.641666666666666,0,1,1,0,0,0.0,0.956849315068493,72.01623147494708,3
0,0,0,26,1,1.0,0.0,0.0,0.0,1.0,0.0,0.0,1,80.5,2088.8,0,0,1,0,1,0,0,0,0,1,0,2.0,26.833333333333332,0,0,0,1,1,0.0,2.9814814814814814,25.629447852760737,1
0,1,0,61,1,1.0,0.0,0.0,1.0,1.0,1.0,1.0,1,103.3,6518.35,1,0,1,0,0,1,0,1,0,0,0,5.0,17.216666666666665,1,1,1,0,0,0.0,1.6661290322580644,62.49616490891659,3
1,1,0,51,1,1.0,1.0,0.0,1.0,0.0,1.0,0.0,1,93.8,4750.95,0,0,1,0,1,0,0,1,0,0,0,4.0,18.759999999999998,1,0,1,1,0,0.0,1.8038461538461539,50.11550632911393,2
1,0,0,60,1,1.0,1.0,0.0,0.0,0.0,1.0,1.0,1,101.4,6176.6,1,0,1,0,0,1,0,1,0,0,0,4.0,20.28,1,1,1,0,0,0.0,1.6622950819672133,60.318359375,2
0,1,0,60,1,0.0,0.0,0.0,0.0,0.0,0.0,0.0,0,19.95,1258.15,0,0,0,1,0,0,1,0,0,0,1,0.0,19.95,0,1,0,0,0,0.0,0.32704918032786884,60.05489260143199,2
0,1,1,34,1,0.0,1.0,1.0,1.0,0.0,0.0,0.0,1,60.8,2042.05,1,1,0,0,0,1,0,0,0,0,1,3.0,15.2,0,1,0,0,0,0.0,1.737142857142857,33.04288025889968,1
0,0,0,52,1,0.0,1.0,0.0,1.0,1.0,0.0,0.0,0,57.95,3042.25,1,1,0,0,0,1,0,0,1,0,0,3.0,14.4875,0,1,1,0,0,0.0,1.0933962264150945,51.60729431721798,2
0,1,0,54,1,1.0,0.0,1.0,1.0,1.0,1.0,1.0,0,110.35,5893.15,1,0,1,0,0,1,0,0,0,1,0,6.0,15.764285714285714,1,1,0,0,0,0.0,2.0063636363636363,52.92456219128873,2
0,0,0,10,1,0.0,0.0,0.0,0.0,0.0,0.0,0.0,0,46.0,492.1,0,1,0,0,1,0,0,0,0,0,1,0.0,46.0,0,0,0,0,0,0.0,4.181818181818182,10.470212765957447,0
0,0,0,52,1,1.0,1.0,0.0,1.0,1.0,1.0,0.0,0,74.0,3877.65,1,1,0,0,0,1,0,0,1,0,0,5.0,12.333333333333334,1,1,1,0,0,0.0,1.3962264150943395,51.702,2
0,1,1,40,1,1.0,0.0,0.0,1.0,0.0,0.0,0.0,1,81.2,3292.3,0,0,1,0,1,0,0,0,0,1,0,2.0,27.066666666666666,0,0,0,1,1,1.0,1.9804878048780488,40.052311435523116,2
0,0,0,5,0,0.0,0.0,1.0,0.0,0.0,1.0,1.0,1,51.0,305.95,0,1,0,0,1,0,0,0,0,0,1,3.0,12.75,1,0,0,0,0,0.0,8.5,5.883653846153846,0
0,0,0,3,1,1.0,0.0,0.0,0.0,0.0,0.0,0.0,0,50.4,137.25,0,1,0,0,1,0,0,1,0,0,0,1.0,25.2,0,0,1,0,0,0.0,12.6,2.6702334630350197,0
0,0,0,52,0,0.0,1.0,1.0,1.0,1.0,1.0,1.0,0,63.9,3334.95,0,1,0,0,0,0,1,0,1,0,0,6.0,9.128571428571428,1,1,1,0,0,0.0,1.2056603773584906,51.3859784283513,2
0,1,1,45,1,1.0,0.0,1.0,1.0,0.0,0.0,1.0,1,95.95,4456.65,0,0,1,0,1,0,0,1,0,0,0,4.0,19.19,1,0,1,1,0,1.0,2.0858695652173913,45.96854048478597,2
0,0,0,2,1,0.0,0.0,0.0,0.0,0.0,0.0,0.0,1,70.7,151.65,1,0,1,0,1,0,0,0,0,1,0,0.0,70.7,0,0,0,1,1,1.0,23.566666666666666,2.1150627615062763,0
0,0,0,27,1,0.0,1.0,0.0,1.0,1.0,1.0,1.0,0,81.7,2212.55,0,1,0,0,0,1,0,0,0,1,0,5.0,13.616666666666667,1,1,0,0,0,0.0,2.917857142857143,26.753929866989118,1
1,0,0,8,1,0.0,1.0,0.0,0.0,1.0,1.0,1.0,0,100.3,832.35,0,0,1,0,1,0,0,0,1,0,0,4.0,20.06,1,0,1,1,0,0.0,11.144444444444444,8.216683119447188,0
0,0,0,2,1,0.0,0.0,0.0,0.0,0.0,0.0,0.0,1,20.0,40.9,1,0,0,1,1,0,0,0,0,0,1,0.0,20.0,0,0,0,0,0,0.0,6.666666666666667,1.9476190476190476,0
0,0,0,2,1,1.0,0.0,1.0,0.0,0.0,0.0,0.0,0,79.55,151.75,1,0,1,0,1,0,0,0,0,1,0,2.0,26.516666666666666,0,0,0,1,1,1.0,26.516666666666666,1.8839230291744258,0
0,1,0,47,1,0.0,0.0,0.0,1.0,0.0,0.0,1.0,1,85.3,4045.65,1,0,1,0,1,0,0,0,0,1,0,2.0,28.433333333333334,1,0,0,1,1,1.0,1.7770833333333333,46.87891077636153,2
0,0,0,16,1,0.0,0.0,0.0,0.0,0.0,0.0,0.0,0,19.75,284.35,0,0,0,1,0,0,1,0,0,0,1,0.0,19.75,0,1,0,0,0,0.0,1.161764705882353,13.703614457831327,1
0,1,0,69,1,0.0,0.0,1.0,0.0,0.0,0.0,1.0,1,61.45,4131.2,1,1,0,0,0,0,1,0,1,0,0,2.0,20.483333333333334,1,1,1,0,0,0.0,0.8778571428571429,66.15212169735788,3
0,1,1,64,1,0.0,0.0,0.0,0.0,0.0,0.0,0.0,0,19.8,1336.65,1,0,0,1,0,1,0,1,0,0,0,0.0,19.8,0,1,1,0,0,0.0,0.3046153846153846,64.26201923076923,3
0,0,0,22,1,0.0,1.0,0.0,0.0,0.0,0.0,0.0,1,48.8,1054.6,1,1,0,0,1,0,0,0,1,0,0,1.0,24.4,0,0,1,0,0,0.0,2.1217391304347823,21.176706827309236,1
0,1,1,29,1,1.0,0.0,0.0,1.0,0.0,0.0,1.0,1,89.2,2698.35,0,0,1,0,1,0,0,0,0,1,0,3.0,22.3,1,0,0,1,1,1.0,2.9733333333333336,29.915188470066518,1
0,0,0,3,1,0.0,1.0,1.0,0.0,0.0,0.0,0.0,1,79.1,246.5,1,0,1,0,1,0,0,0,0,1,0,2.0,26.366666666666664,0,0,0,1,1,0.0,19.775,3.077403245942572,0
0,0,1,2,1,0.0,0.0,0.0,0.0,0.0,0.0,0.0,0,20.5,38.25,1,0,0,1,0,1,0,1,0,0,0,0.0,20.5,0,1,1,0,0,0.0,6.833333333333333,1.7790697674418605,0
0,0,0,35,1,1.0,0.0,0.0,0.0,1.0,0.0,0.0,0,80.05,2835.9,1,0,1,0,1,0,0,0,1,0,0,2.0,26.683333333333334,0,0,1,1,0,0.0,2.223611111111111,34.9895126465145,1
0,0,0,11,1,1.0,0.0,0.0,1.0,0.0,1.0,1.0,1,97.85,1105.4,1,0,1,0,1,0,0,1,0,0,0,4.0,19.57,1,0,1,1,0,1.0,8.154166666666667,11.182599898836623,0
0,1,0,53,0,0.0,0.0,1.0,1.0,1.0,1.0,1.0,1,60.45,3184.25,0,1,0,0,0,1,0,0,0,1,0,5.0,10.075000000000001,1,1,0,0,0,0.0,1.1194444444444445,51.81855166802278,2
0,0,0,45,1,0.0,1.0,1.0,1.0,1.0,1.0,1.0,0,112.2,5031.85,0,0,1,0,0,1,0,0,1,0,0,6.0,16.02857142857143,1,1,1,0,0,0.0,2.4391304347826086,44.45097173144877,2
0,0,0,14,0,0.0,0.0,1.0,0.0,0.0,0.0,0.0,1,31.1,419.7,0,1,0,0,1,0,0,0,0,0,1,1.0,15.55,0,0,0,0,0,0.0,2.0733333333333333,13.074766355140186,1
0,0,0,3,0,0.0,1.0,0.0,1.0,1.0,0.0,0.0,0,41.35,107.25,0,1,0,0,1,0,0,0,0,0,1,3.0,10.3375,0,0,0,0,0,0.0,10.3375,2.5324675324675323,0
0,1,0,18,1,1.0,0.0,0.0,0.0,0.0,0.0,0.0,1,73.15,1305.95,0,0,1,0,1,0,0,0,0,1,0,1.0,36.575,0,0,0,1,1,1.0,3.85,17.61227242076871,1
0,0,0,1,1,0.0,0.0,0.0,0.0,0.0,0.0,0.0,0,43.95,43.95,1,1,0,0,1,0,0,0,0,0,1,0.0,43.95,0,0,0,0,0,0.0,21.975,0.9777530589543938,0
0,1,0,24,1,0.0,1.0,0.0,0.0,1.0,0.0,1.0,1,89.25,2210.2,0,0,1,0,1,0,0,0,0,1,0,3.0,22.3125,1,0,0,1,1,0.0,3.57,24.489750692520772,1
1,0,0,32,1,0.0,0.0,0.0,0.0,0.0,0.0,1.0,1,79.5,2665.0,1,0,1,0,1,0,0,0,0,1,0,1.0,39.75,1,0,0,1,1,1.0,2.409090909090909,33.1055900621118,1
0,1,0,2,1,0.0,0.0,0.0,0.0,0.0,0.0,0.0,1,70.4,154.8,1,0,1,0,1,0,0,0,1,0,0,0.0,70.4,0,0,1,1,0,1.0,23.46666666666667,2.168067226890756,0
0,0,0,68,1,1.0,1.0,1.0,1.0,0.0,0.0,1.0,1,102.1,7149.35,0,0,1,0,0,0,1,1,0,0,0,5.0,17.016666666666666,1,1,1,0,0,0.0,1.479710144927536,69.34384093113482,3
0,0,0,52,1,0.0,1.0,0.0,1.0,0.0,0.0,0.0,0,53.75,2790.65,0,1,0,0,0,1,0,0,0,1,0,2.0,17.916666666666668,0,1,0,0,0,0.0,1.0141509433962264,50.97077625570776,2
0,0,0,13,1,1.0,0.0,1.0,1.0,0.0,0.0,0.0,1,84.45,1058.6,1,0,1,0,1,0,0,0,0,1,0,3.0,21.1125,0,0,0,1,1,1.0,6.0321428571428575,12.38853130485664,1
0,0,0,21,0,0.0,0.0,1.0,0.0,1.0,0.0,0.0,1,36.0,780.15,0,1,0,0,1,0,0,0,0,0,1,2.0,12.0,0,0,0,0,0,0.0,1.6363636363636365,21.085135135135136,1
0,1,1,69,1,1.0,0.0,1.0,1.0,0.0,1.0,1.0,1,103.95,7446.9,1,0,1,0,1,0,0,0,0,1,0,5.0,17.325,1,0,0,1,1,1.0,1.485,70.95664602191519,3
0,1,1,63,1,0.0,0.0,0.0,0.0,0.0,0.0,0.0,0,20.0,1209.25,1,0,0,1,0,0,1,0,1,0,0,0.0,20.0,0,1,1,0,0,0.0,0.3125,57.583333333333336,3
0,1,1,65,1,1.0,0.0,0.0,0.0,0.0,0.0,0.0,1,25.3,1748.55,1,0,0,1,0,0,1,1,0,0,0,1.0,12.65,0,1,1,0,0,0.0,0.38333333333333336,66.4847908745247,3
0,0,0,37,1,0.0,0.0,0.0,0.0,0.0,1.0,1.0,1,64.75,2345.2,1,1,0,0,1,0,0,0,0,1,0,2.0,21.583333333333332,1,0,0,0,1,0.0,1.7039473684210527,35.66844106463878,2
1,1,0,15,1,1.0,0.0,0.0,0.0,0.0,0.0,1.0,1,85.6,1345.55,0,0,1,0,1,0,0,1,0,0,0,2.0,28.53333333333333,1,0,1,1,0,1.0,5.35,15.537528868360278,1
0,0,1,19,1,0.0,0.0,0.0,0.0,1.0,0.0,0.0,0,48.8,953.65,1,1,0,0,1,0,0,0,0,0,1,1.0,24.4,0,0,0,0,0,0.0,2.44,19.149598393574298,1
0,1,1,30,1,1.0,1.0,1.0,1.0,1.0,0.0,0.0,0,67.6,2000.2,0,1,0,0,1,0,0,0,0,1,0,5.0,11.266666666666666,0,0,0,0,1,0.0,2.1806451612903226,29.157434402332363,1
0,0,0,29,1,1.0,0.0,0.0,1.0,0.0,1.0,1.0,1,98.6,2933.2,1,0,1,0,1,0,0,0,1,0,0,4.0,19.72,1,0,1,1,0,1.0,3.2866666666666666,29.449799196787147,1
0,1,1,4,1,1.0,0.0,1.0,0.0,1.0,0.0,0.0,1,58.5,224.85,1,1,0,0,1,0,0,0,0,0,1,3.0,14.625,0,0,0,0,0,0.0,11.7,3.7789915966386554,0
0,1,0,67,1,0.0,1.0,1.0,0.0,1.0,0.0,1.0,1,69.2,4671.65,0,1,0,0,0,0,1,0,1,0,0,4.0,13.84,1,1,1,0,0,0.0,1.0176470588235293,66.54772079772079,3
0,1,1,38,1,1.0,0.0,0.0,0.0,0.0,0.0,0.0,0,25.05,963.95,0,0,0,1,0,0,1,0,1,0,0,1.0,12.525,0,1,1,0,0,0.0,0.6423076923076924,37.00383877159309,2
0,0,0,7,1,1.0,0.0,0.0,0.0,1.0,1.0,1.0,1,74.65,521.1,1,1,0,0,1,0,0,0,0,1,0,4.0,14.930000000000001,1,0,0,0,1,0.0,9.33125,6.888301387970919,0
0,1,0,8,1,0.0,1.0,0.0,0.0,0.0,0.0,0.0,1,75.0,658.1,0,0,1,0,1,0,0,0,0,0,1,1.0,37.5,0,0,0,1,0,0.0,8.333333333333334,8.659210526315789,0
0,0,0,12,1,1.0,0.0,0.0,0.0,0.0,1.0,1.0,0,94.55,1173.55,0,0,1,0,1,0,0,0,0,1,0,3.0,23.6375,1,0,0,1,1,1.0,7.273076923076923,12.282051282051283,0
0,0,0,7,1,0.0,0.0,0.0,0.0,0.0,0.0,0.0,0,19.5,128.6,0,0,0,1,0,1,0,0,0,0,1,0.0,19.5,0,1,0,0,0,0.0,2.4375,6.273170731707316,0
0,1,1,65,1,1.0,1.0,1.0,0.0,0.0,0.0,1.0,1,69.55,4459.15,0,1,0,0,0,0,1,0,0,0,1,4.0,13.91,1,1,0,0,0,0.0,1.0537878787878787,63.20552799433026,3
0,0,0,16,1,0.0,0.0,0.0,0.0,0.0,0.0,0.0,0,19.35,295.55,1,0,0,1,0,1,0,0,1,0,0,0.0,19.35,0,1,1,0,0,0.0,1.1382352941176472,14.523341523341523,1
0,1,0,40,1,1.0,0.0,1.0,0.0,0.0,1.0,1.0,1,101.3,4113.1,0,0,1,0,1,0,0,0,0,1,0,4.0,20.259999999999998,1,0,0,1,1,1.0,2.470731707317073,40.20625610948192,2
0,1,1,72,1,1.0,1.0,1.0,1.0,0.0,1.0,1.0,0,109.7,8129.3,1,0,1,0,0,0,1,0,1,0,0,6.0,15.671428571428573,1,1,1,0,0,0.0,1.5027397260273974,73.43541102077687,3
0,0,0,30,1,1.0,0.0,0.0,0.0,1.0,0.0,1.0,1,89.9,2723.15,0,0,1,0,1,0,0,0,1,0,0,3.0,22.475,1,0,1,1,0,0.0,2.9000000000000004,29.95764576457646,1
0,1,1,72,1,1.0,1.0,1.0,0.0,1.0,0.0,0.0,1,90.35,6563.4,1,0,1,0,0,0,1,1,0,0,0,4.0,18.07,0,1,1,0,0,0.0,1.2376712328767123,71.84893267651888,3
1,0,0,2,1,0.0,1.0,1.0,0.0,0.0,0.0,0.0,0,54.85,104.2,1,1,0,0,1,0,0,0,0,0,1,2.0,18.283333333333335,0,0,0,0,0,0.0,18.283333333333335,1.865711727842435,0
0,1,1,72,1,1.0,1.0,1.0,1.0,1.0,1.0,1.0,0,89.7,6339.3,0,1,0,0,0,0,1,0,1,0,0,7.0,11.2125,1,1,1,0,0,0.0,1.2287671232876713,69.89305402425579,3
0,0,0,41,1,1.0,0.0,1.0,1.0,0.0,1.0,1.0,1,80.55,3263.9,1,1,0,0,0,1,0,0,0,1,0,5.0,13.424999999999999,1,1,0,0,0,0.0,1.9178571428571427,40.0232985898222,2
0,0,0,2,1,0.0,0.0,1.0,0.0,0.0,0.0,0.0,1,49.6,114.7,1,1,0,0,1,0,0,0,0,0,1,1.0,24.8,0,0,0,0,0,0.0,16.533333333333335,2.266798418972332,0
0,0,0,8,1,1.0,0.0,1.0,1.0,0.0,1.0,0.0,1,94.0,773.65,0,0,1,0,1,0,0,0,0,1,0,4.0,18.8,1,0,0,1,1,1.0,10.444444444444445,8.143684210526315,0
0,0,0,41,1,1.0,0.0,1.0,0.0,0.0,1.0,0.0,1,89.2,3645.75,0,0,1,0,1,0,0,0,0,1,0,3.0,22.3,1,0,0,1,1,1.0,2.123809523809524,40.41851441241685,2
0,1,1,25,1,1.0,0.0,0.0,0.0,0.0,0.0,0.0,1,25.4,546.85,0,0,0,1,1,0,0,1,0,0,0,1.0,12.7,0,0,1,0,0,0.0,0.9769230769230769,20.714015151515152,1
0,1,0,60,0,0.0,1.0,1.0,1.0,0.0,0.0,1.0,0,50.05,2911.5,1,1,0,0,0,1,0,0,0,1,0,4.0,10.01,1,1,0,0,0,0.0,0.8204918032786884,57.032321253672876,2
1,1,0,23,1,0.0,0.0,0.0,0.0,0.0,1.0,1.0,1,90.45,2117.25,0,0,1,0,1,0,0,0,0,1,0,2.0,30.150000000000002,1,0,0,1,1,1.0,3.7687500000000003,23.15199562602515,1
0,0,0,35,1,1.0,1.0,0.0,1.0,1.0,1.0,1.0,1,108.95,4025.5,0,0,1,0,0,0,1,0,0,1,0,6.0,15.564285714285715,1,1,0,0,0,0.0,3.026388888888889,36.61209640745793,1
0,1,0,68,1,1.0,0.0,1.0,1.0,0.0,0.0,0.0,0,86.45,5762.95,1,0,1,0,0,1,0,0,1,0,0,3.0,21.6125,0,1,1,0,0,1.0,1.2528985507246377,65.89994282447113,3
0,0,0,14,1,0.0,1.0,0.0,0.0,0.0,0.0,0.0,0,50.1,709.5,1,1,0,0,1,0,0,1,0,0,0,1.0,25.05,0,0,1,0,0,0.0,3.3400000000000003,13.88454011741683,1
0,1,0,45,1,0.0,0.0,0.0,0.0,1.0,1.0,1.0,1,95.2,4285.8,1,0,1,0,0,0,1,0,1,0,0,3.0,23.8,1,1,1,0,0,0.0,2.0695652173913044,44.55093555093555,2
0,0,0,3,1,0.0,0.0,0.0,0.0,0.0,0.0,0.0,0,21.2,52.05,0,0,0,1,0,1,0,0,0,0,1,0.0,21.2,0,1,0,0,0,0.0,5.3,2.3445945945945947,0
0,1,1,31,1,1.0,0.0,0.0,1.0,1.0,1.0,1.0,1,104.2,3243.45,1,0,1,0,1,0,0,0,0,1,0,5.0,17.366666666666667,1,0,0,1,1,0.0,3.25625,30.83127376425855,1
0,1,1,61,1,0.0,0.0,0.0,0.0,0.0,0.0,0.0,1,19.4,1182.55,1,0,0,1,1,0,0,0,0,0,1,0.0,19.4,0,0,0,0,0,0.0,0.3129032258064516,57.96813725490196,3
0,1,1,19,1,1.0,0.0,0.0,0.0,0.0,0.0,0.0,0,25.6,485.9,1,0,0,1,0,0,1,0,0,0,1,1.0,12.8,0,1,0,0,0,0.0,1.28,18.26691729323308,1
0,0,1,1,0,0.0,0.0,0.0,0.0,0.0,0.0,0.0,1,24.7,24.7,0,1,0,0,1,0,0,0,0,1,0,0.0,24.7,0,0,0,0,1,0.0,12.35,0.9610894941634242,0
1,1,1,70,1,1.0,0.0,1.0,1.0,1.0,1.0,1.0,1,107.9,7475.85,1,0,1,0,0,1,0,0,0,1,0,6.0,15.414285714285715,1,1,0,0,0,0.0,1.519718309859155,68.64876033057851,3
1,0,0,45,1,0.0,1.0,0.0,1.0,0.0,0.0,1.0,0,62.7,2791.5,0,1,0,0,0,1,0,0,1,0,0,3.0,15.675,1,1,1,0,0,0.0,1.3630434782608696,43.822605965463104,2
0,1,1,66,1,1.0,0.0,0.0,0.0,0.0,0.0,0.0,1,74.25,4859.25,1,0,1,0,0,1,0,1,0,0,0,1.0,37.125,0,1,1,0,0,1.0,1.1082089552238805,64.57475083056478,3
0,1,1,71,1,1.0,0.0,0.0,0.0,0.0,0.0,0.0,0,23.9,1626.4,0,0,0,1,0,0,1,0,1,0,0,1.0,11.95,0,1,1,0,0,0.0,0.33194444444444443,65.31726907630522,3
0,0,0,22,1,0.0,0.0,1.0,0.0,0.0,0.0,1.0,1,84.3,1855.65,1,0,1,0,1,0,0,0,0,0,1,2.0,28.099999999999998,1,0,0,1,0,1.0,3.6652173913043478,21.754396248534587,1
0,1,1,28,1,0.0,0.0,0.0,0.0,0.0,0.0,0.0,0,19.9,543.0,1,0,0,1,0,1,0,0,0,0,1,0.0,19.9,0,1,0,0,0,0.0,0.6862068965517241,25.98086124401914,1
0,1,1,71,1,1.0,0.0,0.0,0.0,0.0,0.0,0.0,0,25.45,1813.35,1,0,0,1,0,0,1,1,0,0,0,1.0,12.725,0,1,1,0,0,0.0,0.3534722222222222,68.55765595463137,3
0,1,1,59,1,1.0,1.0,0.0,1.0,1.0,1.0,0.0,1,76.45,4519.5,1,1,0,0,0,0,1,0,0,0,1,5.0,12.741666666666667,1,1,0,0,0,0.0,1.2741666666666667,58.35377663008392,2
1,0,0,38,1,0.0,0.0,1.0,1.0,1.0,1.0,0.0,1,70.15,2497.35,0,1,0,0,0,1,0,0,1,0,0,4.0,14.030000000000001,1,1,1,0,0,0.0,1.7987179487179488,35.09978917779339,2
0,1,1,55,1,1.0,0.0,0.0,1.0,0.0,1.0,0.0,1,90.4,5099.15,0,0,1,0,1,0,0,0,1,0,0,3.0,22.6,1,0,1,1,0,1.0,1.6142857142857143,55.78938730853391,2
0,0,0,50,1,0.0,1.0,1.0,1.0,1.0,0.0,0.0,1,90.1,4549.45,0,0,1,0,0,1,0,0,1,0,0,4.0,18.02,0,1,1,0,0,0.0,1.7666666666666666,49.9390779363337,2
0,1,1,58,1,1.0,0.0,1.0,0.0,1.0,1.0,0.0,1,94.7,5430.35,0,0,1,0,0,1,0,0,1,0,0,4.0,18.94,1,1,1,0,0,0.0,1.605084745762712,56.74346917450366,2
0,0,0,18,0,0.0,1.0,0.0,1.0,0.0,0.0,0.0,0,33.6,550.35,0,1,0,0,1,0,0,0,0,0,1,2.0,11.200000000000001,0,0,0,0,0,0.0,1.7684210526315791,15.90606936416185,1
0,1,0,51,1,1.0,0.0,1.0,0.0,0.0,0.0,1.0,1,90.35,4614.55,0,0,1,0,0,1,0,0,1,0,0,3.0,22.5875,1,1,1,0,0,1.0,1.7374999999999998,50.51505199781062,2
0,1,1,71,1,1.0,1.0,1.0,1.0,1.0,1.0,1.0,0,90.35,6325.25,0,1,0,0,0,0,1,0,0,1,0,7.0,11.29375,1,1,0,0,0,0.0,1.254861111111111,69.24192665571977,3
0,1,1,58,1,0.0,0.0,0.0,0.0,0.0,0.0,0.0,1,19.55,1108.8,0,0,0,1,0,1,0,0,0,1,0,0.0,19.55,0,1,0,0,0,0.0,0.3313559322033898,53.95620437956204,2
0,1,0,51,1,1.0,0.0,0.0,0.0,0.0,1.0,1.0,1,94.65,4812.75,0,0,1,0,1,0,0,0,0,1,0,3.0,23.6625,1,0,0,1,1,1.0,1.8201923076923079,50.31625718766335,2
0,1,1,23,1,0.0,0.0,1.0,1.0,1.0,0.0,0.0,0,86.8,1940.8,0,0,1,0,0,1,0,0,0,0,1,3.0,21.7,0,1,0,0,0,0.0,3.6166666666666667,22.10478359908884,1
1,1,0,32,1,1.0,0.0,0.0,1.0,1.0,1.0,1.0,1,104.9,3351.55,0,0,1,0,1,0,0,0,0,1,0,5.0,17.483333333333334,1,0,0,1,1,0.0,3.178787878787879,31.648253068932956,1
0,1,1,40,0,0.0,0.0,1.0,0.0,0.0,1.0,1.0,1,50.85,2036.55,1,1,0,0,1,0,0,0,0,1,0,3.0,12.7125,1,0,0,0,1,0.0,1.2402439024390244,39.27772420443587,2
0,1,0,2,1,0.0,1.0,1.0,0.0,0.0,1.0,0.0,0,90.35,190.5,1,0,1,0,1,0,0,0,0,1,0,3.0,22.5875,1,0,0,1,1,0.0,30.116666666666664,2.085385878489327,0
0,0,0,38,1,0.0,0.0,0.0,0.0,0.0,1.0,1.0,1,89.1,3342.0,1,0,1,0,0,1,0,0,0,0,1,2.0,29.7,1,1,0,0,0,1.0,2.2846153846153845,37.092119866814656,2
0,1,1,34,0,0.0,0.0,0.0,1.0,1.0,1.0,0.0,1,44.85,1442.6,0,1,0,0,1,0,0,0,0,1,0,3.0,11.2125,1,0,0,0,1,0.0,1.2814285714285714,31.46346782988004,1
0,0,0,7,1,0.0,0.0,0.0,0.0,0.0,1.0,0.0,0,54.85,370.4,0,1,0,0,1,0,0,0,0,0,1,1.0,27.425,1,0,0,0,0,0.0,6.85625,6.632050134288272,0
1,0,0,67,1,1.0,0.0,0.0,0.0,0.0,0.0,0.0,1,75.7,5060.85,0,0,1,0,1,0,0,0,0,0,1,1.0,37.85,0,0,0,1,0,1.0,1.113235294117647,65.98239895697523,3
0,1,0,72,1,1.0,0.0,1.0,1.0,0.0,1.0,1.0,1,104.8,7470.1,0,0,1,0,0,0,1,1,0,0,0,5.0,17.466666666666665,1,1,1,0,0,1.0,1.4356164383561643,70.60586011342156,3
1,0,0,20,1,0.0,0.0,0.0,0.0,0.0,0.0,1.0,1,81.45,1671.6,1,0,1,0,1,0,0,0,0,1,0,1.0,40.725,1,0,0,1,1,1.0,3.8785714285714286,20.274105518496057,1
0,0,0,46,1,1.0,1.0,1.0,0.0,0.0,0.0,1.0,1,93.7,4154.8,0,0,1,0,1,0,0,0,0,1,0,4.0,18.740000000000002,1,0,0,1,1,0.0,1.9936170212765958,43.87328405491024,2
0,1,1,47,1,0.0,0.0,0.0,0.0,0.0,0.0,0.0,0,20.25,873.4,1,0,0,1,0,0,1,0,1,0,0,0.0,20.25,0,1,1,0,0,0.0,0.421875,41.101176470588236,2
0,1,0,72,0,0.0,1.0,1.0,1.0,1.0,1.0,1.0,1,64.7,4746.05,0,1,0,0,0,0,1,0,0,1,0,6.0,9.242857142857144,1,1,0,0,0,0.0,0.8863013698630138,72.23820395738204,3
1,0,0,1,1,1.0,0.0,0.0,0.0,0.0,0.0,0.0,1,72.1,72.1,1,0,1,0,1,0,0,0,0,1,0,1.0,36.05,0,0,0,1,1,1.0,36.05,0.9863201094391245,0
0,1,1,12,0,0.0,0.0,1.0,0.0,1.0,0.0,0.0,0,35.5,432.25,0,1,0,0,1,0,0,0,0,0,1,2.0,11.833333333333334,0,0,0,0,0,0.0,2.730769230769231,11.842465753424657,0
0,0,1,1,0,0.0,0.0,1.0,0.0,1.0,0.0,0.0,0,33.6,33.6,0,1,0,0,1,0,0,0,0,0,1,2.0,11.200000000000001,0,0,0,0,0,0.0,16.8,0.9710982658959537,0
0,1,0,72,1,1.0,0.0,1.0,1.0,1.0,1.0,1.0,1,109.75,7758.9,0,0,1,0,0,0,1,0,1,0,0,6.0,15.678571428571429,1,1,1,0,0,0.0,1.5034246575342465,70.05778781038374,3
0,1,0,61,1,0.0,0.0,0.0,0.0,0.0,0.0,0.0,0,20.25,1278.8,1,0,0,1,0,0,1,0,1,0,0,0.0,20.25,0,1,1,0,0,0.0,0.32661290322580644,60.178823529411765,3
0,0,1,51,0,0.0,1.0,0.0,1.0,1.0,1.0,1.0,0,60.15,3077.0,1,1,0,0,0,1,0,1,0,0,0,5.0,10.025,1,1,1,0,0,0.0,1.1567307692307691,50.318887980376125,2
1,1,0,3,1,0.0,0.0,0.0,0.0,1.0,1.0,0.0,1,83.9,267.4,1,0,1,0,1,0,0,0,0,0,1,2.0,27.96666666666667,1,0,0,1,0,0.0,20.975,3.149587750294464,0
0,0,0,42,1,0.0,1.0,1.0,1.0,0.0,0.0,0.0,0,59.65,2536.55,1,1,0,0,1,0,0,1,0,0,0,3.0,14.9125,0,0,1,0,0,0.0,1.3872093023255814,41.82275350370981,2
0,1,1,34,1,1.0,0.0,0.0,0.0,0.0,0.0,0.0,0,24.95,894.3,1,0,0,1,0,0,1,0,1,0,0,1.0,12.475,0,1,1,0,0,0.0,0.7128571428571429,34.46242774566474,1
0,1,1,8,1,0.0,0.0,0.0,1.0,0.0,1.0,1.0,1,94.75,759.55,0,0,1,0,1,0,0,0,0,1,0,3.0,23.6875,1,0,0,1,1,1.0,10.527777777777779,7.932637075718016,0
1,0,0,18,1,0.0,0.0,1.0,0.0,0.0,0.0,0.0,1,74.7,1294.6,1,0,1,0,1,0,0,0,0,1,0,1.0,37.35,0,0,0,1,1,1.0,3.931578947368421,17.101717305151915,1
1,1,0,3,0,0.0,0.0,0.0,0.0,0.0,1.0,0.0,1,36.45,93.7,0,1,0,0,1,0,0,0,0,0,1,1.0,18.225,1,0,0,0,0,0.0,9.1125,2.502002670226969,0
1,1,0,57,1,1.0,0.0,1.0,1.0,0.0,1.0,0.0,1,71.1,4140.1,0,1,0,0,0,1,0,0,1,0,0,4.0,14.219999999999999,1,1,1,0,0,0.0,1.225862068965517,57.42163661581138,2
0,0,0,2,1,1.0,0.0,0.0,0.0,0.0,0.0,0.0,1,75.9,143.35,1,0,1,0,1,0,0,0,0,1,0,1.0,37.95,0,0,0,1,1,1.0,25.3,1.8641092327698308,0
0,1,1,60,1,0.0,0.0,0.0,0.0,0.0,0.0,0.0,0,19.65,1161.75,0,0,0,1,0,0,1,0,1,0,0,0.0,19.65,0,1,1,0,0,0.0,0.3221311475409836,56.2590799031477,2
0,1,0,69,0,0.0,1.0,0.0,1.0,1.0,1.0,1.0,0,60.25,4055.5,0,1,0,0,0,0,1,1,0,0,0,5.0,10.041666666666666,1,1,1,0,0,0.0,0.8607142857142858,66.21224489795918,3
0,1,0,56,1,1.0,1.0,1.0,1.0,0.0,1.0,1.0,0,109.8,6109.65,1,0,1,0,0,1,0,1,0,0,0,6.0,15.685714285714285,1,1,1,0,0,0.0,1.9263157894736842,55.14124548736462,2
1,0,0,16,0,0.0,0.0,1.0,0.0,0.0,1.0,0.0,1,39.0,679.85,0,1,0,0,1,0,0,0,0,0,1,2.0,13.0,1,0,0,0,0,0.0,2.2941176470588234,16.99625,1
1,1,0,55,1,0.0,0.0,0.0,1.0,1.0,1.0,0.0,0,88.8,4805.3,1,0,1,0,0,0,1,0,1,0,0,3.0,22.2,1,1,1,0,0,0.0,1.5857142857142856,53.51113585746103,2
0,0,0,25,1,0.0,0.0,0.0,0.0,0.0,0.0,0.0,0,70.95,1767.35,0,0,1,0,1,0,0,0,0,0,1,0.0,70.95,0,0,0,1,0,1.0,2.728846153846154,24.56358582348853,1
0,0,0,1,1,0.0,0.0,0.0,0.0,0.0,0.0,0.0,0,45.15,45.15,1,1,0,0,1,0,0,0,0,1,0,0.0,45.15,0,0,0,0,1,0.0,22.575,0.9783315276273022,0
0,1,1,57,1,0.0,1.0,1.0,0.0,0.0,0.0,0.0,0,53.45,3053.0,1,1,0,0,0,1,0,0,0,1,0,2.0,17.816666666666666,0,1,0,0,0,0.0,0.9215517241379311,56.06978879706152,2
1,1,0,71,1,1.0,0.0,0.0,0.0,0.0,0.0,0.0,0,23.95,1756.2,0,0,0,1,0,0,1,1,0,0,0,1.0,11.975,0,1,1,0,0,0.0,0.3326388888888889,70.38877755511022,3
0,0,0,21,1,1.0,0.0,1.0,0.0,0.0,0.0,0.0,1,82.35,1852.85,0,0,1,0,1,0,0,0,0,1,0,2.0,27.45,0,0,0,1,1,1.0,3.7431818181818177,22.229754049190163,1
1,1,0,20,1,1.0,0.0,0.0,0.0,0.0,1.0,1.0,1,94.55,1899.65,0,0,1,0,1,0,0,0,0,1,0,3.0,23.6375,1,0,0,1,1,1.0,4.502380952380952,19.88121402407117,1
0,1,0,59,0,0.0,0.0,1.0,0.0,0.0,0.0,1.0,1,41.05,2452.7,0,1,0,0,1,0,0,1,0,0,0,2.0,13.683333333333332,1,0,1,0,0,0.0,0.6841666666666666,58.3281807372176,2
0,0,0,46,1,0.0,0.0,0.0,0.0,0.0,0.0,0.0,0,19.2,908.15,0,0,0,1,0,0,1,0,1,0,0,0.0,19.2,0,1,1,0,0,0.0,0.4085106382978723,44.95792079207921,2
0,1,1,10,1,0.0,0.0,1.0,0.0,1.0,0.0,1.0,1,65.5,616.9,1,1,0,0,1,0,0,0,0,1,0,3.0,16.375,1,0,0,0,1,0.0,5.954545454545454,9.276691729323307,0
0,1,1,15,1,0.0,0.0,0.0,0.0,0.0,0.0,0.0,0,20.35,335.95,1,0,0,1,0,1,0,0,1,0,0,0.0,20.35,0,1,1,0,0,0.0,1.271875,15.735362997658077,1
0,0,0,12,1,1.0,0.0,0.0,0.0,0.0,1.0,0.0,1,84.45,1059.55,0,0,1,0,1,0,0,0,0,1,0,2.0,28.150000000000002,1,0,0,1,1,1.0,6.496153846153846,12.399648917495611,0
0,0,1,1,0,0.0,0.0,0.0,0.0,0.0,0.0,0.0,1,25.3,25.3,0,1,0,0,1,0,0,0,0,1,0,0.0,25.3,0,0,0,0,1,0.0,12.65,0.9619771863117871,0
0,0,0,1,1,1.0,0.0,0.0,0.0,0.0,0.0,0.0,1,74.9,74.9,0,0,1,0,1,0,0,0,0,1,0,1.0,37.45,0,0,0,1,1,1.0,37.45,0.9868247694334651,0
0,0,1,3,1,0.0,0.0,0.0,0.0,0.0,1.0,0.0,1,54.7,169.45,0,1,0,0,1,0,0,0,1,0,0,1.0,27.35,1,0,1,0,0,0.0,13.675,3.042190305206463,0
0,1,0,10,1,0.0,1.0,0.0,0.0,1.0,0.0,0.0,1,54.95,568.85,0,1,0,0,1,0,0,0,1,0,0,2.0,18.316666666666666,0,0,1,0,0,0.0,4.995454545454546,10.167113494191241,0
0,0,0,1,1,0.0,0.0,0.0,0.0,0.0,0.0,0.0,0,20.05,20.05,0,0,0,1,1,0,0,0,0,0,1,0.0,20.05,0,0,0,0,0,0.0,10.025,0.9524940617577197,0
0,0,0,1,1,0.0,0.0,0.0,0.0,0.0,0.0,0.0,1,70.85,70.85,1,0,1,0,1,0,0,0,0,1,0,0.0,70.85,0,0,0,1,1,1.0,35.425,0.9860821155184412,0
0,0,0,33,1,0.0,0.0,0.0,0.0,0.0,0.0,0.0,1,70.4,2406.1,1,0,1,0,1,0,0,1,0,0,0,0.0,70.4,0,0,1,1,0,1.0,2.070588235294118,33.698879551820724,1
0,0,0,3,1,0.0,0.0,0.0,0.0,0.0,0.0,0.0,0,20.4,63.15,1,0,0,1,1,0,0,0,0,0,1,0.0,20.4,0,0,0,0,0,0.0,5.1,2.9509345794392523,0
0,0,0,31,1,0.0,0.0,0.0,0.0,0.0,0.0,0.0,0,20.95,683.25,1,0,0,1,0,1,0,0,0,0,1,0.0,20.95,0,1,0,0,0,0.0,0.6546875,31.12756264236902,1
0,1,1,37,1,1.0,0.0,0.0,0.0,0.0,0.0,0.0,0,26.45,911.6,1,0,0,1,1,0,0,0,0,0,1,1.0,13.225,0,0,0,0,0,0.0,0.6960526315789474,33.209471766848814,2
1,0,0,60,1,1.0,0.0,0.0,1.0,1.0,1.0,1.0,1,106.0,6441.4,1,0,1,0,0,1,0,0,0,1,0,5.0,17.666666666666668,1,1,0,0,0,0.0,1.7377049180327868,60.199999999999996,2
1,0,0,46,1,1.0,0.0,1.0,1.0,0.0,1.0,1.0,1,104.45,4863.85,1,0,1,0,1,0,0,0,0,1,0,5.0,17.408333333333335,1,0,0,1,1,1.0,2.222340425531915,46.124703651019445,2
0,0,0,19,1,0.0,0.0,1.0,1.0,0.0,0.0,0.0,1,78.25,1490.95,0,0,1,0,1,0,0,0,0,1,0,2.0,26.083333333333332,0,0,0,1,1,1.0,3.9125,18.813249211356467,1
0,0,0,28,0,0.0,0.0,0.0,1.0,1.0,0.0,0.0,1,35.75,961.4,1,1,0,0,1,0,0,0,0,0,1,2.0,11.916666666666666,0,0,0,0,0,0.0,1.2327586206896552,26.160544217687075,1
0,1,1,9,1,0.0,0.0,1.0,0.0,1.0,1.0,0.0,1,65.6,593.3,1,1,0,0,0,1,0,0,0,0,1,3.0,16.4,1,1,0,0,0,0.0,6.56,8.908408408408409,0
0,1,0,49,1,0.0,0.0,1.0,0.0,0.0,1.0,1.0,1,94.8,4690.65,0,0,1,0,0,0,1,0,0,1,0,3.0,23.7,1,1,0,0,0,1.0,1.896,48.96294363256785,2
0,0,0,45,1,1.0,0.0,0.0,1.0,1.0,1.0,1.0,1,103.65,4747.85,0,0,1,0,1,0,0,1,0,0,0,5.0,17.275000000000002,1,0,1,1,0,0.0,2.2532608695652177,45.36884854276159,2
1,0,0,17,1,0.0,0.0,1.0,1.0,0.0,1.0,0.0,1,89.15,1496.9,1,0,1,0,1,0,0,0,0,1,0,3.0,22.2875,1,0,0,1,1,1.0,4.952777777777778,16.60454797559623,1
0,1,0,66,1,1.0,1.0,0.0,1.0,0.0,1.0,1.0,1,106.05,6981.35,0,0,1,0,0,0,1,0,1,0,0,5.0,17.675,1,1,1,0,0,0.0,1.5828358208955224,65.21578701541337,3
1,0,0,21,1,0.0,0.0,0.0,1.0,0.0,1.0,0.0,1,60.05,1236.15,0,1,0,0,1,0,0,1,0,0,0,2.0,20.016666666666666,1,0,1,0,0,0.0,2.7295454545454545,20.248157248157252,1
1,1,0,60,1,1.0,0.0,0.0,1.0,0.0,1.0,1.0,1,100.5,6029.0,1,0,1,0,0,1,0,0,1,0,0,4.0,20.1,1,1,1,0,0,1.0,1.6475409836065573,59.399014778325125,2
0,0,0,70,1,1.0,0.0,0.0,0.0,0.0,0.0,0.0,0,26.05,1856.4,1,0,0,1,0,1,0,0,1,0,0,1.0,13.025,0,1,1,0,0,0.0,0.36690140845070424,68.62846580406655,3
0,0,0,72,1,0.0,0.0,0.0,0.0,0.0,0.0,0.0,0,20.25,1566.9,1,0,0,1,0,0,1,0,1,0,0,0.0,20.25,0,1,1,0,0,0.0,0.2773972602739726,73.73647058823529,3
0,1,0,54,1,0.0,0.0,0.0,0.0,0.0,0.0,0.0,0,20.05,1102.4,1,0,0,1,0,0,1,0,1,0,0,0.0,20.05,0,1,1,0,0,0.0,0.36454545454545456,52.37054631828979,2
0,0,0,11,1,0.0,0.0,0.0,0.0,0.0,0.0,0.0,0,20.35,215.25,0,0,0,1,1,0,0,0,0,0,1,0.0,20.35,0,0,0,0,0,0.0,1.6958333333333335,10.081967213114753,0
0,0,0,51,1,0.0,0.0,1.0,1.0,0.0,1.0,1.0,1,99.0,5038.15,0,0,1,0,1,0,0,0,0,1,0,4.0,19.8,1,0,0,1,1,1.0,1.9038461538461537,50.381499999999996,2
0,1,0,1,1,0.0,0.0,0.0,0.0,0.0,1.0,0.0,0,55.2,55.2,1,1,0,0,1,0,0,0,0,0,1,1.0,27.6,1,0,0,0,0,0.0,27.6,0.9822064056939501,0
0,0,0,1,1,0.0,0.0,0.0,0.0,0.0,0.0,0.0,0,45.3,45.3,0,1,0,0,1,0,0,0,0,1,0,0.0,45.3,0,0,0,0,1,0.0,22.65,0.978401727861771,0
1,0,0,67,1,1.0,0.0,1.0,0.0,0.0,0.0,0.0,0,54.9,3725.5,1,1,0,0,1,0,0,0,0,1,0,2.0,18.3,0,0,0,0,1,0.0,0.8073529411764706,66.64579606440071,3
0,1,1,5,1,0.0,0.0,0.0,0.0,0.0,0.0,0.0,0,20.55,99.45,0,0,0,1,0,1,0,0,0,1,0,0.0,20.55,0,1,0,0,0,0.0,3.4250000000000003,4.614849187935035,0
0,1,0,22,1,0.0,0.0,0.0,1.0,0.0,1.0,1.0,1,94.7,1914.9,0,0,1,0,1,0,0,0,1,0,0,3.0,23.675,1,0,1,1,0,1.0,4.1173913043478265,20.009404388714735,1
0,1,0,27,1,1.0,0.0,0.0,1.0,0.0,0.0,1.0,0,90.15,2423.4,1,0,1,0,1,0,0,1,0,0,0,3.0,22.5375,1,0,1,1,0,1.0,3.2196428571428575,26.58694459681843,1
0,1,0,3,1,0.0,0.0,0.0,0.0,0.0,0.0,0.0,1,19.9,45.75,1,0,0,1,1,0,0,0,0,0,1,0.0,19.9,0,0,0,0,0,0.0,4.975,2.188995215311005,0
1,0,0,66,1,1.0,0.0,0.0,1.0,1.0,1.0,1.0,1,102.85,6976.75,1,0,1,0,0,1,0,0,1,0,0,5.0,17.141666666666666,1,1,1,0,0,0.0,1.5350746268656716,67.18103033220993,3
0,0,0,24,1,0.0,1.0,0.0,0.0,1.0,0.0,0.0,0,56.35,1381.2,1,1,0,0,1,0,0,0,1,0,0,2.0,18.783333333333335,0,0,1,0,0,0.0,2.254,24.083696599825632,1
0,0,1,27,1,0.0,1.0,1.0,0.0,0.0,0.0,0.0,0,56.2,1567.55,0,1,0,0,0,1,0,0,0,0,1,2.0,18.733333333333334,0,1,0,0,0,0.0,2.007142857142857,27.404720279720276,1
0,0,0,1,1,1.0,0.0,0.0,0.0,0.0,0.0,0.0,1,75.05,75.05,1,0,1,0,1,0,0,0,0,0,1,1.0,37.525,0,0,0,1,0,1.0,37.525,0.9868507560815253,0
0,1,0,46,1,1.0,1.0,0.0,0.0,0.0,0.0,0.0,0,55.0,2473.95,1,1,0,0,1,0,0,1,0,0,0,2.0,18.333333333333332,0,0,1,0,0,0.0,1.1702127659574468,44.177678571428565,2
0,1,0,68,1,1.0,1.0,1.0,1.0,1.0,1.0,1.0,0,118.6,7990.05,1,0,1,0,0,0,1,0,0,0,1,7.0,14.825,1,1,0,0,0,0.0,1.718840579710145,66.8064381270903,3
0,0,0,14,1,0.0,1.0,0.0,0.0,1.0,0.0,0.0,0,55.7,795.15,1,1,0,0,0,1,0,0,0,0,1,2.0,18.566666666666666,0,1,0,0,0,0.0,3.7133333333333334,14.023809523809522,1
0,0,1,27,1,1.0,0.0,0.0,0.0,0.0,0.0,0.0,1,25.85,788.55,0,0,0,1,0,0,1,0,1,0,0,1.0,12.925,0,1,1,0,0,0.0,0.9232142857142858,29.36871508379888,1
0,0,0,1,1,0.0,0.0,0.0,0.0,0.0,0.0,0.0,0,19.9,19.9,1,0,0,1,1,0,0,0,0,0,1,0.0,19.9,0,0,0,0,0,0.0,9.95,0.9521531100478469,0
0,1,1,42,1,0.0,0.0,0.0,0.0,0.0,0.0,0.0,0,20.7,828.85,0,0,0,1,0,0,1,0,0,0,1,0.0,20.7,0,1,0,0,0,0.0,0.4813953488372093,38.19585253456221,2
0,0,0,59,1,0.0,0.0,0.0,1.0,1.0,1.0,0.0,1,64.65,3735.45,0,1,0,0,1,0,0,0,0,1,0,3.0,16.1625,1,0,0,0,1,0.0,1.0775000000000001,56.89946686976389,2
1,1,1,60,1,1.0,1.0,0.0,0.0,0.0,0.0,0.0,1,80.95,4859.1,0,0,1,0,1,0,0,0,0,1,0,2.0,26.983333333333334,0,0,0,1,1,0.0,1.327049180327869,59.2934716290421,2
1,1,0,59,0,0.0,1.0,0.0,1.0,1.0,1.0,1.0,1,64.05,3886.85,0,1,0,0,0,0,1,0,1,0,0,5.0,10.674999999999999,1,1,1,0,0,0.0,1.0675,59.75172943889316,2
0,1,1,24,1,1.0,1.0,0.0,0.0,0.0,0.0,0.0,0,54.75,1338.15,0,1,0,0,1,0,0,0,0,1,0,2.0,18.25,0,0,0,0,1,0.0,2.19,24.002690582959644,1
0,1,0,24,1,0.0,1.0,0.0,0.0,1.0,0.0,0.0,0,53.6,1315.35,0,1,0,0,1,0,0,0,0,0,1,2.0,17.866666666666667,0,0,0,0,0,0.0,2.144,24.09065934065934,1
1,0,0,28,1,1.0,0.0,1.0,1.0,0.0,1.0,1.0,1,106.15,3152.5,1,0,1,0,1,0,0,0,0,1,0,5.0,17.691666666666666,1,0,0,1,1,1.0,3.660344827586207,29.421371908539427,1
1,1,1,10,0,0.0,0.0,0.0,0.0,0.0,0.0,1.0,1,34.55,362.6,0,1,0,0,1,0,0,1,0,0,0,1.0,17.275,1,0,1,0,0,0.0,3.1409090909090907,10.199718706047822,0
0,1,0,13,1,1.0,1.0,1.0,0.0,1.0,1.0,0.0,1,76.2,981.45,1,1,0,0,1,0,0,0,0,1,0,5.0,12.700000000000001,1,0,0,0,1,0.0,5.442857142857143,12.713082901554404,1
0,0,0,63,1,0.0,0.0,0.0,0.0,0.0,0.0,0.0,1,20.6,1298.7,1,0,0,1,0,0,1,0,0,0,1,0.0,20.6,0,1,0,0,0,0.0,0.321875,60.125,3
0,0,0,3,1,1.0,0.0,0.0,1.0,0.0,1.0,1.0,1,101.55,298.35,0,0,1,0,1,0,0,1,0,0,0,4.0,20.31,1,0,1,1,0,1.0,25.3875,2.90931253047294,0
0,0,0,49,1,1.0,0.0,1.0,1.0,0.0,1.0,1.0,1,103.7,5036.3,0,0,1,0,1,0,0,1,0,0,0,5.0,17.283333333333335,1,0,1,1,0,1.0,2.074,48.102196752626554,2
0,1,1,27,1,0.0,0.0,0.0,0.0,0.0,0.0,0.0,1,20.55,583.3,1,0,0,1,0,1,0,0,0,0,1,0.0,20.55,0,1,0,0,0,0.0,0.7339285714285715,27.067285382830622,1
0,1,1,5,1,1.0,1.0,1.0,0.0,1.0,0.0,0.0,0,64.4,316.9,0,1,0,0,1,0,0,0,1,0,0,4.0,12.88,0,0,1,0,0,0.0,10.733333333333334,4.845565749235473,0
0,0,0,18,1,0.0,0.0,0.0,0.0,0.0,0.0,0.0,0,20.05,358.5,0,0,0,1,1,0,0,0,0,0,1,0.0,20.05,0,0,0,0,0,0.0,1.055263157894737,17.03087885985748,1
0,0,1,3,1,0.0,0.0,0.0,0.0,0.0,0.0,0.0,1,20.55,57.4,1,0,0,1,0,1,0,0,1,0,0,0.0,20.55,0,1,1,0,0,0.0,5.1375,2.663573085846868,0
0,0,0,46,1,0.0,0.0,0.0,1.0,0.0,0.0,0.0,1,74.8,3548.3,1,0,1,0,1,0,0,0,1,0,0,1.0,37.4,0,0,1,1,0,1.0,1.5914893617021275,46.811345646438,2
0,1,1,71,1,0.0,1.0,1.0,1.0,1.0,0.0,0.0,0,64.05,4492.9,1,1,0,0,0,0,1,0,1,0,0,4.0,12.809999999999999,0,1,1,0,0,0.0,0.8895833333333333,69.06840891621829,3
0,0,0,1,1,0.0,0.0,0.0,0.0,0.0,0.0,0.0,0,45.6,45.6,0,1,0,0,1,0,0,0,0,0,1,0.0,45.6,0,0,0,0,0,0.0,22.8,0.9785407725321889,0
1,1,0,50,1,1.0,1.0,1.0,1.0,0.0,1.0,0.0,1,101.9,5265.5,0,0,1,0,0,1,0,1,0,0,0,5.0,16.983333333333334,1,1,1,0,0,0.0,1.9980392156862745,51.17103984450923,2
0,0,0,31,1,0.0,0.0,1.0,0.0,1.0,0.0,0.0,1,78.45,2435.15,0,0,1,0,1,0,0,0,0,1,0,2.0,26.150000000000002,0,0,0,1,1,0.0,2.4515625,30.650094398993076,1
0,1,0,70,1,0.0,1.0,1.0,0.0,1.0,0.0,1.0,0,67.95,4664.15,0,1,0,0,0,0,1,0,0,0,1,4.0,13.59,1,1,0,0,0,0.0,0.9570422535211268,67.64539521392312,3
0,0,0,55,1,0.0,0.0,1.0,1.0,0.0,0.0,1.0,1,64.75,3617.1,1,1,0,0,0,0,1,0,0,0,1,3.0,16.1875,1,1,0,0,0,0.0,1.15625,55.012927756653994,2
0,0,0,17,1,1.0,1.0,1.0,0.0,0.0,1.0,0.0,1,94.4,1617.5,1,0,1,0,1,0,0,0,0,1,0,4.0,18.880000000000003,1,0,0,1,1,0.0,5.2444444444444445,16.954926624737944,1
1,0,0,5,1,1.0,0.0,1.0,0.0,0.0,0.0,1.0,1,89.8,502.6,0,0,1,0,1,0,0,0,0,1,0,3.0,22.45,1,0,0,1,1,1.0,14.966666666666667,5.535242290748899,0
0,0,0,22,1,1.0,0.0,0.0,0.0,0.0,1.0,1.0,1,94.65,2104.55,0,0,1,0,1,0,0,0,1,0,0,3.0,23.6625,1,0,1,1,0,1.0,4.115217391304348,22.002613695765813,1
0,0,0,6,1,1.0,0.0,0.0,0.0,0.0,1.0,1.0,1,93.55,536.4,1,0,1,0,1,0,0,1,0,0,0,3.0,23.3875,1,0,1,1,0,1.0,13.364285714285714,5.673188789000529,0
0,0,0,9,1,1.0,0.0,0.0,0.0,0.0,0.0,1.0,1,83.3,803.3,1,0,1,0,1,0,0,0,0,1,0,2.0,27.766666666666666,1,0,0,1,1,1.0,8.33,9.529062870699882,0
0,0,0,36,1,0.0,1.0,1.0,1.0,1.0,0.0,1.0,1,75.55,2680.15,1,1,0,0,0,1,0,0,0,0,1,5.0,12.591666666666667,1,1,0,0,0,0.0,2.041891891891892,35.011757021554544,1
0,1,1,1,1,0.0,0.0,0.0,0.0,0.0,0.0,0.0,0,19.75,19.75,0,0,0,1,1,0,0,0,0,1,0,0.0,19.75,0,0,0,0,1,0.0,9.875,0.9518072289156626,0
0,0,0,2,1,0.0,0.0,0.0,1.0,0.0,1.0,1.0,1,95.85,197.7,0,0,1,0,1,0,0,0,0,1,0,3.0,23.9625,1,0,0,1,1,1.0,31.95,2.0413009808982965,0
0,0,0,9,1,0.0,0.0,0.0,0.0,0.0,1.0,1.0,1,90.8,809.75,1,0,1,0,1,0,0,1,0,0,0,2.0,30.266666666666666,1,0,1,1,0,1.0,9.08,8.820806100217865,0
0,0,0,6,1,0.0,0.0,0.0,0.0,1.0,0.0,0.0,1,50.8,288.05,1,1,0,0,1,0,0,1,0,0,0,1.0,25.4,0,0,1,0,0,0.0,7.257142857142857,5.560810810810811,0
0,1,1,69,1,1.0,1.0,0.0,0.0,1.0,0.0,0.0,0,61.4,4059.85,1,1,0,0,0,0,1,0,1,0,0,3.0,15.35,0,1,1,0,0,0.0,0.8771428571428571,65.06169871794872,3
0,1,1,54,1,0.0,0.0,0.0,0.0,0.0,0.0,0.0,1,20.35,1092.35,1,0,0,1,0,0,1,1,0,0,0,0.0,20.35,0,1,1,0,0,0.0,0.37000000000000005,51.1639344262295,2
1,1,0,44,0,0.0,0.0,1.0,0.0,0.0,0.0,0.0,1,30.35,1359.7,0,1,0,0,1,0,0,0,0,1,0,1.0,15.175,0,0,0,0,1,0.0,0.6744444444444445,43.37161084529505,2
0,1,1,23,1,0.0,1.0,0.0,0.0,1.0,0.0,0.0,0,57.2,1423.35,0,1,0,0,0,1,0,0,1,0,0,2.0,19.066666666666666,0,1,1,0,0,0.0,2.3833333333333333,24.456185567010305,1
0,0,0,27,1,0.0,0.0,0.0,0.0,0.0,0.0,0.0,1,19.6,561.15,1,0,0,1,0,0,1,0,0,0,1,0.0,19.6,0,1,0,0,0,0.0,0.7000000000000001,27.24029126213592,1
0,0,0,2,1,0.0,1.0,1.0,0.0,1.0,0.0,0.0,1,86.25,181.65,1,0,1,0,1,0,0,0,0,1,0,3.0,21.5625,0,0,0,1,1,0.0,28.75,2.081948424068768,0
0,0,0,2,1,0.0,1.0,0.0,0.0,0.0,1.0,1.0,1,70.75,146.9,1,1,0,0,1,0,0,0,0,1,0,3.0,17.6875,1,0,0,0,1,0.0,23.583333333333332,2.0473867595818818,0
0,0,0,26,1,0.0,0.0,0.0,0.0,1.0,1.0,0.0,0,59.45,1507.0,0,1,0,0,0,1,0,0,1,0,0,2.0,19.816666666666666,1,1,1,0,0,0.0,2.201851851851852,24.929693961952026,1
0,1,1,1,0,0.0,0.0,0.0,0.0,1.0,1.0,0.0,0,40.1,40.1,1,1,0,0,1,0,0,0,0,1,0,2.0,13.366666666666667,1,0,0,0,1,0.0,20.05,0.975669099756691,0
0,1,1,4,1,0.0,0.0,0.0,0.0,0.0,0.0,0.0,1,20.5,77.6,0,0,0,1,1,0,0,0,0,0,1,0.0,20.5,0,0,0,0,0,0.0,4.1,3.609302325581395,0
0,0,0,27,1,1.0,0.0,0.0,0.0,0.0,0.0,0.0,0,49.0,1291.35,0,1,0,0,1,0,0,0,0,0,1,1.0,24.5,0,0,0,0,0,0.0,1.75,25.826999999999998,1
0,0,0,50,1,0.0,0.0,1.0,0.0,1.0,1.0,1.0,1,100.2,5038.45,1,0,1,0,0,0,1,0,0,0,1,4.0,20.04,1,1,0,0,0,0.0,1.9647058823529413,49.787055335968375,2
0,0,0,35,1,0.0,0.0,0.0,0.0,0.0,0.0,0.0,1,19.15,638.0,0,0,0,1,0,1,0,0,0,0,1,0.0,19.15,0,1,0,0,0,0.0,0.5319444444444444,31.66253101736973,1
0,1,1,66,1,1.0,1.0,0.0,1.0,1.0,1.0,1.0,1,84.0,5714.25,0,1,0,0,0,0,1,0,0,0,1,6.0,12.0,1,1,0,0,0,0.0,1.2537313432835822,67.22647058823529,3
0,1,1,63,1,0.0,1.0,1.0,1.0,1.0,0.0,0.0,0,63.55,4014.2,1,1,0,0,0,0,1,0,0,0,1,4.0,12.709999999999999,0,1,0,0,0,0.0,0.99296875,62.18745158791634,3
0,1,0,17,0,0.0,0.0,0.0,1.0,1.0,1.0,1.0,0,54.6,934.8,0,1,0,0,0,1,0,0,0,1,0,4.0,10.92,1,1,0,0,0,0.0,3.033333333333333,16.81294964028777,1
0,1,1,71,1,1.0,1.0,1.0,1.0,1.0,0.0,0.0,0,71.1,5224.95,1,1,0,0,0,0,1,0,0,0,1,5.0,11.85,0,1,0,0,0,0.0,0.9874999999999999,72.46809986130374,3
0,1,1,1,1,0.0,0.0,0.0,0.0,0.0,0.0,0.0,0,19.95,19.95,0,0,0,1,1,0,0,1,0,0,0,0.0,19.95,0,0,1,0,0,0.0,9.975,0.9522673031026253,0
0,1,1,54,1,1.0,0.0,1.0,0.0,1.0,1.0,1.0,1,105.2,5637.85,0,0,1,0,0,1,0,0,0,1,0,5.0,17.533333333333335,1,1,0,0,0,0.0,1.9127272727272728,53.08709981167608,2
0,1,1,16,1,1.0,1.0,0.0,1.0,1.0,1.0,1.0,1,112.95,1882.55,1,0,1,0,1,0,0,0,0,1,0,6.0,16.135714285714286,1,0,0,1,1,0.0,6.644117647058824,16.520842474769633,1
0,0,0,29,1,1.0,0.0,0.0,0.0,0.0,0.0,0.0,0,25.15,702.0,1,0,0,1,1,0,0,0,0,1,0,1.0,12.575,0,0,0,0,1,0.0,0.8383333333333333,26.845124282982795,1
0,0,1,5,1,0.0,0.0,0.0,0.0,1.0,0.0,0.0,1,51.0,286.8,1,1,0,0,1,0,0,0,0,0,1,1.0,25.5,0,0,0,0,0,0.0,8.5,5.515384615384615,0
1,1,1,26,1,1.0,0.0,1.0,1.0,0.0,1.0,1.0,0,105.75,2710.25,0,0,1,0,1,0,0,0,0,1,0,5.0,17.625,1,0,0,1,1,1.0,3.9166666666666665,25.388758782201407,1
0,0,0,41,1,0.0,0.0,1.0,0.0,1.0,1.0,1.0,1,99.65,4220.35,0,0,1,0,0,0,1,0,1,0,0,4.0,19.93,1,1,1,0,0,0.0,2.3726190476190476,41.93094883258818,2
0,1,0,69,1,1.0,0.0,0.0,1.0,1.0,1.0,1.0,0,105.35,7240.65,1,0,1,0,0,0,1,1,0,0,0,5.0,17.558333333333334,1,1,1,0,0,0.0,1.505,68.08321579689704,3
0,1,1,18,1,1.0,0.0,0.0,0.0,0.0,0.0,0.0,0,25.1,428.45,1,0,0,1,0,0,1,0,0,0,1,1.0,12.55,0,1,0,0,0,0.0,1.3210526315789475,16.415708812260537,1
0,0,0,43,1,1.0,0.0,0.0,0.0,0.0,0.0,0.0,1,25.7,1188.2,1,0,0,1,0,0,1,0,1,0,0,1.0,12.85,0,1,1,0,0,0.0,0.5840909090909091,44.50187265917603,2
1,0,0,71,1,1.0,0.0,1.0,0.0,0.0,1.0,1.0,1,99.65,6951.15,1,0,1,0,1,0,0,0,1,0,0,4.0,19.93,1,0,1,1,0,1.0,1.3840277777777779,69.06259314456035,3
1,1,0,2,1,1.0,0.0,0.0,1.0,0.0,0.0,0.0,0,79.2,172.85,1,0,1,0,1,0,0,0,0,1,0,2.0,26.400000000000002,0,0,0,1,1,1.0,26.400000000000002,2.1552369077306732,0
1,1,0,1,1,1.0,0.0,0.0,0.0,0.0,0.0,0.0,0,74.3,74.3,0,0,1,0,1,0,0,0,0,1,0,1.0,37.15,0,0,0,1,1,1.0,37.15,0.9867197875166003,0
0,0,0,31,1,1.0,0.0,0.0,1.0,0.0,0.0,1.0,1,89.9,2806.9,1,0,1,0,1,0,0,0,0,1,0,3.0,22.475,1,0,0,1,1,1.0,2.809375,30.878987898789877,1
0,1,0,56,1,0.0,1.0,0.0,1.0,0.0,0.0,0.0,0,80.3,4513.65,1,0,1,0,0,0,1,1,0,0,0,2.0,26.766666666666666,0,1,1,0,0,0.0,1.4087719298245613,55.518450184501845,2
1,0,0,1,1,1.0,0.0,0.0,0.0,0.0,0.0,0.0,1,74.2,74.2,1,0,1,0,1,0,0,0,0,1,0,1.0,37.1,0,0,0,1,1,1.0,37.1,0.9867021276595744,0
0,1,1,69,1,1.0,0.0,0.0,0.0,0.0,0.0,0.0,1,25.6,1673.4,1,0,0,1,0,0,1,1,0,0,0,1.0,12.8,0,1,1,0,0,0.0,0.3657142857142857,62.909774436090224,3
0,1,0,50,1,1.0,1.0,1.0,0.0,0.0,0.0,1.0,1,94.4,4914.9,0,0,1,0,1,0,0,0,1,0,0,4.0,18.880000000000003,1,0,1,1,0,0.0,1.8509803921568628,51.518867924528294,2
1,0,0,18,1,1.0,0.0,1.0,0.0,1.0,1.0,1.0,1,103.6,1806.35,1,0,1,0,1,0,0,0,1,0,0,5.0,17.266666666666666,1,0,1,1,0,0.0,5.4526315789473685,17.269120458891013,1
0,0,0,3,1,0.0,0.0,1.0,0.0,1.0,1.0,1.0,1,97.9,315.3,1,0,1,0,1,0,0,0,0,1,0,4.0,19.580000000000002,1,0,0,1,1,0.0,24.475,3.1880687563195145,0
0,0,0,11,1,0.0,0.0,0.0,1.0,1.0,0.0,0.0,0,53.8,651.55,1,1,0,0,0,1,0,1,0,0,0,2.0,17.933333333333334,0,1,1,0,0,0.0,4.483333333333333,11.889598540145986,0
0,1,1,37,1,1.0,0.0,1.0,0.0,0.0,1.0,0.0,1,88.8,3340.55,1,0,1,0,1,0,0,0,0,1,0,3.0,22.2,1,0,0,1,1,1.0,2.3368421052631576,37.199888641425396,2
0,0,0,67,0,0.0,0.0,0.0,1.0,1.0,1.0,1.0,1,53.4,3579.15,1,1,0,0,1,0,0,0,1,0,0,4.0,10.68,1,0,1,0,0,0.0,0.7852941176470588,65.79319852941177,3
0,1,0,66,1,1.0,1.0,1.0,1.0,0.0,0.0,0.0,1,66.1,4428.45,0,1,0,0,0,0,1,0,1,0,0,4.0,13.219999999999999,0,1,1,0,0,0.0,0.9865671641791044,65.99776453055142,3
0,0,0,1,1,0.0,0.0,0.0,0.0,0.0,0.0,0.0,0,20.0,20.0,0,0,0,1,1,0,0,0,0,0,1,0.0,20.0,0,0,0,0,0,0.0,10.0,0.9523809523809523,0
0,1,0,42,1,1.0,1.0,0.0,1.0,0.0,0.0,1.0,1,94.4,4014.6,0,0,1,0,1,0,0,0,0,1,0,4.0,18.880000000000003,1,0,0,1,1,0.0,2.1953488372093024,42.081761006289305,2
0,1,0,59,1,1.0,1.0,1.0,1.0,1.0,1.0,1.0,0,113.75,6561.25,0,0,1,0,0,0,1,0,0,1,0,7.0,14.21875,1,1,0,0,0,0.0,1.8958333333333333,57.17864923747277,2
0,0,0,35,1,1.0,1.0,1.0,1.0,1.0,0.0,0.0,1,96.75,3403.4,0,0,1,0,1,0,0,0,0,0,1,5.0,16.125,0,0,0,1,0,0.0,2.6875,34.81739130434783,1
0,0,0,44,1,1.0,0.0,0.0,1.0,0.0,0.0,1.0,1,90.4,4063.0,0,0,1,0,1,0,0,0,0,0,1,3.0,22.6,1,0,0,1,0,1.0,2.008888888888889,44.45295404814004,2
0,1,0,21,1,0.0,0.0,0.0,1.0,1.0,0.0,0.0,0,79.2,1742.45,1,0,1,0,0,1,0,0,0,1,0,2.0,26.400000000000002,0,1,0,0,0,0.0,3.6,21.726309226932667,1
0,1,1,17,1,1.0,0.0,0.0,0.0,0.0,0.0,1.0,1,85.45,1451.6,1,0,1,0,1,0,0,0,0,1,0,2.0,28.483333333333334,1,0,0,1,1,1.0,4.747222222222223,16.79120879120879,1
0,1,1,22,1,0.0,0.0,0.0,0.0,0.0,0.0,0.0,0,19.9,400.3,1,0,0,1,1,0,0,0,0,0,1,0.0,19.9,0,0,0,0,0,0.0,0.8652173913043477,19.15311004784689,1
0,1,1,55,1,0.0,1.0,0.0,0.0,0.0,0.0,1.0,0,59.45,3157.0,0,1,0,0,0,1,0,0,1,0,0,2.0,19.816666666666666,1,1,1,0,0,0.0,1.061607142857143,52.224979321753516,2
0,0,0,6,1,1.0,0.0,1.0,0.0,0.0,1.0,0.0,1,90.1,521.3,1,0,1,0,1,0,0,0,0,1,0,3.0,22.525,1,0,0,1,1,1.0,12.87142857142857,5.722283205268935,0
0,0,0,51,0,0.0,0.0,1.0,1.0,0.0,1.0,1.0,1,56.4,2928.5,1,1,0,0,0,1,0,0,1,0,0,4.0,11.28,1,1,1,0,0,0.0,1.0846153846153845,51.0191637630662,2
1,1,0,69,1,0.0,1.0,1.0,0.0,0.0,0.0,1.0,0,87.3,6055.55,1,0,1,0,0,1,0,0,1,0,0,3.0,21.825,1,1,1,0,0,0.0,1.247142857142857,68.579275198188,3
0,0,1,18,1,1.0,0.0,0.0,0.0,0.0,0.0,0.0,0,25.3,454.65,1,0,0,1,0,0,1,0,1,0,0,1.0,12.65,0,1,1,0,0,0.0,1.3315789473684212,17.287072243346007,1
0,1,0,14,1,0.0,0.0,0.0,1.0,0.0,0.0,0.0,0,50.2,668.85,0,1,0,0,1,0,0,0,1,0,0,1.0,25.1,0,0,1,0,0,0.0,3.3466666666666667,13.0634765625,1
1,0,0,53,1,0.0,1.0,1.0,0.0,1.0,0.0,1.0,1,96.75,5206.55,1,0,1,0,0,1,0,0,0,0,1,4.0,19.35,1,1,0,0,0,0.0,1.7916666666666667,53.263938618925835,2
0,1,1,7,1,0.0,0.0,0.0,0.0,0.0,0.0,0.0,0,20.45,150.75,1,0,0,1,1,0,0,0,0,0,1,0.0,20.45,0,0,0,0,0,0.0,2.55625,7.027972027972028,0
1,0,0,30,1,0.0,1.0,1.0,0.0,0.0,1.0,1.0,1,74.75,2111.3,0,1,0,0,1,0,0,0,0,1,0,4.0,14.95,1,0,0,0,1,0.0,2.411290322580645,27.871947194719475,1
0,0,1,18,1,0.0,0.0,0.0,0.0,0.0,0.0,0.0,1,45.65,747.2,0,1,0,0,1,0,0,0,1,0,0,0.0,45.65,0,0,1,0,0,0.0,2.4026315789473682,16.017148981779208,1
1,1,1,72,1,1.0,1.0,1.0,1.0,1.0,1.0,1.0,0,92.45,6440.25,1,1,0,0,0,0,1,0,1,0,0,7.0,11.55625,1,1,1,0,0,0.0,1.2664383561643835,68.91653290529695,3
0,0,0,33,1,1.0,0.0,1.0,0.0,0.0,0.0,0.0,1,54.65,1665.2,0,1,0,0,1,0,0,1,0,0,0,2.0,18.216666666666665,0,0,1,0,0,0.0,1.6073529411764707,29.92273135669362,1
0,0,1,4,1,1.0,0.0,0.0,0.0,1.0,0.0,0.0,0,80.8,332.45,0,0,1,0,1,0,0,0,1,0,0,2.0,26.933333333333334,0,0,1,1,0,0.0,16.16,4.064180929095355,0
0,0,0,52,1,1.0,1.0,0.0,0.0,1.0,1.0,1.0,1,79.75,4217.8,0,1,0,0,0,0,1,0,1,0,0,5.0,13.291666666666666,1,1,1,0,0,0.0,1.5047169811320755,52.232817337461306,2
0,0,1,20,1,0.0,0.0,0.0,0.0,0.0,0.0,0.0,1,19.4,374.5,0,0,0,1,1,0,0,0,0,1,0,0.0,19.4,0,0,0,0,1,0.0,0.9238095238095237,18.357843137254903,1
0,1,1,6,1,1.0,0.0,0.0,0.0,0.0,0.0,0.0,0,25.4,153.3,0,0,0,1,0,0,1,0,0,0,1,1.0,12.7,0,1,0,0,0,0.0,3.6285714285714286,5.8068181818181825,0
0,1,1,72,1,1.0,1.0,1.0,1.0,1.0,1.0,1.0,0,92.65,6733.0,1,1,0,0,0,0,1,1,0,0,0,7.0,11.58125,1,1,1,0,0,0.0,1.2691780821917809,71.89535504538173,3
0,1,0,43,1,0.0,1.0,0.0,1.0,1.0,1.0,1.0,1,78.8,3460.3,1,1,0,0,0,0,1,0,0,1,0,5.0,13.133333333333333,1,1,0,0,0,0.0,1.7909090909090908,43.36215538847118,2
0,0,0,12,1,1.0,0.0,0.0,1.0,0.0,1.0,1.0,1,100.15,1164.3,1,0,1,0,1,0,0,1,0,0,0,4.0,20.03,1,0,1,1,0,1.0,7.703846153846154,11.510627780523974,0
0,1,1,55,1,1.0,1.0,1.0,0.0,0.0,0.0,0.0,1,85.1,4600.95,1,0,1,0,1,0,0,0,0,1,0,3.0,21.275,0,0,0,1,1,0.0,1.519642857142857,53.437282229965156,2
0,0,0,2,1,0.0,0.0,1.0,0.0,0.0,1.0,0.0,1,59.0,114.15,1,1,0,0,1,0,0,0,0,1,0,2.0,19.666666666666668,1,0,0,0,1,0.0,19.666666666666668,1.9025,0
0,1,1,70,1,1.0,0.0,0.0,0.0,0.0,0.0,0.0,0,24.05,1764.75,1,0,0,1,0,0,1,0,0,0,1,1.0,12.025,0,1,0,0,0,0.0,0.3387323943661972,70.44910179640718,3
0,0,0,1,0,0.0,0.0,0.0,0.0,0.0,0.0,0.0,1,25.15,25.15,1,1,0,0,1,0,0,0,0,0,1,0.0,25.15,0,0,0,0,0,0.0,12.575,0.9617590822179732,0
1,1,0,68,1,1.0,0.0,0.0,1.0,0.0,0.0,0.0,1,80.35,5589.3,0,0,1,0,1,0,0,0,1,0,0,2.0,26.78333333333333,0,0,1,1,0,1.0,1.1644927536231884,68.70682237246467,3
0,0,0,4,1,0.0,0.0,1.0,0.0,0.0,1.0,1.0,1,68.65,261.25,1,1,0,0,1,0,0,1,0,0,0,3.0,17.1625,1,0,1,0,0,0.0,13.73,3.7508973438621678,0
0,1,0,72,1,1.0,0.0,0.0,0.0,0.0,0.0,0.0,0,26.45,1914.5,1,0,0,1,0,0,1,0,1,0,0,1.0,13.225,0,1,1,0,0,0.0,0.36232876712328765,69.74499089253187,3
0,0,0,1,0,0.0,0.0,0.0,0.0,0.0,0.0,0.0,0,25.25,25.25,1,1,0,0,1,0,0,1,0,0,0,0.0,25.25,0,0,1,0,0,0.0,12.625,0.9619047619047619,0
0,1,1,18,0,0.0,0.0,1.0,1.0,0.0,1.0,0.0,0,46.4,812.4,0,1,0,0,0,1,0,0,1,0,0,3.0,11.6,1,1,1,0,0,0.0,2.442105263157895,17.139240506329113,1
0,1,0,45,1,1.0,1.0,0.0,1.0,0.0,0.0,0.0,1,84.55,3713.95,0,0,1,0,1,0,0,0,0,0,1,3.0,21.1375,0,0,0,1,0,0.0,1.8380434782608694,43.412624196376385,2
0,1,1,28,1,0.0,0.0,0.0,1.0,0.0,1.0,0.0,0,85.45,2289.9,0,0,1,0,1,0,0,0,0,1,0,2.0,28.483333333333334,1,0,0,1,1,1.0,2.9465517241379313,26.488143435511855,1
0,0,0,1,1,0.0,0.0,0.0,0.0,0.0,1.0,0.0,0,79.55,79.55,1,0,1,0,1,0,0,0,0,1,0,1.0,39.775,1,0,0,1,1,1.0,39.775,0.9875853507138423,0
0,1,1,72,1,1.0,1.0,1.0,1.0,0.0,1.0,1.0,1,108.4,7767.25,0,0,1,0,0,0,1,0,1,0,0,6.0,15.485714285714286,1,1,1,0,0,0.0,1.4849315068493152,70.99862888482632,3
0,0,0,57,1,0.0,0.0,0.0,1.0,0.0,1.0,1.0,1,95.25,5464.65,1,0,1,0,0,0,1,0,0,1,0,3.0,23.8125,1,1,0,0,0,1.0,1.6422413793103448,56.77558441558441,2
0,0,0,11,1,1.0,0.0,0.0,0.0,0.0,0.0,1.0,1,58.95,601.6,1,1,0,0,1,0,0,0,0,0,1,2.0,19.650000000000002,1,0,0,0,0,0.0,4.9125000000000005,10.035029190992494,0
0,0,0,66,1,1.0,0.0,1.0,0.0,0.0,1.0,0.0,1,88.9,6000.1,1,0,1,0,0,1,0,1,0,0,0,3.0,22.225,1,1,1,0,0,1.0,1.326865671641791,66.74193548387096,3
0,1,1,51,1,0.0,0.0,0.0,0.0,0.0,0.0,0.0,0,19.4,997.75,0,0,0,1,0,1,0,0,0,0,1,0.0,19.4,0,1,0,0,0,0.0,0.37307692307692303,48.9093137254902,2
0,1,1,67,1,1.0,0.0,0.0,0.0,0.0,0.0,0.0,0,26.3,1688.9,0,0,0,1,0,0,1,0,0,0,1,1.0,13.15,0,1,0,0,0,0.0,0.38676470588235295,61.86446886446887,3
0,0,0,18,1,0.0,0.0,0.0,0.0,0.0,0.0,0.0,1,69.8,1221.65,1,0,1,0,1,0,0,0,0,1,0,0.0,69.8,0,0,0,1,1,1.0,3.6736842105263157,17.25494350282486,1
1,0,0,11,1,1.0,1.0,0.0,0.0,0.0,0.0,0.0,1,55.6,580.8,1,1,0,0,1,0,0,0,0,1,0,2.0,18.533333333333335,0,0,0,0,1,0.0,4.633333333333334,10.261484098939928,0
0,0,0,1,1,1.0,0.0,1.0,0.0,0.0,0.0,0.0,1,80.2,80.2,1,0,1,0,1,0,0,0,0,0,1,2.0,26.733333333333334,0,0,0,1,0,1.0,40.1,0.9876847290640394,0
0,1,0,70,1,0.0,0.0,0.0,0.0,0.0,0.0,0.0,0,19.45,1303.5,1,0,0,1,0,0,1,1,0,0,0,0.0,19.45,0,1,1,0,0,0.0,0.27394366197183095,63.74083129584352,3
0,1,1,45,1,1.0,0.0,1.0,1.0,1.0,1.0,1.0,1,109.75,4900.65,0,0,1,0,0,0,1,1,0,0,0,6.0,15.678571428571429,1,1,1,0,0,0.0,2.385869565217391,44.24966139954853,2
1,0,0,1,1,0.0,0.0,0.0,0.0,0.0,0.0,0.0,1,70.05,70.05,0,0,1,0,1,0,0,0,0,1,0,0.0,70.05,0,0,0,1,1,1.0,35.025,0.9859254046446164,0
0,0,0,29,1,0.0,0.0,0.0,0.0,1.0,1.0,1.0,1,94.2,2607.6,0,0,1,0,1,0,0,0,0,1,0,3.0,23.55,1,0,0,1,1,0.0,3.14,27.390756302521005,1
0,1,0,72,1,1.0,0.0,1.0,1.0,1.0,1.0,1.0,1,108.4,7719.5,0,0,1,0,0,0,1,0,0,1,0,6.0,15.485714285714286,1,1,0,0,0,0.0,1.4849315068493152,70.56215722120658,3
0,1,0,54,1,0.0,1.0,1.0,0.0,0.0,1.0,1.0,1,74.55,4191.45,0,1,0,0,0,0,1,1,0,0,0,4.0,14.91,1,1,1,0,0,0.0,1.3554545454545455,55.47915287888815,2
0,1,0,70,1,1.0,1.0,1.0,1.0,1.0,1.0,0.0,0,79.4,5528.9,0,1,0,0,0,1,0,1,0,0,0,6.0,11.342857142857143,1,1,1,0,0,0.0,1.1183098591549296,68.76741293532338,3
1,0,0,2,1,0.0,0.0,0.0,0.0,0.0,0.0,0.0,1,44.3,89.3,1,1,0,0,1,0,0,0,0,1,0,0.0,44.3,0,0,0,0,1,0.0,14.766666666666666,1.9713024282560707,0
0,0,0,28,1,0.0,1.0,1.0,0.0,1.0,0.0,0.0,1,59.9,1654.7,1,1,0,0,0,1,0,0,0,1,0,3.0,14.975,0,1,0,0,0,0.0,2.06551724137931,27.170771756978656,1
0,1,0,23,1,1.0,1.0,1.0,1.0,0.0,1.0,0.0,1,99.25,2186.4,0,0,1,0,1,0,0,0,0,1,0,5.0,16.541666666666668,1,0,0,1,1,0.0,4.135416666666667,21.809476309226934,1
0,0,0,24,1,0.0,0.0,0.0,1.0,0.0,0.0,0.0,1,49.3,1233.25,1,1,0,0,1,0,0,0,1,0,0,1.0,24.65,0,0,1,0,0,0.0,1.972,24.51789264413519,1
0,1,0,17,1,1.0,0.0,0.0,0.0,0.0,1.0,1.0,0,92.6,1579.7,1,0,1,0,1,0,0,0,0,1,0,3.0,23.15,1,0,0,1,1,1.0,5.144444444444444,16.877136752136753,1
0,0,1,19,1,1.0,1.0,1.0,0.0,1.0,1.0,0.0,1,75.9,1375.6,1,1,0,0,1,0,0,0,0,0,1,5.0,12.65,1,0,0,0,0,0.0,3.7950000000000004,17.888166449934978,1
0,0,0,1,1,0.0,0.0,0.0,0.0,0.0,0.0,0.0,0,20.45,20.45,0,0,0,1,1,0,0,0,0,0,1,0.0,20.45,0,0,0,0,0,0.0,10.225,0.9533799533799534,0
0,0,0,69,1,1.0,0.0,0.0,0.0,0.0,0.0,0.0,0,23.95,1713.1,0,0,0,1,0,0,1,1,0,0,0,1.0,11.975,0,1,1,0,0,0.0,0.34214285714285714,68.66132264529058,3
0,1,0,9,1,1.0,1.0,0.0,0.0,0.0,0.0,1.0,1,88.05,801.3,0,0,1,0,1,0,0,0,0,1,0,3.0,22.0125,1,0,0,1,1,0.0,8.805,8.998315553060078,0
0,0,0,53,0,0.0,0.0,0.0,1.0,1.0,1.0,1.0,0,54.9,3045.75,0,1,0,0,0,1,0,0,1,0,0,4.0,10.98,1,1,1,0,0,0.0,1.0166666666666666,54.48568872987478,2
0,0,0,18,1,0.0,1.0,0.0,0.0,0.0,0.0,0.0,1,75.4,1380.4,1,0,1,0,1,0,0,0,0,1,0,1.0,37.7,0,0,0,1,1,0.0,3.9684210526315793,18.06806282722513,1
1,0,0,1,1,1.0,0.0,0.0,0.0,0.0,1.0,1.0,1,94.0,94.0,0,0,1,0,1,0,0,0,0,1,0,3.0,23.5,1,0,0,1,1,1.0,47.0,0.9894736842105263,0
0,0,1,13,1,1.0,1.0,1.0,1.0,1.0,1.0,1.0,0,88.95,1161.75,1,1,0,0,0,0,1,0,1,0,0,7.0,11.11875,1,1,1,0,0,0.0,6.353571428571429,12.915508615897721,1
0,0,0,51,1,0.0,0.0,0.0,0.0,0.0,0.0,0.0,0,20.65,1020.75,1,0,0,1,0,0,1,1,0,0,0,0.0,20.65,0,1,1,0,0,0.0,0.3971153846153846,47.14780600461894,2
0,1,1,29,1,0.0,0.0,0.0,1.0,1.0,1.0,1.0,0,75.55,2054.4,0,1,0,0,0,0,1,0,0,0,1,4.0,15.11,1,1,0,0,0,0.0,2.518333333333333,26.837361201828873,1
0,0,0,13,1,0.0,0.0,0.0,0.0,0.0,0.0,0.0,1,19.95,257.0,0,0,0,1,0,1,0,0,0,0,1,0.0,19.95,0,1,0,0,0,0.0,1.425,12.267303102625299,1
0,1,1,18,1,0.0,0.0,0.0,0.0,0.0,0.0,0.0,0,19.35,309.25,1,0,0,1,0,0,1,0,0,0,1,0.0,19.35,0,1,0,0,0,0.0,1.0184210526315791,15.196560196560196,1
0,0,0,3,0,0.0,0.0,0.0,0.0,1.0,0.0,0.0,0,30.4,82.15,0,1,0,0,1,0,0,0,0,1,0,1.0,15.2,0,0,0,0,1,0.0,7.6,2.6162420382165608,0
0,1,0,19,1,0.0,0.0,1.0,0.0,0.0,0.0,1.0,1,59.8,1130.85,1,1,0,0,1,0,0,0,0,0,1,2.0,19.933333333333334,1,0,0,0,0,0.0,2.9899999999999998,18.599506578947366,1
0,1,0,63,1,1.0,1.0,1.0,1.0,1.0,0.0,1.0,0,80.0,5040.2,0,1,0,0,0,1,0,0,1,0,0,6.0,11.428571428571429,1,1,1,0,0,0.0,1.25,62.22469135802469,3
0,1,1,7,1,0.0,0.0,0.0,0.0,0.0,0.0,0.0,0,20.65,158.95,1,0,0,1,1,0,0,0,0,0,1,0.0,20.65,0,0,0,0,0,0.0,2.58125,7.341801385681293,0
1,1,0,3,1,1.0,0.0,1.0,1.0,0.0,1.0,1.0,1,105.9,334.65,0,0,1,0,1,0,0,0,0,1,0,5.0,17.650000000000002,1,0,0,1,1,1.0,26.475,3.130495790458372,0
0,1,1,41,1,1.0,1.0,1.0,0.0,0.0,1.0,0.0,1,94.3,3893.6,1,0,1,0,1,0,0,1,0,0,0,4.0,18.86,1,0,1,1,0,0.0,2.2452380952380953,40.85624344176286,2
0,1,1,54,1,1.0,1.0,0.0,0.0,1.0,0.0,0.0,0,60.0,3273.95,1,1,0,0,0,0,1,1,0,0,0,3.0,15.0,0,1,1,0,0,0.0,1.0909090909090908,53.67131147540983,2
0,1,0,71,1,1.0,1.0,1.0,1.0,1.0,0.0,1.0,1,80.1,5585.4,0,1,0,0,0,0,1,0,0,0,1,6.0,11.442857142857141,1,1,0,0,0,0.0,1.1124999999999998,68.87053020961775,3
0,1,0,36,1,0.0,0.0,0.0,0.0,0.0,0.0,0.0,0,20.85,720.05,0,0,0,1,0,1,0,1,0,0,0,0.0,20.85,0,1,1,0,0,0.0,0.5635135135135135,32.95423340961098,1
0,1,1,61,1,1.0,1.0,1.0,1.0,1.0,1.0,1.0,0,115.1,7008.15,1,0,1,0,0,0,1,0,1,0,0,7.0,14.3875,1,1,1,0,0,0.0,1.8564516129032258,60.36304909560724,3
0,1,1,24,1,0.0,1.0,0.0,0.0,1.0,0.0,0.0,0,55.15,1319.85,1,1,0,0,1,0,0,0,0,1,0,2.0,18.383333333333333,0,0,0,0,1,0.0,2.206,23.505788067675866,1
0,0,0,9,0,0.0,1.0,0.0,1.0,1.0,1.0,1.0,0,58.5,539.85,1,1,0,0,1,0,0,0,0,0,1,5.0,9.75,1,0,0,0,0,0.0,5.85,9.073109243697479,0
0,1,1,34,1,0.0,0.0,0.0,0.0,0.0,0.0,1.0,1,78.95,2647.2,0,0,1,0,0,1,0,1,0,0,0,1.0,39.475,1,1,1,0,0,1.0,2.255714285714286,33.110694183864915,1
1,1,1,29,1,1.0,0.0,0.0,1.0,0.0,1.0,1.0,1,103.95,2964.8,0,0,1,0,1,0,0,0,0,1,0,4.0,20.79,1,0,0,1,1,1.0,3.4650000000000003,28.24964268699381,1
0,1,0,37,1,1.0,0.0,1.0,0.0,1.0,0.0,1.0,0,72.1,2658.4,1,1,0,0,0,1,0,0,0,0,1,4.0,14.419999999999998,1,1,0,0,0,0.0,1.8973684210526314,36.36662106703147,2
0,0,0,37,1,1.0,0.0,1.0,0.0,1.0,1.0,1.0,1,104.5,3778.0,0,0,1,0,0,1,0,0,1,0,0,5.0,17.416666666666668,1,1,1,0,0,0.0,2.75,35.81042654028436,2
0,0,0,1,1,0.0,0.0,0.0,0.0,0.0,0.0,0.0,1,70.1,70.1,1,0,1,0,1,0,0,0,0,1,0,0.0,70.1,0,0,0,1,1,1.0,35.05,0.9859353023909986,0
1,0,0,2,1,0.0,1.0,0.0,1.0,0.0,1.0,0.0,0,66.4,94.55,0,1,0,0,1,0,0,1,0,0,0,3.0,16.6,1,0,1,0,0,0.0,22.133333333333336,1.4028189910979227,0
0,0,1,57,1,1.0,1.0,1.0,1.0,1.0,1.0,1.0,0,89.55,5012.35,0,1,0,0,0,0,1,0,0,0,1,7.0,11.19375,1,1,0,0,0,0.0,1.5439655172413793,55.35450027609056,2
0,0,0,9,1,0.0,0.0,0.0,0.0,0.0,0.0,1.0,1,79.55,723.4,1,0,1,0,1,0,0,0,0,1,0,1.0,39.775,1,0,0,1,1,1.0,7.955,8.980757293606455,0
0,0,0,26,1,0.0,1.0,0.0,1.0,1.0,0.0,1.0,1,95.85,2475.35,1,0,1,0,0,1,0,1,0,0,0,4.0,19.169999999999998,1,1,1,0,0,0.0,3.55,25.558595766649457,1
1,0,0,65,0,0.0,0.0,1.0,1.0,0.0,1.0,1.0,1,53.5,3517.9,1,1,0,0,0,0,1,1,0,0,0,4.0,10.7,1,1,1,0,0,0.0,0.8106060606060606,64.54862385321101,3
0,1,0,2,1,0.0,0.0,1.0,1.0,0.0,0.0,0.0,0,79.7,165.0,1,0,1,0,1,0,0,1,0,0,0,2.0,26.566666666666666,0,0,1,1,0,1.0,26.566666666666666,2.0446096654275094,0
1,1,0,10,1,1.0,0.0,0.0,0.0,0.0,0.0,1.0,1,86.65,856.65,0,0,1,0,1,0,0,0,0,1,0,2.0,28.883333333333336,1,0,0,1,1,1.0,7.877272727272728,9.773531089560752,0
0,0,1,35,1,0.0,0.0,0.0,0.0,1.0,1.0,1.0,1,72.1,2495.15,0,1,0,0,0,1,0,0,0,0,1,3.0,18.025,1,1,0,0,0,0.0,2.0027777777777778,34.13337893296854,1
0,0,0,1,1,0.0,0.0,0.0,0.0,0.0,0.0,1.0,1,80.85,80.85,0,0,1,0,1,0,0,0,0,0,1,1.0,40.425,1,0,0,1,0,1.0,40.425,0.9877825290164935,0
0,1,0,28,1,0.0,1.0,0.0,0.0,0.0,1.0,1.0,1,92.35,2602.9,1,0,1,0,1,0,0,0,0,0,1,3.0,23.0875,1,0,0,1,0,0.0,3.1844827586206894,27.883235136582755,1
0,1,0,57,1,0.0,0.0,0.0,0.0,0.0,0.0,0.0,1,19.6,1134.25,1,0,0,1,0,0,1,1,0,0,0,0.0,19.6,0,1,1,0,0,0.0,0.33793103448275863,55.06067961165048,2
0,0,0,24,0,0.0,1.0,0.0,0.0,0.0,1.0,1.0,1,50.6,1288.75,0,1,0,0,0,1,0,0,0,0,1,3.0,12.65,1,1,0,0,0,0.0,2.024,24.975775193798448,1
0,1,1,35,1,0.0,0.0,0.0,0.0,0.0,0.0,0.0,0,20.5,759.35,0,0,0,1,0,0,1,1,0,0,0,0.0,20.5,0,1,1,0,0,0.0,0.5694444444444444,35.318604651162794,1
0,0,0,19,1,0.0,0.0,0.0,0.0,1.0,0.0,1.0,1,87.7,1725.95,0,0,1,0,0,1,0,0,1,0,0,2.0,29.233333333333334,1,1,1,0,0,0.0,4.385,19.458286358511838,1
1,0,0,1,1,0.0,0.0,0.0,0.0,0.0,0.0,0.0,0,69.1,69.1,0,0,1,0,1,0,0,0,0,1,0,0.0,69.1,0,0,0,1,1,1.0,34.55,0.985734664764622,0
0,1,1,12,0,0.0,1.0,0.0,0.0,1.0,0.0,0.0,0,33.15,444.75,1,1,0,0,0,1,0,0,1,0,0,2.0,11.049999999999999,0,1,1,0,0,0.0,2.55,13.023426061493412,0
0,1,1,23,1,0.0,0.0,0.0,0.0,0.0,0.0,0.0,1,20.0,445.3,0,0,0,1,0,1,0,0,1,0,0,0.0,20.0,0,1,1,0,0,0.0,0.8333333333333334,21.204761904761906,1
0,1,0,59,1,1.0,0.0,0.0,1.0,0.0,1.0,1.0,1,99.5,5961.1,0,0,1,0,0,1,0,1,0,0,0,4.0,19.9,1,1,1,0,0,1.0,1.6583333333333334,59.31442786069652,2
0,1,1,17,1,0.0,1.0,0.0,0.0,1.0,0.0,0.0,1,55.35,920.5,1,1,0,0,1,0,0,0,1,0,0,2.0,18.45,0,0,1,0,0,0.0,3.075,16.335403726708073,1
1,1,0,38,0,0.0,0.0,0.0,0.0,0.0,0.0,0.0,1,24.85,955.75,0,1,0,0,1,0,0,0,0,1,0,0.0,24.85,0,0,0,0,1,0.0,0.6371794871794872,36.97292069632495,2
0,1,1,56,1,1.0,0.0,1.0,1.0,1.0,0.0,1.0,1,99.75,5608.4,1,0,1,0,0,1,0,0,1,0,0,5.0,16.625,1,1,1,0,0,0.0,1.75,55.666501240694785,2
0,1,1,70,1,0.0,1.0,1.0,1.0,1.0,0.0,1.0,0,74.1,5222.3,1,1,0,0,0,1,0,0,1,0,0,5.0,12.35,1,1,1,0,0,0.0,1.0436619718309859,69.53794940079894,3
0,0,0,5,1,0.0,0.0,1.0,0.0,0.0,0.0,0.0,0,50.55,244.75,1,1,0,0,1,0,0,1,0,0,0,1.0,25.275,0,0,1,0,0,0.0,8.424999999999999,4.747817652764307,0
0,0,1,1,1,0.0,0.0,0.0,0.0,0.0,0.0,0.0,0,19.25,19.25,0,0,0,1,1,0,0,0,0,0,1,0.0,19.25,0,0,0,0,0,0.0,9.625,0.9506172839506173,0
0,1,1,39,1,0.0,0.0,0.0,0.0,0.0,0.0,0.0,0,19.75,757.95,1,0,0,1,0,0,1,0,0,0,1,0.0,19.75,0,1,0,0,0,0.0,0.49375,36.5277108433735,2
1,0,0,52,1,1.0,1.0,1.0,1.0,0.0,1.0,1.0,0,108.1,5839.3,1,0,1,0,1,0,0,0,1,0,0,6.0,15.442857142857141,1,0,1,1,0,0.0,2.039622641509434,53.52245646196151,2
0,1,1,16,0,0.0,0.0,0.0,0.0,0.0,0.0,1.0,1,35.5,552.7,1,1,0,0,1,0,0,0,1,0,0,1.0,17.75,1,0,1,0,0,0.0,2.088235294117647,15.14246575342466,1
0,1,1,26,1,0.0,1.0,1.0,0.0,0.0,0.0,0.0,0,81.95,2070.05,1,0,1,0,1,0,0,0,0,1,0,2.0,27.316666666666666,0,0,0,1,1,0.0,3.035185185185185,24.95539481615431,1
0,0,0,37,0,0.0,0.0,0.0,0.0,0.0,1.0,0.0,0,35.8,1316.9,0,1,0,0,0,0,1,0,1,0,0,1.0,17.9,1,1,1,0,0,0.0,0.9421052631578947,35.78532608695653,2
0,0,0,14,1,1.0,0.0,0.0,1.0,0.0,0.0,0.0,1,80.45,1072.0,1,0,1,0,1,0,0,0,0,1,0,2.0,26.816666666666666,0,0,0,1,1,1.0,5.363333333333333,13.161448741559239,1
0,0,0,2,1,1.0,0.0,0.0,0.0,0.0,0.0,0.0,1,49.4,106.55,1,1,0,0,1,0,0,0,0,1,0,1.0,24.7,0,0,0,0,1,0.0,16.466666666666665,2.1140873015873014,0
0,0,0,1,1,0.0,0.0,0.0,0.0,0.0,1.0,0.0,1,79.55,79.55,0,0,1,0,1,0,0,0,0,1,0,1.0,39.775,1,0,0,1,1,1.0,39.775,0.9875853507138423,0
0,1,1,50,0,0.0,1.0,0.0,0.0,0.0,1.0,0.0,1,39.45,2021.35,0,1,0,0,1,0,0,0,1,0,0,2.0,13.15,1,0,1,0,0,0.0,0.7735294117647059,49.97156983930778,2
0,1,0,67,1,1.0,0.0,0.0,0.0,0.0,0.0,0.0,1,25.25,1733.15,1,0,0,1,0,0,1,0,1,0,0,1.0,12.625,0,1,1,0,0,0.0,0.3713235294117647,66.0247619047619,3
0,1,1,58,0,0.0,0.0,0.0,1.0,1.0,1.0,1.0,1,55.5,3166.9,1,1,0,0,0,0,1,0,1,0,0,4.0,11.1,1,1,1,0,0,0.0,0.940677966101695,56.05132743362832,2
0,0,0,57,1,0.0,0.0,0.0,0.0,0.0,0.0,0.0,0,20.75,1118.8,0,0,0,1,0,0,1,0,0,0,1,0.0,20.75,0,1,0,0,0,0.0,0.3577586206896552,51.43908045977011,2
0,0,0,27,1,0.0,0.0,1.0,1.0,1.0,1.0,1.0,0,78.2,2078.95,1,1,0,0,0,1,0,0,0,0,1,5.0,13.033333333333333,1,1,0,0,0,0.0,2.792857142857143,26.249368686868685,1
0,1,0,58,1,0.0,0.0,0.0,0.0,0.0,0.0,0.0,0,20.75,1185.95,0,0,0,1,0,0,1,0,0,0,1,0.0,20.75,0,1,0,0,0,0.0,0.3516949152542373,54.5264367816092,2
0,0,0,70,1,0.0,1.0,0.0,1.0,1.0,1.0,1.0,0,79.6,5589.45,1,1,0,0,0,0,1,1,0,0,0,5.0,13.266666666666666,1,1,1,0,0,0.0,1.1211267605633801,69.34801488833747,3
1,0,0,15,1,1.0,0.0,0.0,0.0,1.0,0.0,0.0,0,55.0,757.1,1,1,0,0,1,0,0,0,1,0,0,2.0,18.333333333333332,0,0,1,0,0,0.0,3.4375,13.519642857142857,1
0,0,1,54,1,1.0,0.0,1.0,0.0,0.0,0.0,0.0,1,55.0,3092.65,0,1,0,0,1,0,0,0,1,0,0,2.0,18.333333333333332,0,0,1,0,0,0.0,1.0,55.22589285714286,2
0,1,0,31,1,1.0,0.0,0.0,1.0,1.0,1.0,1.0,1,79.3,2484.0,0,1,0,0,0,1,0,0,0,0,1,5.0,13.216666666666667,1,1,0,0,0,0.0,2.478125,30.933997509339978,1
1,1,0,10,1,1.0,0.0,0.0,1.0,0.0,0.0,1.0,1,89.8,914.3,0,0,1,0,1,0,0,0,0,1,0,3.0,22.45,1,0,0,1,1,1.0,8.163636363636364,10.069383259911895,0
0,0,0,2,1,0.0,0.0,0.0,0.0,0.0,0.0,0.0,0,19.5,31.55,1,0,0,1,1,0,0,0,0,0,1,0.0,19.5,0,0,0,0,0,0.0,6.5,1.5390243902439025,0
1,0,0,1,1,0.0,0.0,0.0,0.0,1.0,0.0,0.0,0,74.7,74.7,0,0,1,0,1,0,0,0,0,1,0,1.0,37.35,0,0,0,1,1,0.0,37.35,0.9867899603698811,0
1,1,0,57,1,0.0,0.0,1.0,1.0,0.0,1.0,0.0,1,90.65,5199.8,0,0,1,0,0,1,0,0,0,1,0,3.0,22.6625,1,1,0,0,0,1.0,1.5629310344827587,56.735406437534095,2
1,1,0,72,1,1.0,1.0,1.0,1.0,1.0,1.0,1.0,1,114.5,8331.95,0,0,1,0,0,0,1,0,0,0,1,7.0,14.3125,1,1,0,0,0,0.0,1.5684931506849316,72.13809523809525,3
0,1,0,39,1,0.0,0.0,0.0,0.0,0.0,0.0,0.0,1,20.45,790.0,0,0,0,1,0,0,1,1,0,0,0,0.0,20.45,0,1,1,0,0,0.0,0.51125,36.82983682983683,2
0,0,0,61,1,1.0,1.0,1.0,1.0,1.0,1.0,1.0,1,115.1,6993.65,1,0,1,0,0,1,0,0,0,0,1,7.0,14.3875,1,1,0,0,0,0.0,1.8564516129032258,60.238156761412576,3
1,0,0,5,1,0.0,1.0,1.0,0.0,0.0,0.0,0.0,0,80.7,374.8,1,0,1,0,1,0,0,0,0,1,0,2.0,26.900000000000002,0,0,0,1,1,0.0,13.450000000000001,4.587515299877601,0
0,1,1,63,1,0.0,1.0,1.0,1.0,1.0,1.0,0.0,0,75.55,4707.85,1,1,0,0,0,0,1,0,1,0,0,5.0,12.591666666666667,1,1,1,0,0,0.0,1.18046875,61.50032658393208,3
0,0,0,18,1,1.0,1.0,0.0,1.0,0.0,1.0,0.0,0,69.5,1199.4,0,1,0,0,1,0,0,0,0,0,1,4.0,13.9,1,0,0,0,0,0.0,3.6578947368421053,17.01276595744681,1
0,0,0,4,1,0.0,0.0,0.0,0.0,0.0,0.0,0.0,1,70.15,268.35,1,0,1,0,1,0,0,0,0,1,0,0.0,70.15,0,0,0,1,1,1.0,14.030000000000001,3.7716092761770907,0
1,0,0,21,1,0.0,0.0,0.0,1.0,0.0,1.0,1.0,1,96.8,2030.3,0,0,1,0,1,0,0,1,0,0,0,3.0,24.2,1,0,1,1,0,1.0,4.3999999999999995,20.759713701431494,1
0,1,1,68,1,1.0,1.0,1.0,1.0,1.0,1.0,1.0,1,89.05,6185.8,1,1,0,0,0,0,1,1,0,0,0,7.0,11.13125,1,1,1,0,0,0.0,1.2905797101449274,68.6929483620211,3
0,0,0,47,1,0.0,0.0,0.0,0.0,0.0,0.0,0.0,1,20.55,945.7,1,0,0,1,0,0,1,0,0,0,1,0.0,20.55,0,1,0,0,0,0.0,0.42812500000000003,43.88399071925754,2
0,1,1,8,1,0.0,0.0,0.0,0.0,0.0,0.0,0.0,0,19.7,130.25,0,0,0,1,0,0,1,0,0,0,1,0.0,19.7,0,1,0,0,0,0.0,2.1888888888888887,6.292270531400966,0
0,0,0,70,1,1.0,1.0,0.0,0.0,1.0,1.0,1.0,1,104.0,7250.15,0,0,1,0,0,0,1,0,1,0,0,5.0,17.333333333333332,1,1,1,0,0,0.0,1.4647887323943662,69.04904761904761,3
0,0,0,5,1,0.0,0.0,0.0,0.0,0.0,0.0,0.0,0,19.85,108.05,1,0,0,1,1,0,0,0,1,0,0,0.0,19.85,0,0,1,0,0,0.0,3.3083333333333336,5.182254196642686,0
0,0,0,3,1,1.0,0.0,0.0,0.0,0.0,0.0,0.0,0,75.25,242.0,1,0,1,0,1,0,0,0,0,1,0,1.0,37.625,0,0,0,1,1,1.0,18.8125,3.1737704918032787,0
0,1,0,60,1,1.0,0.0,1.0,1.0,0.0,1.0,0.0,1,95.75,5742.9,0,0,1,0,1,0,0,0,0,1,0,4.0,19.15,1,0,0,1,1,1.0,1.569672131147541,59.35813953488372,2
0,0,0,5,1,1.0,0.0,0.0,0.0,0.0,0.0,0.0,0,47.15,223.15,0,1,0,0,1,0,0,0,0,1,0,1.0,23.575,0,0,0,0,1,0.0,7.858333333333333,4.63447559709242,0
0,0,0,40,1,0.0,0.0,1.0,0.0,1.0,0.0,1.0,1,89.6,3488.15,0,0,1,0,0,1,0,0,1,0,0,3.0,22.4,1,1,1,0,0,0.0,2.1853658536585363,38.500551876379696,2
1,0,0,56,1,1.0,0.0,1.0,1.0,0.0,1.0,1.0,1,104.75,5510.65,1,0,1,0,0,1,0,1,0,0,0,5.0,17.458333333333332,1,1,1,0,0,1.0,1.837719298245614,52.11016548463357,2
0,1,1,67,1,1.0,0.0,0.0,1.0,1.0,1.0,1.0,1,105.65,6717.9,1,0,1,0,0,0,1,1,0,0,0,5.0,17.608333333333334,1,1,1,0,0,0.0,1.5536764705882353,62.99015471167369,3
0,1,1,38,1,0.0,1.0,0.0,1.0,1.0,1.0,1.0,0,81.0,3084.9,0,1,0,0,0,0,1,0,1,0,0,5.0,13.5,1,1,1,0,0,0.0,2.076923076923077,37.62073170731708,2
0,1,1,70,1,0.0,0.0,0.0,0.0,0.0,0.0,0.0,0,20.35,1458.1,0,0,0,1,0,0,1,0,1,0,0,0.0,20.35,0,1,1,0,0,0.0,0.28661971830985916,68.29508196721311,3
0,1,0,56,1,1.0,0.0,1.0,0.0,0.0,1.0,1.0,1,98.25,5508.35,1,0,1,0,0,1,0,0,0,1,0,4.0,19.65,1,1,0,0,0,1.0,1.7236842105263157,55.49974811083124,2
0,0,0,11,1,0.0,0.0,1.0,0.0,0.0,0.0,0.0,1,74.55,824.75,0,0,1,0,1,0,0,0,0,1,0,1.0,37.275,0,0,0,1,1,1.0,6.2124999999999995,10.916611515552615,0
0,0,0,2,0,0.0,0.0,0.0,0.0,0.0,0.0,0.0,1,24.9,49.7,0,1,0,0,1,0,0,0,1,0,0,0.0,24.9,0,0,1,0,0,0.0,8.299999999999999,1.918918918918919,0
0,0,0,9,1,1.0,0.0,0.0,0.0,0.0,1.0,0.0,1,85.5,791.7,0,0,1,0,1,0,0,0,0,1,0,2.0,28.5,1,0,0,1,1,1.0,8.55,9.152601156069364,0
0,0,0,8,1,0.0,1.0,0.0,0.0,1.0,0.0,0.0,0,54.25,447.75,1,1,0,0,0,1,0,1,0,0,0,2.0,18.083333333333332,0,1,1,0,0,0.0,6.027777777777778,8.104072398190045,0
0,1,0,48,1,0.0,0.0,0.0,0.0,0.0,0.0,0.0,1,20.05,1036.0,0,0,0,1,0,0,1,0,0,0,1,0.0,20.05,0,1,0,0,0,0.0,0.4091836734693878,49.21615201900237,2
0,0,0,2,1,0.0,0.0,0.0,0.0,0.0,0.0,0.0,0,19.35,46.35,0,0,0,1,1,0,0,0,0,0,1,0.0,19.35,0,0,0,0,0,0.0,6.45,2.2776412776412776,0
0,0,0,41,0,0.0,0.0,0.0,1.0,0.0,1.0,1.0,1,51.35,2075.1,0,1,0,0,0,1,0,0,0,1,0,3.0,12.8375,1,1,0,0,0,0.0,1.2226190476190477,39.63896848137536,2
0,0,0,4,1,0.0,0.0,0.0,0.0,0.0,0.0,0.0,0,20.15,84.5,1,0,0,1,1,0,0,0,0,0,1,0.0,20.15,0,0,0,0,0,0.0,4.029999999999999,3.9952718676122934,0
0,0,1,27,1,0.0,0.0,0.0,0.0,0.0,0.0,0.0,0,20.05,552.9,0,0,0,1,0,1,0,0,1,0,0,0.0,20.05,0,1,1,0,0,0.0,0.7160714285714286,26.266033254156767,1
0,0,0,45,1,1.0,0.0,1.0,0.0,0.0,1.0,1.0,1,100.85,4740.0,0,0,1,0,1,0,0,0,1,0,0,4.0,20.169999999999998,1,0,1,1,0,1.0,2.192391304347826,46.53902798232696,2
1,0,0,1,1,0.0,0.0,0.0,0.0,0.0,0.0,0.0,1,19.45,19.45,1,0,0,1,1,0,0,0,0,1,0,0.0,19.45,0,0,0,0,1,0.0,9.725,0.9511002444987775,0
0,0,0,34,1,0.0,0.0,1.0,1.0,1.0,1.0,1.0,1,105.1,3634.8,1,0,1,0,1,0,0,0,0,1,0,5.0,17.516666666666666,1,0,0,1,1,0.0,3.0028571428571427,34.25824693685203,1
1,0,0,26,1,1.0,0.0,0.0,0.0,1.0,0.0,1.0,1,66.05,1652.4,1,1,0,0,1,0,0,0,0,1,0,3.0,16.5125,1,0,0,0,1,0.0,2.446296296296296,24.644295302013425,1
0,1,0,18,1,1.0,0.0,0.0,0.0,0.0,1.0,1.0,1,94.7,1687.95,0,0,1,0,1,0,0,0,0,1,0,3.0,23.675,1,0,0,1,1,1.0,4.984210526315789,17.637931034482758,1
0,0,0,6,1,1.0,0.0,1.0,0.0,0.0,1.0,0.0,1,89.75,552.65,1,0,1,0,1,0,0,0,0,1,0,3.0,22.4375,1,0,0,1,1,1.0,12.821428571428571,6.089807162534435,0
0,0,0,54,1,0.0,1.0,0.0,1.0,0.0,1.0,0.0,0,89.8,4667.0,0,0,1,0,1,0,0,0,0,0,1,3.0,22.45,1,0,0,1,0,0.0,1.6327272727272726,51.39867841409692,2
0,1,1,9,1,1.0,0.0,0.0,1.0,0.0,1.0,0.0,1,90.35,767.9,0,0,1,0,0,1,0,0,0,1,0,3.0,22.5875,1,1,0,0,0,1.0,9.035,8.406130268199234,0
0,0,0,2,1,0.0,0.0,0.0,0.0,0.0,1.0,0.0,1,80.2,146.05,1,0,1,0,1,0,0,0,0,1,0,1.0,40.1,1,0,0,1,1,1.0,26.733333333333334,1.7986453201970445,0
0,0,0,35,0,0.0,0.0,0.0,1.0,1.0,0.0,0.0,1,33.45,1175.85,1,1,0,0,1,0,0,0,0,0,1,2.0,11.15,0,0,0,0,0,0.0,0.9291666666666667,34.13207547169811,1
0,0,0,2,0,0.0,0.0,0.0,0.0,0.0,1.0,1.0,1,45.25,85.5,1,1,0,0,1,0,0,0,0,1,0,2.0,15.083333333333334,1,0,0,0,1,0.0,15.083333333333334,1.8486486486486486,0
0,0,0,51,1,1.0,0.0,1.0,1.0,1.0,0.0,0.0,1,87.35,4473.0,0,0,1,0,1,0,0,0,0,1,0,4.0,17.47,0,0,0,1,1,0.0,1.6798076923076921,50.62818336162989,2
1,0,0,8,1,1.0,0.0,0.0,1.0,0.0,0.0,0.0,1,81.25,585.95,0,0,1,0,1,0,0,0,0,1,0,2.0,27.083333333333332,0,0,0,1,1,1.0,9.027777777777779,7.124012158054712,0
0,1,0,23,1,0.0,1.0,0.0,0.0,0.0,0.0,1.0,1,59.95,1406.0,0,1,0,0,1,0,0,1,0,0,0,2.0,19.983333333333334,1,0,1,0,0,0.0,2.497916666666667,23.068088597210828,1
0,1,1,72,1,1.0,0.0,0.0,1.0,0.0,0.0,1.0,1,90.8,6511.8,0,0,1,0,0,0,1,0,1,0,0,3.0,22.7,1,1,1,0,0,1.0,1.2438356164383562,70.93464052287582,3
0,0,0,2,1,0.0,0.0,0.0,1.0,0.0,0.0,1.0,0,60.85,111.4,1,1,0,0,1,0,0,0,0,1,0,2.0,20.283333333333335,1,0,0,0,1,0.0,20.283333333333335,1.8011317704122878,0
0,0,0,12,1,1.0,0.0,0.0,1.0,0.0,1.0,0.0,1,89.55,1021.75,0,0,1,0,1,0,0,0,0,1,0,3.0,22.3875,1,0,0,1,1,1.0,6.888461538461538,11.28382109331861,0
0,0,0,24,1,0.0,0.0,1.0,1.0,0.0,0.0,1.0,1,89.55,2187.15,0,0,1,0,1,0,0,0,0,1,0,3.0,22.3875,1,0,0,1,1,1.0,3.582,24.154058531198235,1
0,1,1,72,1,1.0,1.0,1.0,1.0,0.0,0.0,0.0,0,64.45,4720.0,0,1,0,0,0,0,1,0,1,0,0,4.0,12.89,0,1,1,0,0,0.0,0.8828767123287672,72.1161191749427,3
0,1,0,72,1,1.0,1.0,1.0,1.0,1.0,0.0,1.0,0,78.85,5763.15,0,1,0,0,0,0,1,1,0,0,0,6.0,11.264285714285714,1,1,1,0,0,0.0,1.08013698630137,72.17470256731372,3
0,1,0,4,1,0.0,0.0,0.0,1.0,1.0,0.0,0.0,1,80.6,319.15,0,0,1,0,1,0,0,0,0,0,1,2.0,26.866666666666664,0,0,0,1,0,0.0,16.119999999999997,3.9111519607843137,0
0,0,0,7,1,0.0,0.0,0.0,0.0,0.0,0.0,0.0,1,69.55,521.35,0,0,1,0,1,0,0,0,0,1,0,0.0,69.55,0,0,0,1,1,1.0,8.69375,7.38979447200567,0
0,0,0,1,1,0.0,0.0,0.0,0.0,0.0,0.0,0.0,1,44.75,44.75,0,1,0,0,1,0,0,0,0,1,0,0.0,44.75,0,0,0,0,1,0.0,22.375,0.9781420765027322,0
0,1,1,13,1,0.0,0.0,0.0,1.0,0.0,1.0,1.0,0,97.0,1334.45,0,0,1,0,1,0,0,0,0,1,0,3.0,24.25,1,0,0,1,1,1.0,6.928571428571429,13.616836734693878,1
1,1,0,29,1,1.0,0.0,0.0,1.0,0.0,1.0,1.0,1,99.05,2952.85,1,0,1,0,1,0,0,1,0,0,0,4.0,19.81,1,0,1,1,0,1.0,3.3016666666666667,29.51374312843578,1
0,0,0,8,1,0.0,1.0,0.0,1.0,0.0,0.0,1.0,1,66.7,579.0,0,1,0,0,1,0,0,0,0,1,0,3.0,16.675,1,0,0,0,1,0.0,7.411111111111111,8.552437223042835,0
0,0,0,39,1,0.0,0.0,0.0,0.0,0.0,0.0,0.0,0,19.9,791.15,0,0,0,1,0,1,0,0,0,0,1,0.0,19.9,0,1,0,0,0,0.0,0.49749999999999994,37.854066985645936,2
0,0,0,5,1,0.0,1.0,0.0,1.0,0.0,0.0,0.0,1,55.8,274.35,0,1,0,0,1,0,0,0,0,0,1,2.0,18.599999999999998,0,0,0,0,0,0.0,9.299999999999999,4.830105633802818,0
0,1,1,45,1,0.0,1.0,0.0,1.0,1.0,1.0,1.0,1,81.0,3533.6,1,1,0,0,0,0,1,0,0,0,1,5.0,13.5,1,1,0,0,0,0.0,1.7608695652173914,43.09268292682927,2
0,1,1,24,1,1.0,1.0,0.0,1.0,1.0,1.0,1.0,1,84.8,1990.5,0,1,0,0,0,1,0,0,0,0,1,6.0,12.114285714285714,1,1,0,0,0,0.0,3.392,23.1993006993007,1
0,0,0,26,1,1.0,0.0,0.0,0.0,0.0,0.0,0.0,1,74.95,1834.95,1,0,1,0,1,0,0,1,0,0,0,1.0,37.475,0,0,1,1,0,1.0,2.775925925925926,24.15997366688611,1
0,0,0,44,1,0.0,0.0,1.0,0.0,1.0,1.0,1.0,0,100.55,4398.15,0,0,1,0,1,0,0,0,0,1,0,4.0,20.11,1,0,0,1,1,0.0,2.2344444444444442,43.310192023633675,2
0,1,1,49,1,1.0,0.0,1.0,0.0,1.0,1.0,1.0,0,79.3,3902.45,1,1,0,0,0,0,1,1,0,0,0,5.0,13.216666666666667,1,1,1,0,0,0.0,1.5859999999999999,48.59838107098381,2
0,0,0,71,1,1.0,1.0,1.0,1.0,0.0,1.0,1.0,1,106.75,7283.25,1,0,1,0,0,0,1,0,1,0,0,6.0,15.25,1,1,1,0,0,0.0,1.4826388888888888,67.5939675174014,3
0,1,1,25,1,0.0,0.0,1.0,0.0,0.0,0.0,0.0,1,75.5,1901.05,0,0,1,0,1,0,0,0,0,1,0,1.0,37.75,0,0,0,1,1,1.0,2.9038461538461537,24.85032679738562,1
0,1,1,50,1,0.0,0.0,0.0,0.0,0.0,0.0,0.0,0,20.15,930.9,1,0,0,1,0,0,1,1,0,0,0,0.0,20.15,0,1,1,0,0,0.0,0.39509803921568626,44.01418439716312,2
0,1,1,18,1,0.0,0.0,0.0,1.0,1.0,0.0,0.0,1,54.4,957.1,1,1,0,0,0,1,0,0,1,0,0,2.0,18.133333333333333,0,1,1,0,0,0.0,2.863157894736842,17.276173285198556,1
0,1,0,47,1,0.0,1.0,0.0,1.0,0.0,1.0,0.0,1,66.05,3021.45,1,1,0,0,0,1,0,0,1,0,0,3.0,16.5125,1,1,1,0,0,0.0,1.3760416666666666,45.06263982102908,2
0,1,0,47,1,1.0,0.0,1.0,1.0,1.0,1.0,1.0,1,109.55,5124.55,0,0,1,0,1,0,0,0,0,1,0,6.0,15.65,1,0,0,1,1,0.0,2.2822916666666666,46.35504296698327,2
0,0,0,13,1,0.0,0.0,0.0,0.0,0.0,0.0,0.0,0,19.75,265.75,0,0,0,1,0,0,1,0,0,0,1,0.0,19.75,0,1,0,0,0,0.0,1.4107142857142858,12.80722891566265,1
0,0,0,47,1,0.0,0.0,0.0,1.0,1.0,1.0,1.0,0,74.45,3510.3,1,1,0,0,0,0,1,0,0,0,1,4.0,14.89,1,1,0,0,0,0.0,1.5510416666666667,46.52485089463221,2
0,0,0,25,1,0.0,0.0,0.0,0.0,0.0,0.0,0.0,0,19.9,510.8,0,0,0,1,0,1,0,0,1,0,0,0.0,19.9,0,1,1,0,0,0.0,0.7653846153846153,24.44019138755981,1
0,1,1,71,1,1.0,1.0,1.0,1.0,1.0,1.0,1.0,0,89.9,6342.7,1,1,0,0,0,0,1,1,0,0,0,7.0,11.2375,1,1,1,0,0,0.0,1.2486111111111111,69.77667766776678,3
0,0,0,58,1,1.0,0.0,0.0,1.0,1.0,1.0,1.0,1,104.65,6219.6,0,0,1,0,0,1,0,0,0,1,0,5.0,17.441666666666666,1,1,0,0,0,0.0,1.773728813559322,58.86985328916233,2
0,1,1,68,1,1.0,1.0,0.0,1.0,1.0,1.0,1.0,0,111.75,7511.3,1,0,1,0,0,0,1,0,1,0,0,6.0,15.964285714285714,1,1,1,0,0,0.0,1.6195652173913044,66.61906873614191,3
0,0,0,5,1,0.0,0.0,0.0,0.0,0.0,1.0,0.0,1,80.1,398.55,0,0,1,0,1,0,0,0,0,0,1,1.0,40.05,1,0,0,1,0,1.0,13.35,4.9143033292231815,0
0,1,1,45,1,1.0,0.0,0.0,0.0,0.0,0.0,0.0,1,24.65,1138.8,1,0,0,1,0,0,1,1,0,0,0,1.0,12.325,0,1,1,0,0,0.0,0.5358695652173913,44.397660818713454,2
0,0,0,1,1,0.0,0.0,0.0,0.0,0.0,0.0,0.0,0,20.5,20.5,0,0,0,1,1,0,0,0,0,0,1,0.0,20.5,0,0,0,0,0,0.0,10.25,0.9534883720930233,0
0,0,0,1,1,0.0,0.0,0.0,0.0,0.0,0.0,0.0,0,19.55,19.55,0,0,0,1,1,0,0,0,0,0,1,0.0,19.55,0,0,0,0,0,0.0,9.775,0.9513381995133819,0
0,1,1,67,1,0.0,0.0,0.0,0.0,0.0,0.0,0.0,1,19.25,1372.9,1,0,0,1,0,0,1,1,0,0,0,0.0,19.25,0,1,1,0,0,0.0,0.28308823529411764,67.79753086419754,3
1,1,0,44,1,0.0,1.0,1.0,0.0,1.0,0.0,0.0,1,85.15,3670.5,1,0,1,0,1,0,0,0,0,1,0,3.0,21.2875,0,0,0,1,1,0.0,1.8922222222222222,42.605919907138706,2
0,1,1,33,1,0.0,1.0,1.0,1.0,0.0,0.0,0.0,1,58.45,1955.4,1,1,0,0,0,1,0,0,0,0,1,3.0,14.6125,0,1,0,0,0,0.0,1.7191176470588236,32.8915054667788,1
0,0,0,35,1,0.0,0.0,0.0,0.0,0.0,0.0,0.0,0,20.75,700.45,1,0,0,1,0,1,0,0,0,0,1,0.0,20.75,0,1,0,0,0,0.0,0.5763888888888888,32.204597701149424,1
0,0,0,59,1,1.0,0.0,0.0,1.0,0.0,0.0,0.0,0,54.15,3116.15,0,1,0,0,0,0,1,0,1,0,0,2.0,18.05,0,1,1,0,0,0.0,0.9025,56.503173164097916,2
1,1,0,37,1,0.0,0.0,0.0,0.0,0.0,0.0,0.0,1,72.25,2575.45,0,0,1,0,1,0,0,1,0,0,0,0.0,72.25,0,0,1,1,0,1.0,1.9013157894736843,35.159726962457334,2
0,0,0,20,1,0.0,0.0,0.0,0.0,0.0,0.0,0.0,0,19.4,415.4,0,0,0,1,1,0,0,0,0,0,1,0.0,19.4,0,0,0,0,0,0.0,0.9238095238095237,20.362745098039216,1
1,0,0,3,1,0.0,0.0,0.0,0.0,0.0,1.0,0.0,1,79.9,260.9,0,0,1,0,1,0,0,0,0,1,0,1.0,39.95,1,0,0,1,1,1.0,19.975,3.224969097651421,0
0,0,0,61,1,1.0,1.0,0.0,1.0,1.0,1.0,1.0,1,111.6,6876.05,0,0,1,0,0,0,1,0,1,0,0,6.0,15.942857142857141,1,1,1,0,0,0.0,1.7999999999999998,61.06616341030196,3
0,0,1,17,1,0.0,0.0,0.0,0.0,0.0,1.0,1.0,1,64.7,1093.1,1,1,0,0,1,0,0,0,0,0,1,2.0,21.566666666666666,1,0,0,0,0,0.0,3.5944444444444446,16.637747336377473,1
1,0,0,49,1,1.0,1.0,1.0,1.0,1.0,0.0,1.0,0,81.35,4060.9,0,1,0,0,0,0,1,0,1,0,0,6.0,11.62142857142857,1,1,1,0,0,0.0,1.6269999999999998,49.312689738919254,2
0,0,0,19,1,0.0,0.0,1.0,0.0,0.0,0.0,0.0,1,73.85,1424.5,0,0,1,0,1,0,0,0,1,0,0,1.0,36.925,0,0,1,1,0,1.0,3.6925,19.031396125584504,1
0,1,1,64,1,0.0,0.0,0.0,0.0,0.0,0.0,0.0,0,20.2,1277.75,1,0,0,1,0,0,1,0,0,0,1,0.0,20.2,0,1,0,0,0,0.0,0.31076923076923074,60.27122641509434,3
0,0,0,10,1,1.0,0.0,0.0,0.0,0.0,0.0,0.0,0,75.05,786.3,0,0,1,0,1,0,0,0,0,1,0,1.0,37.525,0,0,0,1,1,1.0,6.822727272727272,10.339250493096646,0
0,0,1,1,1,0.0,0.0,0.0,0.0,0.0,0.0,0.0,0,19.55,19.55,0,0,0,1,1,0,0,0,0,0,1,0.0,19.55,0,0,0,0,0,0.0,9.775,0.9513381995133819,0
0,1,0,70,1,1.0,0.0,1.0,1.0,1.0,1.0,1.0,1,109.5,7674.55,1,0,1,0,0,1,0,0,0,1,0,6.0,15.642857142857142,1,1,0,0,0,0.0,1.5422535211267605,69.45294117647059,3
0,0,0,45,1,0.0,1.0,0.0,1.0,1.0,1.0,1.0,0,81.65,3618.7,1,1,0,0,0,0,1,1,0,0,0,5.0,13.608333333333334,1,1,1,0,0,0.0,1.7750000000000001,43.78342407743496,2
0,1,0,56,1,1.0,0.0,0.0,0.0,0.0,0.0,0.0,1,25.15,1327.15,0,0,0,1,0,0,1,0,1,0,0,1.0,12.575,0,1,1,0,0,0.0,0.4412280701754386,50.75143403441683,2
0,1,1,15,1,0.0,0.0,0.0,0.0,0.0,0.0,0.0,1,19.5,239.75,0,0,0,1,0,1,0,0,0,0,1,0.0,19.5,0,1,0,0,0,0.0,1.21875,11.695121951219512,1
0,1,1,72,0,0.0,1.0,1.0,1.0,1.0,1.0,1.0,1,63.8,4684.3,1,1,0,0,0,0,1,1,0,0,0,6.0,9.114285714285714,1,1,1,0,0,0.0,0.873972602739726,72.28858024691358,3
0,0,0,17,1,0.0,0.0,0.0,0.0,0.0,0.0,0.0,0,19.7,340.35,1,0,0,1,1,0,0,0,1,0,0,0.0,19.7,0,0,1,0,0,0.0,1.0944444444444443,16.44202898550725,1
0,1,1,67,1,0.0,0.0,1.0,0.0,0.0,0.0,0.0,0,50.55,3431.75,1,1,0,0,0,1,0,0,1,0,0,1.0,25.275,0,1,1,0,0,0.0,0.7433823529411764,66.57129000969933,3
0,1,1,63,1,1.0,1.0,0.0,1.0,1.0,0.0,1.0,0,75.7,4676.7,0,1,0,0,0,0,1,0,0,0,1,5.0,12.616666666666667,1,1,0,0,0,0.0,1.1828125,60.973924380704034,3
0,1,0,3,1,1.0,0.0,0.0,0.0,1.0,0.0,0.0,1,79.65,251.75,0,0,1,0,1,0,0,1,0,0,0,2.0,26.55,0,0,1,1,0,0.0,19.9125,3.1215127092374457,0
1,1,0,71,1,0.0,1.0,1.0,1.0,1.0,1.0,0.0,1,99.4,7168.25,1,0,1,0,0,0,1,0,0,1,0,5.0,16.566666666666666,1,1,0,0,0,0.0,1.3805555555555555,71.3969123505976,3
0,0,0,1,1,0.0,0.0,0.0,0.0,0.0,0.0,0.0,1,20.2,20.2,0,0,0,1,1,0,0,0,0,0,1,0.0,20.2,0,0,0,0,0,0.0,10.1,0.9528301886792453,0
0,0,0,13,1,0.0,0.0,0.0,0.0,0.0,0.0,0.0,0,19.65,244.8,1,0,0,1,0,1,0,0,0,1,0,0.0,19.65,0,1,0,0,0,0.0,1.4035714285714285,11.854721549636805,1
0,0,1,17,1,0.0,1.0,0.0,0.0,0.0,0.0,0.0,1,50.3,846.8,0,1,0,0,1,0,0,0,0,0,1,1.0,25.15,0,0,0,0,0,0.0,2.7944444444444443,16.50682261208577,1
0,1,0,65,1,0.0,0.0,0.0,0.0,0.0,0.0,0.0,0,19.35,1319.95,1,0,0,1,0,0,1,1,0,0,0,0.0,19.35,0,1,1,0,0,0.0,0.2931818181818182,64.86240786240786,3
0,1,1,68,1,1.0,0.0,0.0,0.0,0.0,0.0,0.0,0,25.4,1620.2,0,0,0,1,0,0,1,1,0,0,0,1.0,12.7,0,1,1,0,0,0.0,0.3681159420289855,61.371212121212125,3
0,0,1,37,1,0.0,1.0,1.0,0.0,1.0,0.0,0.0,0,61.45,2302.35,0,1,0,0,0,0,1,0,1,0,0,3.0,15.3625,0,1,1,0,0,0.0,1.6171052631578948,36.86709367493995,2
0,0,0,54,1,0.0,0.0,0.0,0.0,0.0,0.0,0.0,0,19.65,1008.7,0,0,0,1,0,0,1,0,1,0,0,0.0,19.65,0,1,1,0,0,0.0,0.35727272727272724,48.84745762711865,2
0,0,0,25,1,1.0,0.0,1.0,1.0,1.0,1.0,1.0,0,108.9,2809.05,1,0,1,0,0,0,1,0,0,1,0,6.0,15.557142857142859,1,1,0,0,0,0.0,4.188461538461539,25.56005459508644,1
1,0,0,9,1,0.0,0.0,0.0,0.0,0.0,1.0,0.0,1,80.85,751.65,1,0,1,0,1,0,0,0,0,1,0,1.0,40.425,1,0,0,1,1,1.0,8.084999999999999,9.183262064752597,0
0,1,1,53,1,0.0,0.0,0.0,0.0,0.0,0.0,0.0,1,19.85,1039.45,1,0,0,1,0,1,0,1,0,0,0,0.0,19.85,0,1,1,0,0,0.0,0.36759259259259264,49.853717026378895,2
0,0,0,2,1,0.0,0.0,0.0,0.0,0.0,0.0,0.0,0,20.1,39.8,1,0,0,1,1,0,0,0,0,0,1,0.0,20.1,0,0,0,0,0,0.0,6.7,1.8862559241706158,0
0,0,0,3,1,0.0,0.0,0.0,1.0,1.0,1.0,0.0,1,88.35,262.05,0,0,1,0,1,0,0,0,0,0,1,3.0,22.0875,1,0,0,1,0,0.0,22.0875,2.9328483491885846,0
1,1,0,40,0,0.0,0.0,1.0,0.0,0.0,1.0,0.0,1,39.3,1637.4,1,1,0,0,1,0,0,0,0,1,0,2.0,13.1,1,0,0,0,1,0.0,0.9585365853658536,40.6302729528536,2
0,0,1,3,1,0.0,0.0,0.0,0.0,1.0,1.0,1.0,0,70.7,225.65,0,1,0,0,1,0,0,0,0,0,1,3.0,17.675,1,0,0,0,0,0.0,17.675,3.1471408647140864,0
0,1,1,8,1,0.0,0.0,0.0,0.0,0.0,0.0,0.0,1,43.45,345.5,0,1,0,0,0,1,0,0,0,0,1,0.0,43.45,0,1,0,0,0,0.0,4.827777777777778,7.772778402699662,0
0,0,0,22,0,0.0,0.0,1.0,0.0,0.0,1.0,1.0,1,50.35,1098.85,1,1,0,0,1,0,0,0,0,1,0,3.0,12.5875,1,0,0,0,1,0.0,2.1891304347826086,21.399221032132424,1
0,0,0,12,1,0.0,1.0,0.0,0.0,0.0,1.0,0.0,1,85.15,979.05,1,0,1,0,0,1,0,0,1,0,0,2.0,28.383333333333336,1,1,1,0,0,0.0,6.550000000000001,11.36448055716773,0
1,1,0,16,1,0.0,1.0,1.0,0.0,0.0,0.0,0.0,1,54.55,825.1,0,1,0,0,1,0,0,1,0,0,0,2.0,18.183333333333334,0,0,1,0,0,0.0,3.2088235294117644,14.853285328532854,1
0,0,0,15,1,0.0,0.0,0.0,0.0,0.0,0.0,0.0,0,19.6,331.6,1,0,0,1,0,0,1,0,0,0,1,0.0,19.6,0,1,0,0,0,0.0,1.225,16.097087378640776,1
1,1,0,43,1,1.0,0.0,1.0,1.0,0.0,1.0,1.0,1,103.0,4414.3,0,0,1,0,1,0,0,0,0,1,0,5.0,17.166666666666668,1,0,0,1,1,1.0,2.340909090909091,42.44519230769231,2
0,1,1,12,1,0.0,0.0,0.0,0.0,0.0,0.0,0.0,1,19.2,239.0,0,0,0,1,1,0,0,0,0,1,0,0.0,19.2,0,0,0,0,1,0.0,1.4769230769230768,11.831683168316832,0
0,0,0,4,1,1.0,0.0,0.0,0.0,1.0,0.0,1.0,0,65.55,237.2,0,1,0,0,1,0,0,0,0,0,1,3.0,16.3875,1,0,0,0,0,0.0,13.11,3.564237415477085,0
0,0,0,9,1,0.0,0.0,0.0,1.0,0.0,0.0,1.0,1,85.3,781.4,1,0,1,0,1,0,0,0,1,0,0,2.0,28.433333333333334,1,0,1,1,0,1.0,8.53,9.054461181923523,0
0,1,1,14,1,0.0,0.0,0.0,0.0,0.0,0.0,0.0,1,19.5,272.0,1,0,0,1,0,1,0,0,0,0,1,0.0,19.5,0,1,0,0,0,0.0,1.3,13.268292682926829,1
1,1,1,23,1,0.0,0.0,1.0,1.0,0.0,0.0,1.0,1,88.45,2130.55,1,0,1,0,1,0,0,1,0,0,0,3.0,22.1125,1,0,1,1,0,1.0,3.685416666666667,23.81833426495249,1
0,1,1,7,1,0.0,1.0,1.0,1.0,0.0,1.0,0.0,0,69.45,477.05,1,1,0,0,0,1,0,0,0,1,0,4.0,13.89,1,1,0,0,0,0.0,8.68125,6.771469127040454,0
0,1,1,39,1,1.0,0.0,0.0,0.0,0.0,0.0,0.0,1,23.8,903.8,0,0,0,1,0,0,1,0,0,0,1,1.0,11.9,0,1,0,0,0,0.0,0.595,36.44354838709677,2
0,1,1,23,1,0.0,0.0,0.0,0.0,0.0,0.0,0.0,0,20.9,454.0,0,0,0,1,0,0,1,0,0,0,1,0.0,20.9,0,1,0,0,0,0.0,0.8708333333333332,20.730593607305938,1
0,0,0,11,1,1.0,0.0,0.0,0.0,0.0,0.0,0.0,0,25.2,245.15,1,0,0,1,0,1,0,0,0,1,0,1.0,12.6,0,1,0,0,0,0.0,2.1,9.356870229007635,0
0,0,0,27,1,0.0,0.0,0.0,0.0,0.0,0.0,0.0,0,20.35,531.6,0,0,0,1,0,0,1,0,1,0,0,0.0,20.35,0,1,1,0,0,0.0,0.7267857142857144,24.89929742388759,1
0,0,1,56,1,1.0,0.0,0.0,0.0,0.0,0.0,0.0,1,24.8,1424.2,0,0,0,1,0,0,1,0,0,0,1,1.0,12.4,0,1,0,0,0,0.0,0.43508771929824563,55.201550387596896,2
0,1,1,19,1,1.0,0.0,0.0,0.0,0.0,0.0,0.0,0,50.1,910.45,0,1,0,0,1,0,0,0,1,0,0,1.0,25.05,0,0,1,0,0,0.0,2.505,17.817025440313113,1
0,1,1,51,1,0.0,1.0,1.0,0.0,1.0,0.0,1.0,1,69.75,3562.5,1,1,0,0,0,1,0,0,1,0,0,4.0,13.95,1,1,1,0,0,0.0,1.3413461538461537,50.35335689045937,2
0,1,1,70,1,1.0,1.0,1.0,1.0,1.0,1.0,1.0,1,89.0,6293.2,1,1,0,0,0,0,1,1,0,0,0,7.0,11.125,1,1,1,0,0,0.0,1.2535211267605635,69.92444444444445,3
0,1,1,1,1,0.0,0.0,0.0,0.0,0.0,0.0,0.0,0,19.7,19.7,0,0,0,1,1,0,0,0,0,0,1,0.0,19.7,0,0,0,0,0,0.0,9.85,0.9516908212560387,0
0,0,0,50,1,0.0,1.0,1.0,0.0,1.0,0.0,1.0,1,93.5,4747.5,0,0,1,0,1,0,0,0,1,0,0,4.0,18.7,1,0,1,1,0,0.0,1.8333333333333333,50.23809523809524,2
0,0,0,15,1,0.0,1.0,1.0,1.0,1.0,1.0,1.0,0,84.45,1287.85,1,1,0,0,1,0,0,0,0,0,1,6.0,12.064285714285715,1,0,0,0,0,0.0,5.278125,15.071386775892334,1
0,1,1,72,1,0.0,0.0,0.0,0.0,0.0,0.0,0.0,0,19.4,1363.25,0,0,0,1,0,0,1,0,1,0,0,0.0,19.4,0,1,1,0,0,0.0,0.2657534246575342,66.82598039215686,3
1,1,0,65,1,0.0,0.0,1.0,1.0,1.0,1.0,1.0,1,105.85,6725.5,1,0,1,0,0,0,1,0,1,0,0,5.0,17.641666666666666,1,1,1,0,0,0.0,1.6037878787878788,62.9433785680861,3
1,0,0,51,1,1.0,0.0,0.0,0.0,0.0,0.0,0.0,0,25.0,1260.7,0,0,0,1,0,1,0,1,0,0,0,1.0,12.5,0,1,1,0,0,0.0,0.4807692307692308,48.48846153846154,2
0,0,0,7,1,1.0,1.0,0.0,0.0,0.0,0.0,0.0,1,53.65,404.35,1,1,0,0,1,0,0,0,0,1,0,2.0,17.883333333333333,0,0,0,0,1,0.0,6.70625,7.398902104300092,0
0,1,1,55,1,0.0,0.0,0.0,0.0,0.0,0.0,0.0,0,19.4,1083.0,1,0,0,1,0,0,1,0,1,0,0,0.0,19.4,0,1,1,0,0,0.0,0.3464285714285714,53.08823529411765,2
0,1,0,37,1,1.0,1.0,0.0,0.0,0.0,0.0,0.0,1,55.05,2030.75,0,1,0,0,1,0,0,0,0,0,1,2.0,18.349999999999998,0,0,0,0,0,0.0,1.4486842105263158,36.23104371097235,2
1,1,0,17,1,0.0,0.0,0.0,0.0,0.0,0.0,1.0,0,81.5,1329.2,0,0,1,0,1,0,0,1,0,0,0,1.0,40.75,1,0,1,1,0,1.0,4.527777777777778,16.111515151515153,1
0,1,1,6,1,0.0,0.0,0.0,0.0,0.0,0.0,0.0,0,19.0,105.5,1,0,0,1,0,1,0,0,1,0,0,0.0,19.0,0,1,1,0,0,0.0,2.7142857142857144,5.275,0
0,0,0,5,1,1.0,0.0,0.0,0.0,0.0,1.0,0.0,1,84.0,424.75,1,0,1,0,1,0,0,0,0,1,0,2.0,28.0,1,0,0,1,1,1.0,14.0,4.997058823529412,0
1,0,0,15,1,0.0,1.0,0.0,1.0,1.0,0.0,1.0,1,96.3,1426.75,1,0,1,0,1,0,0,0,0,0,1,4.0,19.259999999999998,1,0,0,1,0,0.0,6.01875,14.663412127440905,1
1,1,1,64,1,1.0,1.0,0.0,1.0,1.0,1.0,1.0,1,111.6,7099.0,0,0,1,0,0,0,1,1,0,0,0,6.0,15.942857142857141,1,1,1,0,0,0.0,1.7169230769230768,63.0461811722913,3
1,0,0,57,1,1.0,1.0,0.0,1.0,1.0,0.0,1.0,0,101.3,5779.6,1,0,1,0,0,0,1,0,1,0,0,5.0,16.883333333333333,1,1,1,0,0,0.0,1.746551724137931,56.49657869012708,2
0,0,0,31,1,0.0,0.0,0.0,0.0,0.0,0.0,0.0,0,20.4,609.1,0,0,0,1,0,0,1,1,0,0,0,0.0,20.4,0,1,1,0,0,0.0,0.6375,28.462616822429908,1
0,1,0,55,1,1.0,0.0,1.0,1.0,0.0,1.0,1.0,1,103.65,5676.65,1,0,1,0,1,0,0,0,1,0,0,5.0,17.275000000000002,1,0,1,1,0,1.0,1.8508928571428573,54.24414715719063,2
0,1,1,7,1,0.0,0.0,0.0,0.0,0.0,0.0,0.0,1,20.25,174.7,0,0,0,1,1,0,0,1,0,0,0,0.0,20.25,0,0,1,0,0,0.0,2.53125,8.221176470588235,0
0,0,1,61,1,1.0,0.0,0.0,0.0,0.0,0.0,0.0,1,25.0,1498.35,1,0,0,1,0,0,1,0,1,0,0,1.0,12.5,0,1,1,0,0,0.0,0.4032258064516129,57.62884615384615,3
0,1,0,70,1,1.0,0.0,1.0,1.0,0.0,1.0,0.0,1,95.0,6602.9,0,0,1,0,0,1,0,1,0,0,0,4.0,19.0,1,1,1,0,0,1.0,1.3380281690140845,68.78020833333333,3
0,0,0,52,1,0.0,0.0,0.0,1.0,0.0,0.0,1.0,1,59.45,3043.7,1,1,0,0,1,0,0,0,0,1,0,2.0,19.816666666666666,1,0,0,0,1,0.0,1.1216981132075472,50.350703060380475,2
0,0,0,4,1,1.0,0.0,1.0,0.0,0.0,0.0,0.0,0,77.95,305.55,1,0,1,0,1,0,0,1,0,0,0,2.0,25.983333333333334,0,0,1,1,0,1.0,15.59,3.87017099430019,0
0,0,0,17,1,0.0,0.0,0.0,0.0,0.0,0.0,0.0,0,19.4,358.05,1,0,0,1,0,0,1,0,0,0,1,0.0,19.4,0,1,0,0,0,0.0,1.0777777777777777,17.551470588235297,1
0,1,1,41,1,0.0,1.0,1.0,1.0,0.0,0.0,0.0,1,60.3,2511.3,0,1,0,0,0,1,0,1,0,0,0,3.0,15.075,0,1,1,0,0,0.0,1.4357142857142857,40.96737357259381,2
0,0,0,6,1,1.0,0.0,1.0,1.0,1.0,1.0,1.0,1,109.9,669.45,1,0,1,0,1,0,0,0,1,0,0,6.0,15.700000000000001,1,0,1,1,0,0.0,15.700000000000001,6.0365193868349865,0
0,1,1,50,1,0.0,0.0,0.0,0.0,0.0,0.0,0.0,1,69.75,3557.7,1,0,1,0,1,0,0,1,0,0,0,0.0,69.75,0,0,1,1,0,1.0,1.3676470588235294,50.285512367491165,2
1,0,0,2,1,1.0,0.0,0.0,0.0,0.0,0.0,0.0,1,72.6,154.3,0,0,1,0,1,0,0,0,0,0,1,1.0,36.3,0,0,0,1,0,1.0,24.2,2.096467391304348,0
0,1,1,72,1,1.0,1.0,1.0,1.0,1.0,0.0,1.0,0,81.0,5750.0,0,1,0,0,0,0,1,0,1,0,0,6.0,11.571428571428571,1,1,1,0,0,0.0,1.1095890410958904,70.1219512195122,3
0,0,0,4,0,0.0,0.0,0.0,0.0,1.0,0.0,1.0,1,40.05,162.45,0,1,0,0,1,0,0,0,0,1,0,2.0,13.35,1,0,0,0,1,0.0,8.01,3.9573690621193665,0
0,1,0,9,1,0.0,0.0,0.0,0.0,0.0,1.0,1.0,0,89.45,853.1,1,0,1,0,1,0,0,0,0,1,0,2.0,29.816666666666666,1,0,0,1,1,1.0,8.945,9.431730237700387,0
0,0,0,13,0,0.0,0.0,0.0,0.0,0.0,0.0,1.0,1,35.1,446.1,1,1,0,0,1,0,0,0,0,1,0,1.0,17.55,1,0,0,0,1,0.0,2.507142857142857,12.357340720221607,1
0,0,0,7,1,0.0,0.0,0.0,0.0,0.0,0.0,0.0,1,18.95,130.55,0,0,0,1,1,0,0,0,0,0,1,0.0,18.95,0,0,0,0,0,0.0,2.36875,6.543859649122808,0
0,0,0,32,1,1.0,0.0,1.0,1.0,0.0,1.0,1.0,1,104.05,3416.85,1,0,1,0,0,1,0,0,1,0,0,5.0,17.341666666666665,1,1,1,0,0,1.0,3.153030303030303,32.52594002855783,1
1,0,0,6,1,0.0,0.0,0.0,0.0,0.0,1.0,1.0,1,89.35,567.8,1,0,1,0,1,0,0,0,0,1,0,2.0,29.78333333333333,1,0,0,1,1,1.0,12.764285714285714,6.284449363586054,0
0,1,0,56,1,1.0,0.0,1.0,1.0,0.0,0.0,0.0,0,59.5,3389.25,0,1,0,0,0,0,1,0,1,0,0,3.0,14.875,0,1,1,0,0,0.0,1.043859649122807,56.02066115702479,2
0,0,0,1,1,0.0,0.0,0.0,0.0,0.0,0.0,0.0,0,44.6,44.6,0,1,0,0,1,0,0,0,0,0,1,0.0,44.6,0,0,0,0,0,0.0,22.3,0.9780701754385965,0
1,0,0,2,1,0.0,0.0,0.0,0.0,0.0,0.0,0.0,0,19.2,37.2,0,0,0,1,1,0,0,0,0,1,0,0.0,19.2,0,0,0,0,1,0.0,6.3999999999999995,1.8415841584158419,0
0,0,0,21,1,0.0,0.0,0.0,0.0,0.0,0.0,0.0,1,68.65,1493.2,1,0,1,0,1,0,0,0,0,1,0,0.0,68.65,0,0,0,1,1,1.0,3.1204545454545456,21.43862167982771,1
0,1,0,68,1,1.0,1.0,1.0,0.0,0.0,0.0,0.0,1,84.7,5711.05,1,0,1,0,0,0,1,1,0,0,0,3.0,21.175,0,1,1,0,0,0.0,1.227536231884058,66.64002333722287,3
0,0,1,66,1,1.0,1.0,1.0,0.0,1.0,0.0,0.0,0,65.7,4378.9,0,1,0,0,0,0,1,1,0,0,0,4.0,13.14,0,1,1,0,0,0.0,0.9805970149253732,65.65067466266866,3
0,1,0,8,1,0.0,0.0,1.0,1.0,0.0,0.0,0.0,1,54.75,445.85,0,1,0,0,1,0,0,0,0,0,1,2.0,18.25,0,0,0,0,0,0.0,6.083333333333333,7.997309417040359,0
0,0,1,27,1,1.0,0.0,0.0,0.0,1.0,0.0,0.0,1,79.5,2180.55,0,0,1,0,1,0,0,0,0,1,0,2.0,26.5,0,0,0,1,1,0.0,2.8392857142857144,27.087577639751554,1
0,0,0,5,1,1.0,0.0,1.0,0.0,0.0,1.0,0.0,1,90.8,455.5,1,0,1,0,1,0,0,0,0,1,0,3.0,22.7,1,0,0,1,1,1.0,15.133333333333333,4.961873638344227,0
0,1,0,70,1,0.0,0.0,0.0,0.0,0.0,0.0,0.0,0,19.85,1328.35,1,0,0,1,0,0,1,0,1,0,0,0.0,19.85,0,1,1,0,0,0.0,0.2795774647887324,63.709832134292554,3
0,1,0,72,1,1.0,0.0,1.0,1.0,1.0,1.0,1.0,1,85.15,6316.2,0,1,0,0,0,0,1,1,0,0,0,6.0,12.164285714285715,1,1,1,0,0,0.0,1.1664383561643836,73.3163087637841,3
0,0,0,2,1,0.0,0.0,0.0,0.0,0.0,0.0,0.0,1,45.4,80.95,1,1,0,0,1,0,0,0,0,1,0,0.0,45.4,0,0,0,0,1,0.0,15.133333333333333,1.7446120689655173,0
1,1,0,19,1,1.0,0.0,0.0,0.0,0.0,1.0,1.0,1,94.95,1760.25,1,0,1,0,1,0,0,0,0,1,0,3.0,23.7375,1,0,0,1,1,1.0,4.7475000000000005,18.34549244398124,1
0,0,0,52,1,0.0,1.0,0.0,0.0,0.0,0.0,0.0,1,49.75,2535.55,1,1,0,0,1,0,0,1,0,0,0,1.0,24.875,0,0,1,0,0,0.0,0.9386792452830188,49.961576354679806,2
0,1,0,72,1,0.0,0.0,0.0,0.0,0.0,0.0,0.0,0,19.4,1496.45,1,0,0,1,0,0,1,1,0,0,0,0.0,19.4,0,1,1,0,0,0.0,0.2657534246575342,73.35539215686275,3
0,1,0,19,1,0.0,0.0,0.0,0.0,0.0,0.0,0.0,0,44.9,839.65,1,1,0,0,1,0,0,0,0,0,1,0.0,44.9,0,0,0,0,0,0.0,2.245,18.293028322440087,1
0,1,1,60,1,0.0,0.0,1.0,0.0,1.0,1.0,1.0,0,76.95,4543.95,0,1,0,0,0,0,1,1,0,0,0,4.0,15.39,1,1,1,0,0,0.0,1.2614754098360657,58.29313662604233,2
1,1,1,66,1,1.0,1.0,1.0,1.0,1.0,1.0,1.0,1,116.25,7862.25,0,0,1,0,0,1,0,0,0,1,0,7.0,14.53125,1,1,0,0,0,0.0,1.7350746268656716,67.05543710021323,3
0,1,0,26,1,0.0,0.0,1.0,1.0,0.0,1.0,1.0,1,73.5,1905.7,1,1,0,0,0,0,1,0,1,0,0,4.0,14.7,1,1,1,0,0,0.0,2.7222222222222223,25.57986577181208,1
0,1,1,43,1,0.0,1.0,0.0,1.0,1.0,1.0,1.0,1,79.15,3566.6,0,1,0,0,0,0,1,0,1,0,0,5.0,13.191666666666668,1,1,1,0,0,0.0,1.7988636363636366,44.499064254522764,2
1,0,0,9,1,1.0,0.0,0.0,1.0,0.0,1.0,1.0,1,100.5,918.6,0,0,1,0,1,0,0,0,0,1,0,4.0,20.1,1,0,0,1,1,1.0,10.05,9.05024630541872,0
0,0,0,72,1,0.0,0.0,0.0,0.0,0.0,0.0,0.0,1,20.8,1521.2,0,0,0,1,0,0,1,0,0,0,1,0.0,20.8,0,1,0,0,0,0.0,0.28493150684931506,69.77981651376147,3
0,1,0,61,1,0.0,0.0,0.0,0.0,0.0,0.0,0.0,1,20.55,1252.0,0,0,0,1,0,1,0,0,1,0,0,0.0,20.55,0,1,1,0,0,0.0,0.33145161290322583,58.09744779582366,3
0,0,0,7,1,0.0,0.0,0.0,0.0,0.0,1.0,0.0,1,79.7,586.05,1,0,1,0,1,0,0,0,0,1,0,1.0,39.85,1,0,0,1,1,1.0,9.9625,7.262081784386616,0
0,0,0,10,1,0.0,1.0,0.0,0.0,0.0,0.0,0.0,1,51.65,524.5,0,1,0,0,1,0,0,0,0,0,1,1.0,25.825,0,0,0,0,0,0.0,4.695454545454545,9.96201329534663,0
0,1,0,14,1,1.0,1.0,0.0,0.0,0.0,1.0,0.0,1,64.7,941.0,1,1,0,0,1,0,0,1,0,0,0,3.0,16.175,1,0,1,0,0,0.0,4.3133333333333335,14.322678843226788,1
0,0,1,32,1,1.0,0.0,1.0,1.0,1.0,1.0,1.0,0,83.7,2633.3,0,1,0,0,0,1,0,0,1,0,0,6.0,11.957142857142857,1,1,1,0,0,0.0,2.5363636363636366,31.089728453364817,1
0,0,0,24,1,1.0,1.0,0.0,0.0,1.0,0.0,0.0,1,84.35,1938.05,1,0,1,0,1,0,0,0,0,1,0,3.0,21.0875,0,0,0,1,1,0.0,3.3739999999999997,22.7070884592853,1
0,0,0,32,1,0.0,0.0,0.0,0.0,0.0,0.0,0.0,0,20.55,654.55,1,0,0,1,0,1,0,1,0,0,0,0.0,20.55,0,1,1,0,0,0.0,0.6227272727272728,30.373549883990716,1
0,1,0,71,0,0.0,0.0,1.0,1.0,1.0,1.0,1.0,1,61.4,4310.35,1,1,0,0,0,0,1,0,1,0,0,5.0,10.233333333333333,1,1,1,0,0,0.0,0.8527777777777777,69.0761217948718,3
0,0,0,5,1,0.0,0.0,0.0,0.0,0.0,0.0,0.0,0,20.55,96.1,1,0,0,1,1,0,0,0,1,0,0,0.0,20.55,0,0,1,0,0,0.0,3.4250000000000003,4.4593967517401385,0
0,0,1,1,1,0.0,0.0,0.0,1.0,0.0,0.0,0.0,1,49.85,49.85,0,1,0,0,1,0,0,0,0,1,0,1.0,24.925,0,0,0,0,1,0.0,24.925,0.9803343166175025,0
0,0,0,32,1,1.0,0.0,0.0,1.0,0.0,1.0,1.0,1,101.35,3334.9,1,0,1,0,1,0,0,0,0,1,0,4.0,20.27,1,0,0,1,1,1.0,3.071212121212121,32.58329262335125,1
0,0,1,8,1,0.0,0.0,0.0,0.0,0.0,0.0,0.0,0,19.95,170.9,1,0,0,1,1,0,0,0,0,0,1,0.0,19.95,0,0,0,0,0,0.0,2.216666666666667,8.157517899761338,0
0,1,1,71,1,1.0,1.0,1.0,1.0,1.0,1.0,1.0,0,91.05,6293.75,1,1,0,0,0,0,1,0,0,0,1,7.0,11.38125,1,1,0,0,0,0.0,1.2645833333333334,68.37316675719718,3
0,1,1,55,1,1.0,1.0,1.0,0.0,1.0,0.0,1.0,1,75.75,4264.25,1,1,0,0,0,1,0,1,0,0,0,5.0,12.625,1,1,1,0,0,0.0,1.3526785714285714,55.56026058631922,2
1,0,0,15,1,1.0,0.0,1.0,0.0,0.0,0.0,0.0,1,80.2,1217.25,0,0,1,0,1,0,0,0,0,1,0,2.0,26.733333333333334,0,0,0,1,1,1.0,5.0125,14.990763546798028,1
0,0,0,22,1,1.0,0.0,0.0,0.0,0.0,0.0,0.0,1,76.0,1783.6,1,0,1,0,0,1,0,0,1,0,0,1.0,38.0,0,1,1,0,0,1.0,3.3043478260869565,23.163636363636364,1
0,1,0,18,1,1.0,0.0,0.0,0.0,0.0,1.0,1.0,1,94.75,1691.9,0,0,1,0,1,0,0,0,0,1,0,3.0,23.6875,1,0,0,1,1,1.0,4.9868421052631575,17.669973890339428,1
0,0,0,1,1,0.0,0.0,0.0,0.0,1.0,0.0,0.0,0,49.05,49.05,0,1,0,0,1,0,0,0,0,0,1,1.0,24.525,0,0,0,0,0,0.0,24.525,0.98001998001998,0
0,1,1,19,0,0.0,0.0,0.0,0.0,0.0,0.0,0.0,1,24.85,434.8,1,1,0,0,1,0,0,0,0,0,1,0.0,24.85,0,0,0,0,0,0.0,1.2425000000000002,16.820116054158607,1
0,1,0,53,1,1.0,0.0,1.0,1.0,1.0,1.0,1.0,1,108.95,5718.2,1,0,1,0,0,1,0,1,0,0,0,6.0,15.564285714285715,1,1,1,0,0,0.0,2.017592592592593,52.00727603456116,2
0,0,0,8,1,0.0,0.0,0.0,0.0,0.0,0.0,0.0,1,19.2,161.95,1,0,0,1,0,1,0,0,0,0,1,0.0,19.2,0,1,0,0,0,0.0,2.1333333333333333,8.017326732673267,0
0,0,0,17,1,0.0,0.0,0.0,0.0,0.0,0.0,0.0,0,20.15,353.65,1,0,0,1,0,1,0,0,0,0,1,0.0,20.15,0,1,0,0,0,0.0,1.1194444444444445,16.721040189125297,1
0,0,0,40,1,0.0,0.0,0.0,0.0,0.0,0.0,0.0,0,19.65,830.25,1,0,0,1,0,0,1,0,1,0,0,0.0,19.65,0,1,1,0,0,0.0,0.4792682926829268,40.20581113801453,2
0,1,1,72,1,1.0,0.0,0.0,0.0,0.0,0.0,0.0,0,24.45,1709.1,1,0,0,1,0,0,1,1,0,0,0,1.0,12.225,0,1,1,0,0,0.0,0.33493150684931505,67.15520628683693,3
1,0,0,25,1,1.0,0.0,1.0,0.0,0.0,1.0,0.0,1,88.95,2291.2,0,0,1,0,1,0,0,0,0,1,0,3.0,22.2375,1,0,0,1,1,1.0,3.4211538461538464,25.471928849360754,1
0,1,0,9,0,0.0,0.0,0.0,0.0,0.0,0.0,0.0,0,24.1,259.8,0,1,0,0,0,1,0,1,0,0,0,0.0,24.1,0,1,1,0,0,0.0,2.41,10.350597609561753,0
0,0,0,7,1,0.0,0.0,0.0,0.0,0.0,0.0,0.0,0,69.15,488.65,0,0,1,0,1,0,0,1,0,0,0,0.0,69.15,0,0,1,1,0,1.0,8.64375,6.965787598004276,0
0,1,1,8,1,0.0,0.0,0.0,0.0,0.0,0.0,0.0,1,19.75,145.0,1,0,0,1,0,1,0,0,0,0,1,0.0,19.75,0,1,0,0,0,0.0,2.1944444444444446,6.9879518072289155,0
1,0,0,55,1,1.0,0.0,0.0,1.0,0.0,1.0,1.0,1,100.0,5509.3,1,0,1,0,0,1,0,0,0,1,0,4.0,20.0,1,1,0,0,0,1.0,1.7857142857142858,54.54752475247525,2
0,0,0,3,1,0.0,0.0,0.0,0.0,0.0,0.0,0.0,1,20.75,67.1,0,0,0,1,1,0,0,0,1,0,0,0.0,20.75,0,0,1,0,0,0.0,5.1875,3.0850574712643675,0
0,1,1,40,1,1.0,0.0,0.0,1.0,0.0,1.0,1.0,1,74.55,3015.75,0,1,0,0,1,0,0,0,0,1,0,4.0,14.91,1,0,0,0,1,0.0,1.818292682926829,39.91727332892125,2
0,1,0,25,1,0.0,0.0,0.0,0.0,0.0,0.0,0.0,1,20.95,495.15,0,0,0,1,0,1,0,1,0,0,0,0.0,20.95,0,1,1,0,0,0.0,0.8057692307692308,22.558086560364465,1
0,0,0,55,1,1.0,1.0,0.0,1.0,0.0,0.0,0.0,1,84.25,4589.85,1,0,1,0,0,1,0,0,1,0,0,3.0,21.0625,0,1,1,0,0,0.0,1.5044642857142858,53.83988269794722,2
0,1,1,59,1,0.0,1.0,1.0,1.0,1.0,1.0,1.0,1,86.75,5186.0,0,1,0,0,0,0,1,0,0,1,0,6.0,12.392857142857142,1,1,0,0,0,0.0,1.4458333333333333,59.0997150997151,2
0,0,0,9,1,1.0,0.0,0.0,0.0,0.0,1.0,1.0,1,95.5,829.1,0,0,1,0,1,0,0,0,0,1,0,3.0,23.875,1,0,0,1,1,1.0,9.55,8.591709844559587,0
1,1,0,71,1,0.0,0.0,1.0,1.0,1.0,0.0,1.0,1,95.5,6707.15,0,0,1,0,0,0,1,0,1,0,0,4.0,19.1,1,1,1,0,0,0.0,1.3263888888888888,69.50414507772021,3
0,0,0,50,1,1.0,1.0,1.0,1.0,1.0,1.0,1.0,0,114.35,5791.1,0,0,1,0,0,1,0,0,1,0,0,7.0,14.29375,1,1,1,0,0,0.0,2.242156862745098,50.204594711746864,2
1,1,0,20,1,0.0,0.0,1.0,0.0,0.0,0.0,1.0,1,60.0,1259.35,1,1,0,0,1,0,0,0,0,1,0,2.0,20.0,1,0,0,0,1,0.0,2.857142857142857,20.645081967213113,1
0,0,0,31,1,1.0,1.0,0.0,1.0,0.0,0.0,0.0,1,84.75,2613.4,1,0,1,0,1,0,0,0,1,0,0,3.0,21.1875,0,0,1,1,0,0.0,2.6484375,30.476967930029154,1
1,1,0,56,1,1.0,0.0,0.0,1.0,0.0,1.0,1.0,1,100.65,5688.05,1,0,1,0,1,0,0,1,0,0,0,4.0,20.130000000000003,1,0,1,1,0,1.0,1.7657894736842106,55.95720609936055,2
1,0,0,40,0,0.0,1.0,1.0,0.0,0.0,1.0,1.0,1,55.8,2109.35,1,1,0,0,1,0,0,0,0,1,0,4.0,11.16,1,0,0,0,1,0.0,1.3609756097560974,37.13644366197183,2
1,1,0,51,0,0.0,0.0,1.0,0.0,0.0,0.0,0.0,1,29.45,1459.35,0,1,0,0,1,0,0,0,1,0,0,1.0,14.725,0,0,1,0,0,0.0,0.5663461538461538,47.926108374384235,2
0,0,0,45,1,1.0,0.0,1.0,0.0,0.0,1.0,0.0,1,89.3,4016.85,1,0,1,0,1,0,0,0,1,0,0,3.0,22.325,1,0,1,1,0,1.0,1.941304347826087,44.48338870431894,2
0,0,0,51,1,0.0,0.0,0.0,0.0,0.0,1.0,1.0,0,87.55,4475.9,1,0,1,0,0,1,0,0,1,0,0,2.0,29.183333333333334,1,1,1,0,0,1.0,1.6836538461538462,50.546583850931675,2
0,1,0,54,1,1.0,0.0,1.0,1.0,0.0,1.0,1.0,1,104.3,5278.15,0,0,1,0,1,0,0,0,0,1,0,5.0,17.383333333333333,1,0,0,1,1,1.0,1.8963636363636363,50.12488129154796,2
0,1,1,16,1,0.0,0.0,1.0,0.0,0.0,0.0,0.0,0,73.25,1195.75,1,0,1,0,1,0,0,1,0,0,0,1.0,36.625,0,0,1,1,0,1.0,4.3088235294117645,16.104377104377104,1
0,0,0,1,1,0.0,0.0,0.0,0.0,0.0,1.0,1.0,0,90.55,90.55,1,0,1,0,1,0,0,0,0,1,0,2.0,30.183333333333334,1,0,0,1,1,1.0,45.275,0.9890770070999454,0
0,1,1,29,1,1.0,0.0,1.0,1.0,0.0,1.0,1.0,0,80.1,2211.8,0,1,0,0,1,0,0,0,1,0,0,5.0,13.35,1,0,1,0,0,0.0,2.67,27.27250308261406,1
1,0,0,1,1,0.0,0.0,0.0,0.0,0.0,1.0,0.0,0,78.45,78.45,1,0,1,0,1,0,0,0,0,1,0,1.0,39.225,1,0,0,1,1,1.0,39.225,0.9874134675896791,0
0,1,0,29,0,0.0,0.0,0.0,0.0,0.0,1.0,0.0,0,33.75,1009.25,0,1,0,0,1,0,0,0,0,0,1,1.0,16.875,1,0,0,0,0,0.0,1.125,29.0431654676259,1
0,0,0,9,1,0.0,0.0,0.0,0.0,1.0,1.0,0.0,0,86.25,770.5,0,0,1,0,1,0,0,0,0,1,0,2.0,28.75,1,0,0,1,1,0.0,8.625,8.830945558739256,0
1,1,0,72,1,1.0,1.0,1.0,1.0,1.0,1.0,1.0,1,116.75,8277.05,1,0,1,0,0,0,1,0,1,0,0,7.0,14.59375,1,1,1,0,0,0.0,1.5993150684931507,70.29341825902335,3
0,1,0,42,1,1.0,0.0,0.0,1.0,1.0,0.0,0.0,1,84.3,3588.4,1,0,1,0,1,0,0,0,0,1,0,3.0,21.075,0,0,0,1,1,0.0,1.9604651162790696,42.06799531066823,2
0,1,1,37,1,0.0,0.0,0.0,0.0,0.0,0.0,0.0,0,19.8,726.1,0,0,0,1,0,0,1,1,0,0,0,0.0,19.8,0,1,1,0,0,0.0,0.5210526315789474,34.90865384615385,2
0,0,0,6,1,0.0,0.0,0.0,0.0,0.0,1.0,1.0,1,91.1,455.3,1,0,1,0,1,0,0,0,0,1,0,2.0,30.366666666666664,1,0,0,1,1,1.0,13.014285714285714,4.943539630836049,0
0,0,0,1,1,0.0,1.0,1.0,0.0,1.0,0.0,0.0,1,83.4,83.4,1,0,1,0,1,0,0,0,0,0,1,3.0,20.85,0,0,0,1,0,0.0,41.7,0.9881516587677726,0
0,1,1,68,1,1.0,0.0,0.0,0.0,0.0,1.0,0.0,1,83.0,5685.8,1,0,1,0,0,1,0,0,0,1,0,2.0,27.666666666666668,1,1,0,0,0,1.0,1.2028985507246377,67.68809523809524,3
0,0,0,1,1,0.0,0.0,0.0,0.0,0.0,0.0,0.0,0,45.3,45.3,1,1,0,0,1,0,0,0,0,0,1,0.0,45.3,0,0,0,0,0,0.0,22.65,0.978401727861771,0
0,1,0,32,1,0.0,0.0,0.0,0.0,0.0,0.0,0.0,0,19.4,641.15,1,0,0,1,1,0,0,1,0,0,0,0.0,19.4,0,0,1,0,0,0.0,0.5878787878787879,31.42892156862745,1
0,0,0,39,0,0.0,0.0,0.0,1.0,0.0,1.0,1.0,1,50.75,2011.4,1,1,0,0,1,0,0,0,0,1,0,3.0,12.6875,1,0,0,0,1,0.0,1.26875,38.86763285024155,2
0,0,0,37,1,0.0,1.0,1.0,1.0,1.0,0.0,0.0,0,65.6,2313.8,0,1,0,0,0,0,1,1,0,0,0,4.0,13.12,0,1,1,0,0,0.0,1.726315789473684,34.74174174174175,2
1,1,0,30,1,0.0,0.0,1.0,1.0,0.0,0.0,0.0,1,79.65,2365.15,0,0,1,0,1,0,0,0,0,0,1,2.0,26.55,0,0,0,1,0,1.0,2.5693548387096774,29.32610043397396,1
1,1,0,8,1,0.0,0.0,0.0,1.0,1.0,0.0,1.0,1,64.4,581.7,0,1,0,0,1,0,0,0,1,0,0,3.0,16.1,1,0,1,0,0,0.0,7.155555555555556,8.894495412844037,0
0,0,0,27,1,0.0,1.0,1.0,0.0,0.0,0.0,0.0,0,55.45,1477.65,0,1,0,0,0,1,0,1,0,0,0,2.0,18.483333333333334,0,1,1,0,0,0.0,1.980357142857143,26.176262178919398,1
1,1,0,55,1,1.0,0.0,0.0,0.0,0.0,0.0,0.0,0,51.65,2838.55,1,1,0,0,1,0,0,1,0,0,0,1.0,25.825,0,0,1,0,0,0.0,0.9223214285714285,53.91358024691358,2
0,1,0,20,1,0.0,0.0,0.0,0.0,0.0,0.0,0.0,0,20.35,393.15,1,0,0,1,0,1,0,0,0,0,1,0.0,20.35,0,1,0,0,0,0.0,0.9690476190476192,18.414519906323182,1
0,0,1,1,1,0.0,1.0,1.0,0.0,1.0,0.0,0.0,1,60.0,60.0,1,1,0,0,1,0,0,0,0,1,0,3.0,15.0,0,0,0,0,1,0.0,30.0,0.9836065573770492,0
0,1,1,36,1,1.0,1.0,0.0,1.0,0.0,1.0,1.0,1,104.5,3684.95,1,0,1,0,1,0,0,0,1,0,0,5.0,17.416666666666668,1,0,1,1,0,0.0,2.824324324324324,34.92843601895734,1
0,1,1,68,1,0.0,0.0,0.0,0.0,0.0,0.0,0.0,1,19.95,1303.25,0,0,0,1,0,0,1,1,0,0,0,0.0,19.95,0,1,1,0,0,0.0,0.2891304347826087,62.20763723150358,3
0,0,0,3,1,0.0,0.0,0.0,0.0,0.0,0.0,0.0,0,19.85,57.2,1,0,0,1,1,0,0,0,0,0,1,0.0,19.85,0,0,0,0,0,0.0,4.9625,2.7434052757793763,0
0,0,0,54,0,0.0,1.0,0.0,0.0,1.0,0.0,1.0,0,44.1,2369.7,1,1,0,0,0,1,0,1,0,0,0,3.0,11.025,1,1,1,0,0,0.0,0.8018181818181819,52.54323725055432,2
1,0,0,9,1,0.0,0.0,0.0,0.0,0.0,0.0,1.0,1,79.55,718.55,0,0,1,0,1,0,0,0,0,1,0,1.0,39.775,1,0,0,1,1,1.0,7.955,8.920546244568591,0
0,1,1,8,1,0.0,0.0,0.0,1.0,0.0,1.0,1.0,1,94.2,777.3,1,0,1,0,1,0,0,0,0,1,0,3.0,23.55,1,0,0,1,1,1.0,10.466666666666667,8.164915966386554,0
0,0,0,63,1,1.0,1.0,1.0,1.0,0.0,1.0,0.0,0,98.0,6218.45,1,0,1,0,0,0,1,0,1,0,0,5.0,16.333333333333332,1,1,1,0,0,0.0,1.53125,62.81262626262626,3
0,1,1,21,1,0.0,0.0,0.0,0.0,0.0,0.0,0.0,0,19.8,350.1,0,0,0,1,0,1,0,0,0,0,1,0.0,19.8,0,1,0,0,0,0.0,0.9,16.83173076923077,1
0,0,0,1,1,1.0,0.0,0.0,0.0,0.0,0.0,0.0,1,75.45,75.45,0,0,1,0,1,0,0,0,0,1,0,1.0,37.725,0,0,0,1,1,1.0,37.725,0.986919555264879,0
0,0,0,8,1,0.0,0.0,0.0,0.0,0.0,0.0,0.0,1,19.7,168.9,0,0,0,1,1,0,0,1,0,0,0,0.0,19.7,0,0,1,0,0,0.0,2.1888888888888887,8.159420289855072,0
0,1,1,72,0,0.0,1.0,1.0,1.0,1.0,1.0,1.0,1,65.1,4754.3,0,1,0,0,0,0,1,0,1,0,0,6.0,9.299999999999999,1,1,1,0,0,0.0,0.8917808219178082,71.92586989409986,3
0,0,0,12,1,0.0,0.0,1.0,0.0,1.0,0.0,0.0,1,53.75,648.65,0,1,0,0,1,0,0,0,0,0,1,2.0,17.916666666666668,0,0,0,0,0,0.0,4.134615384615385,11.847488584474885,0
0,1,0,65,1,1.0,1.0,1.0,1.0,0.0,1.0,0.0,1,99.35,6347.55,0,0,1,0,0,0,1,0,0,1,0,5.0,16.558333333333334,1,1,0,0,0,0.0,1.5053030303030301,63.254110612855015,3
0,0,0,39,0,0.0,1.0,1.0,0.0,1.0,0.0,0.0,1,40.3,1630.4,1,1,0,0,0,1,0,1,0,0,0,3.0,10.075,0,1,1,0,0,0.0,1.0074999999999998,39.4769975786925,2
0,0,0,11,1,0.0,0.0,1.0,0.0,0.0,0.0,0.0,0,74.95,815.5,0,0,1,0,1,0,0,0,0,1,0,1.0,37.475,0,0,0,1,1,1.0,6.245833333333334,10.737327188940093,0
0,0,0,58,1,1.0,0.0,1.0,1.0,0.0,1.0,1.0,1,103.25,6017.65,0,0,1,0,0,1,0,1,0,0,0,5.0,17.208333333333332,1,1,1,0,0,1.0,1.75,57.72326139088729,2
0,1,1,72,1,1.0,1.0,0.0,1.0,1.0,1.0,1.0,1,83.3,6042.7,1,1,0,0,0,0,1,1,0,0,0,6.0,11.9,1,1,1,0,0,0.0,1.141095890410959,71.68090154211151,3
0,0,0,1,1,0.0,0.0,0.0,0.0,0.0,0.0,0.0,0,20.35,20.35,0,0,0,1,1,0,0,0,0,0,1,0.0,20.35,0,0,0,0,0,0.0,10.175,0.9531615925058547,0
0,0,0,3,1,0.0,1.0,0.0,0.0,0.0,0.0,0.0,1,50.15,160.85,0,1,0,0,1,0,0,0,0,0,1,1.0,25.075,0,0,0,0,0,0.0,12.5375,3.144672531769306,0
0,1,0,71,1,1.0,1.0,1.0,1.0,1.0,1.0,1.0,1,115.15,8078.1,1,0,1,0,0,0,1,0,1,0,0,7.0,14.39375,1,1,1,0,0,0.0,1.5993055555555555,69.54885923374947,3
0,0,1,17,1,1.0,0.0,0.0,1.0,0.0,0.0,0.0,1,55.85,937.5,1,1,0,0,0,1,0,0,0,0,1,2.0,18.616666666666667,0,1,0,0,0,0.0,3.102777777777778,16.490765171503956,1
0,0,0,15,1,1.0,0.0,0.0,0.0,0.0,0.0,0.0,0,51.55,765.5,0,1,0,0,1,0,0,0,0,1,0,1.0,25.775,0,0,0,0,1,0.0,3.221875,14.567078972407232,1
0,0,0,26,1,0.0,0.0,0.0,0.0,0.0,1.0,1.0,1,88.8,2274.35,1,0,1,0,1,0,0,1,0,0,0,2.0,29.599999999999998,1,0,1,1,0,1.0,3.2888888888888888,25.32683741648107,1
0,0,0,9,1,0.0,0.0,0.0,0.0,0.0,0.0,0.0,0,69.05,651.5,1,0,1,0,1,0,0,0,0,1,0,0.0,69.05,0,0,0,1,1,1.0,6.904999999999999,9.300499643112063,0
0,0,0,25,1,1.0,1.0,1.0,1.0,1.0,1.0,0.0,1,78.35,1837.9,1,1,0,0,1,0,0,1,0,0,0,6.0,11.192857142857141,1,0,1,0,0,0.0,3.0134615384615384,23.161940768746064,1
0,0,0,38,1,0.0,0.0,0.0,0.0,0.0,0.0,0.0,0,20.3,743.05,1,0,0,1,0,0,1,0,0,0,1,0.0,20.3,0,1,0,0,0,0.0,0.5205128205128206,34.88497652582159,2
0,0,0,1,1,1.0,0.0,1.0,0.0,0.0,0.0,0.0,1,79.15,79.15,0,0,1,0,1,0,0,0,0,1,0,2.0,26.383333333333336,0,0,0,1,1,1.0,39.575,0.9875233936369308,0
0,0,0,43,1,1.0,0.0,1.0,1.0,0.0,1.0,1.0,1,104.6,4759.85,1,0,1,0,0,0,1,0,0,1,0,5.0,17.433333333333334,1,1,0,0,0,1.0,2.377272727272727,45.074337121212125,2
0,0,0,7,1,0.0,0.0,0.0,1.0,0.0,0.0,0.0,0,74.65,544.55,0,0,1,0,1,0,0,0,0,0,1,1.0,37.325,0,0,0,1,0,1.0,9.33125,7.198281559814936,0
0,0,0,12,1,0.0,0.0,0.0,1.0,1.0,0.0,1.0,1,89.4,1095.65,1,0,1,0,1,0,0,0,0,1,0,3.0,22.35,1,0,0,1,1,0.0,6.876923076923077,12.120022123893806,0
0,1,0,30,1,1.0,0.0,1.0,0.0,1.0,1.0,0.0,1,94.1,2804.45,1,0,1,0,1,0,0,0,1,0,0,4.0,18.82,1,0,1,1,0,0.0,3.0354838709677416,29.48948475289169,1
0,1,1,57,1,0.0,0.0,0.0,0.0,0.0,0.0,0.0,1,20.1,1087.7,1,0,0,1,0,0,1,1,0,0,0,0.0,20.1,0,1,1,0,0,0.0,0.34655172413793106,51.54976303317535,2
0,0,0,1,1,0.0,0.0,1.0,0.0,0.0,1.0,0.0,0,84.3,84.3,1,0,1,0,1,0,0,0,0,1,0,2.0,28.099999999999998,1,0,0,1,1,1.0,42.15,0.9882766705744431,0
0,1,1,65,1,1.0,0.0,1.0,1.0,1.0,1.0,1.0,1,84.2,5324.5,0,1,0,0,0,0,1,1,0,0,0,6.0,12.028571428571428,1,1,1,0,0,0.0,1.2757575757575759,62.49413145539906,3
0,1,1,9,1,0.0,1.0,0.0,0.0,0.0,0.0,0.0,0,48.6,422.3,1,1,0,0,0,1,0,0,0,0,1,1.0,24.3,0,1,0,0,0,0.0,4.86,8.514112903225806,0
1,0,0,2,1,1.0,0.0,0.0,0.0,0.0,1.0,1.0,1,94.0,181.7,0,0,1,0,1,0,0,0,0,1,0,3.0,23.5,1,0,0,1,1,1.0,31.333333333333332,1.9126315789473682,0
0,1,0,41,0,0.0,0.0,1.0,0.0,1.0,0.0,0.0,0,35.45,1391.65,1,1,0,0,0,1,0,0,0,0,1,2.0,11.816666666666668,0,1,0,0,0,0.0,0.8440476190476192,38.179698216735254,2
0,0,0,29,0,0.0,1.0,0.0,0.0,1.0,0.0,0.0,0,35.6,1072.6,0,1,0,0,0,1,0,0,0,0,1,2.0,11.866666666666667,0,1,0,0,0,0.0,1.1866666666666668,29.306010928961744,1
0,1,1,1,0,0.0,0.0,1.0,0.0,0.0,0.0,0.0,0,30.2,30.2,0,1,0,0,1,0,0,0,0,1,0,1.0,15.1,0,0,0,0,1,0.0,15.1,0.967948717948718,0
1,1,0,46,1,1.0,0.0,0.0,0.0,1.0,1.0,1.0,0,100.25,4753.85,1,0,1,0,0,1,0,0,0,1,0,4.0,20.05,1,1,0,0,0,0.0,2.132978723404255,46.95160493827161,2
0,0,0,45,1,1.0,0.0,0.0,1.0,1.0,0.0,0.0,1,87.25,3941.7,1,0,1,0,1,0,0,0,0,1,0,3.0,21.8125,0,0,0,1,1,0.0,1.8967391304347827,44.66515580736544,2
0,0,0,6,1,0.0,1.0,1.0,0.0,0.0,0.0,0.0,1,78.95,494.95,0,0,1,0,1,0,0,0,0,1,0,2.0,26.316666666666666,0,0,0,1,1,0.0,11.278571428571428,6.190744215134458,0
0,0,0,14,1,0.0,0.0,0.0,0.0,0.0,0.0,0.0,0,19.9,283.75,0,0,0,1,1,0,0,0,0,0,1,0.0,19.9,0,0,0,0,0,0.0,1.3266666666666667,13.576555023923445,1
0,1,1,38,1,1.0,0.0,1.0,1.0,0.0,1.0,0.0,1,94.65,3624.3,0,0,1,0,1,0,0,0,0,1,0,4.0,18.93,1,0,0,1,1,1.0,2.426923076923077,37.891270256142185,2
0,1,1,59,1,1.0,0.0,1.0,1.0,0.0,1.0,1.0,1,106.15,6256.2,1,0,1,0,0,1,0,0,0,1,0,5.0,17.691666666666666,1,1,0,0,0,1.0,1.7691666666666668,58.38730751283247,2
0,0,0,3,1,0.0,0.0,0.0,1.0,0.0,1.0,0.0,0,57.55,161.45,1,1,0,0,1,0,0,0,0,1,0,2.0,19.183333333333334,1,0,0,0,1,0.0,14.3875,2.757472245943638,0
0,0,0,46,1,0.0,0.0,0.0,0.0,0.0,0.0,0.0,0,19.95,907.05,0,0,0,1,0,0,1,0,0,1,0,0.0,19.95,0,1,0,0,0,0.0,0.42446808510638295,43.29594272076372,2
0,0,0,1,0,0.0,0.0,0.0,0.0,0.0,0.0,1.0,0,35.05,35.05,1,1,0,0,1,0,0,0,0,0,1,1.0,17.525,1,0,0,0,0,0.0,17.525,0.9722607489597781,0
0,0,0,13,1,0.0,0.0,1.0,0.0,1.0,1.0,1.0,0,73.35,931.55,0,1,0,0,1,0,0,0,0,0,1,4.0,14.669999999999998,1,0,0,0,0,0.0,5.239285714285714,12.52925353059852,1
0,0,0,67,0,0.0,1.0,0.0,0.0,1.0,1.0,0.0,0,43.9,3097.2,0,1,0,0,0,0,1,0,0,1,0,3.0,10.975,1,1,0,0,0,0.0,0.6455882352941176,68.97995545657015,3
0,1,1,72,1,1.0,1.0,1.0,1.0,1.0,1.0,1.0,1,114.3,8058.55,0,0,1,0,0,0,1,0,1,0,0,7.0,14.2875,1,1,1,0,0,0.0,1.5657534246575342,69.89202081526453,3
0,1,0,46,1,0.0,0.0,0.0,0.0,0.0,0.0,0.0,0,19.6,851.2,0,0,0,1,1,0,0,0,0,1,0,0.0,19.6,0,0,0,0,1,0.0,0.4170212765957447,41.32038834951456,2
0,1,1,72,1,1.0,1.0,1.0,1.0,1.0,0.0,1.0,0,103.95,7517.7,0,0,1,0,0,0,1,0,1,0,0,6.0,14.85,1,1,1,0,0,0.0,1.4239726027397261,71.63125297760838,3
0,0,0,23,1,1.0,0.0,1.0,0.0,0.0,0.0,0.0,1,79.15,1676.95,1,0,1,0,1,0,0,0,0,1,0,2.0,26.383333333333336,0,0,0,1,1,1.0,3.297916666666667,20.92264504054897,1
0,1,1,16,1,0.0,0.0,0.0,0.0,0.0,0.0,0.0,0,19.7,301.55,1,0,0,1,0,0,1,0,0,0,1,0.0,19.7,0,1,0,0,0,0.0,1.1588235294117646,14.567632850241546,1
0,1,1,46,1,1.0,0.0,1.0,0.0,0.0,0.0,0.0,1,80.0,3769.7,0,0,1,0,1,0,0,1,0,0,0,2.0,26.666666666666668,0,0,1,1,0,1.0,1.702127659574468,46.5395061728395,2
0,0,0,61,1,1.0,1.0,1.0,1.0,0.0,1.0,1.0,1,107.75,6521.9,0,0,1,0,0,1,0,0,0,1,0,6.0,15.392857142857142,1,1,0,0,0,0.0,1.7379032258064515,59.97149425287356,3
0,0,0,44,1,1.0,1.0,1.0,1.0,0.0,1.0,1.0,1,111.5,4915.15,0,0,1,0,1,0,0,0,0,1,0,6.0,15.928571428571429,1,0,0,1,1,0.0,2.477777777777778,43.69022222222222,2
0,0,0,1,1,0.0,0.0,0.0,0.0,0.0,0.0,0.0,1,45.65,45.65,1,1,0,0,1,0,0,0,0,1,0,0.0,45.65,0,0,0,0,1,0.0,22.825,0.9785637727759914,0
0,0,0,9,1,0.0,0.0,0.0,0.0,0.0,0.0,0.0,1,70.5,597.9,0,0,1,0,1,0,0,0,0,1,0,0.0,70.5,0,0,0,1,1,1.0,7.05,8.362237762237761,0
0,0,0,25,1,1.0,0.0,0.0,0.0,0.0,1.0,1.0,1,94.7,2362.1,0,0,1,0,1,0,0,1,0,0,0,3.0,23.675,1,0,1,1,0,1.0,3.6423076923076922,24.682340647857888,1
0,0,0,49,0,0.0,0.0,0.0,1.0,0.0,0.0,0.0,1,30.2,1453.1,0,1,0,0,1,0,0,1,0,0,0,1.0,15.1,0,0,1,0,0,0.0,0.604,46.57371794871795,2
0,0,0,63,1,0.0,0.0,0.0,1.0,1.0,1.0,0.0,1,90.05,5817.0,1,0,1,0,0,1,0,0,1,0,0,3.0,22.5125,1,1,1,0,0,0.0,1.40703125,63.88797364085667,3
0,0,0,61,1,1.0,1.0,0.0,1.0,1.0,1.0,1.0,0,86.45,5175.3,1,1,0,0,0,0,1,0,1,0,0,6.0,12.35,1,1,1,0,0,0.0,1.3943548387096774,59.18010291595197,3
0,1,1,11,1,0.0,0.0,0.0,0.0,0.0,0.0,0.0,1,20.45,250.8,0,0,0,1,1,0,0,0,0,1,0,0.0,20.45,0,0,0,0,1,0.0,1.7041666666666666,11.692307692307693,0
0,1,0,70,0,0.0,0.0,1.0,1.0,1.0,0.0,1.0,1,51.05,3635.15,0,1,0,0,0,1,0,1,0,0,0,4.0,10.209999999999999,1,1,1,0,0,0.0,0.7190140845070422,69.83957732949088,3
0,0,0,9,1,0.0,0.0,0.0,0.0,0.0,0.0,0.0,0,20.25,178.5,0,0,0,1,1,0,0,0,0,0,1,0.0,20.25,0,0,0,0,0,0.0,2.025,8.4,0
1,1,0,72,1,1.0,0.0,1.0,1.0,1.0,1.0,1.0,1,109.75,7932.5,0,0,1,0,0,0,1,1,0,0,0,6.0,15.678571428571429,1,1,1,0,0,0.0,1.5034246575342465,71.62528216704288,3
0,0,0,58,1,1.0,0.0,0.0,0.0,0.0,0.0,0.0,1,24.7,1519.0,1,0,0,1,0,0,1,0,1,0,0,1.0,12.35,0,1,1,0,0,0.0,0.4186440677966102,59.10505836575876,2
0,0,0,32,1,1.0,1.0,0.0,0.0,1.0,0.0,0.0,0,87.65,2766.4,0,0,1,0,1,0,0,1,0,0,0,3.0,21.9125,0,0,1,1,0,0.0,2.6560606060606062,31.2058657642414,1
0,0,0,4,1,0.0,0.0,0.0,0.0,0.0,1.0,0.0,1,81.0,340.85,0,0,1,0,1,0,0,0,0,1,0,1.0,40.5,1,0,0,1,1,1.0,16.2,4.156707317073171,0
0,0,1,22,1,0.0,0.0,0.0,0.0,0.0,0.0,0.0,0,20.15,432.5,0,0,0,1,1,0,0,0,1,0,0,0.0,20.15,0,0,1,0,0,0.0,0.8760869565217391,20.449172576832154,1
0,0,0,7,1,1.0,0.0,0.0,0.0,0.0,0.0,1.0,1,86.8,620.35,0,0,1,0,1,0,0,0,0,1,0,2.0,28.933333333333334,1,0,0,1,1,1.0,10.85,7.065489749430524,0
0,1,1,10,1,1.0,1.0,0.0,0.0,0.0,1.0,1.0,1,100.25,1064.65,1,0,1,0,1,0,0,0,0,1,0,4.0,20.05,1,0,0,1,1,0.0,9.113636363636363,10.515061728395063,0
1,0,0,3,1,0.0,0.0,0.0,1.0,0.0,1.0,0.0,1,86.85,220.95,1,0,1,0,1,0,0,0,0,1,0,2.0,28.95,1,0,0,1,1,1.0,21.7125,2.515082527034718,0
0,0,1,70,1,1.0,1.0,1.0,0.0,1.0,0.0,0.0,0,66.0,4891.5,1,1,0,0,0,0,1,0,0,1,0,4.0,13.2,0,1,0,0,0,0.0,0.9295774647887324,73.00746268656717,3
0,1,1,52,1,1.0,1.0,1.0,1.0,0.0,0.0,1.0,0,98.15,4993.4,1,0,1,0,1,0,0,1,0,0,0,5.0,16.358333333333334,1,0,1,1,0,0.0,1.8518867924528304,50.362077660110934,2
1,0,0,56,1,1.0,0.0,0.0,1.0,0.0,1.0,1.0,1,101.05,5594.0,0,0,1,0,1,0,0,0,0,1,0,4.0,20.21,1,0,0,1,1,1.0,1.7728070175438595,54.81626653601176,2
0,0,1,25,0,0.0,1.0,0.0,0.0,0.0,1.0,0.0,1,40.65,970.55,0,1,0,0,0,1,0,0,1,0,0,2.0,13.549999999999999,1,1,1,0,0,0.0,1.5634615384615385,23.30252100840336,1
0,0,0,25,1,0.0,0.0,0.0,0.0,0.0,0.0,0.0,0,19.9,527.5,1,0,0,1,0,1,0,0,1,0,0,0.0,19.9,0,1,1,0,0,0.0,0.7653846153846153,25.23923444976077,1
0,0,1,39,1,1.0,0.0,0.0,0.0,0.0,0.0,0.0,0,25.45,958.45,0,0,0,1,0,1,0,1,0,0,0,1.0,12.725,0,1,1,0,0,0.0,0.63625,36.23629489603025,2
0,0,0,56,1,1.0,1.0,1.0,0.0,0.0,0.0,0.0,1,86.4,4922.4,0,0,1,0,1,0,0,0,0,1,0,3.0,21.6,0,0,0,1,1,0.0,1.5157894736842106,56.3203661327231,2
0,0,1,5,1,0.0,0.0,0.0,0.0,0.0,0.0,0.0,0,20.45,106.9,0,0,0,1,0,0,1,0,0,0,1,0.0,20.45,0,1,0,0,0,0.0,3.408333333333333,4.983682983682984,0
0,1,0,62,1,0.0,1.0,0.0,1.0,1.0,1.0,1.0,0,81.0,4985.9,1,1,0,0,0,0,1,0,0,0,1,5.0,13.5,1,1,0,0,0,0.0,1.2857142857142858,60.80365853658536,3
0,1,1,53,1,1.0,0.0,0.0,0.0,0.0,0.0,0.0,0,25.55,1336.1,0,0,0,1,0,0,1,0,1,0,0,1.0,12.775,0,1,1,0,0,0.0,0.47314814814814815,50.32391713747646,2
1,1,0,29,1,1.0,0.0,0.0,0.0,0.0,0.0,0.0,1,51.6,1442.0,0,1,0,0,1,0,0,0,0,1,0,1.0,25.8,0,0,0,0,1,0.0,1.72,27.41444866920152,1
0,0,0,1,1,1.0,0.0,0.0,0.0,0.0,0.0,0.0,1,50.1,50.1,1,1,0,0,1,0,0,0,0,1,0,1.0,25.05,0,0,0,0,1,0.0,25.05,0.9804305283757339,0
0,0,0,66,1,1.0,0.0,0.0,0.0,0.0,0.0,0.0,1,25.15,1683.6,1,0,0,1,0,0,1,0,1,0,0,1.0,12.575,0,1,1,0,0,0.0,0.37537313432835817,64.38240917782026,3
0,0,0,9,1,0.0,1.0,0.0,0.0,0.0,0.0,0.0,1,74.85,708.2,1,0,1,0,1,0,0,0,0,1,0,1.0,37.425,0,0,0,1,1,0.0,7.484999999999999,9.336849044166119,0
0,1,1,26,1,0.0,0.0,0.0,0.0,0.0,0.0,0.0,1,20.25,493.95,1,0,0,1,1,0,0,0,1,0,0,0.0,20.25,0,0,1,0,0,0.0,0.75,23.24470588235294,1
0,0,0,1,1,0.0,0.0,1.0,0.0,0.0,0.0,0.0,1,48.6,48.6,1,1,0,0,1,0,0,0,0,1,0,1.0,24.3,0,0,0,0,1,0.0,24.3,0.9798387096774194,0
1,0,1,7,1,0.0,0.0,0.0,0.0,0.0,0.0,0.0,1,45.75,344.2,0,1,0,0,1,0,0,0,0,0,1,0.0,45.75,0,0,0,0,0,0.0,5.71875,7.362566844919786,0
1,1,0,42,1,0.0,1.0,0.0,0.0,0.0,0.0,0.0,1,74.15,3229.4,1,0,1,0,1,0,0,0,1,0,0,1.0,37.075,0,0,1,1,0,0.0,1.724418604651163,42.972721224218226,2
0,0,0,12,1,0.0,0.0,0.0,0.0,0.0,1.0,0.0,1,81.45,912.0,0,0,1,0,1,0,0,0,0,1,0,1.0,40.725,1,0,0,1,1,1.0,6.265384615384615,11.061249241964827,0
0,0,0,24,1,1.0,0.0,0.0,0.0,1.0,0.0,0.0,0,54.6,1242.25,0,1,0,0,0,1,0,1,0,0,0,2.0,18.2,0,1,1,0,0,0.0,2.184,22.342625899280574,1
0,0,0,9,1,0.0,0.0,0.0,0.0,0.0,0.0,0.0,0,19.85,178.8,0,0,0,1,1,0,0,0,0,0,1,0.0,19.85,0,0,0,0,0,0.0,1.985,8.575539568345324,0
0,0,0,2,1,1.0,1.0,0.0,0.0,0.0,0.0,1.0,0,90.75,174.75,0,0,1,0,1,0,0,0,0,0,1,3.0,22.6875,1,0,0,1,0,0.0,30.25,1.904632152588556,0
0,0,0,1,1,0.0,0.0,0.0,0.0,0.0,0.0,1.0,0,80.15,80.15,1,0,1,0,1,0,0,0,1,0,0,1.0,40.075,1,0,1,1,0,1.0,40.075,0.9876771410967344,0
0,0,0,62,1,0.0,0.0,0.0,0.0,0.0,0.0,0.0,0,19.85,1253.65,0,0,0,1,0,0,1,1,0,0,0,0.0,19.85,0,1,1,0,0,0.0,0.3150793650793651,60.12709832134293,3
0,1,1,55,1,1.0,1.0,0.0,1.0,1.0,1.0,1.0,1,85.1,4657.95,1,1,0,0,0,0,1,1,0,0,0,6.0,12.157142857142857,1,1,1,0,0,0.0,1.519642857142857,54.099303135888505,2
1,0,0,60,1,1.0,1.0,1.0,0.0,0.0,0.0,1.0,1,71.75,4374.55,0,1,0,0,0,1,0,0,0,1,0,4.0,14.35,1,1,0,0,0,0.0,1.1762295081967213,60.13127147766323,2
0,0,0,1,1,0.0,0.0,0.0,0.0,0.0,0.0,0.0,1,19.85,19.85,0,0,0,1,1,0,0,0,0,1,0,0.0,19.85,0,0,0,0,1,0.0,9.925,0.9520383693045563,0
0,0,1,1,0,0.0,0.0,0.0,0.0,0.0,0.0,0.0,0,24.7,24.7,1,1,0,0,1,0,0,0,0,0,1,0.0,24.7,0,0,0,0,0,0.0,12.35,0.9610894941634242,0
1,0,0,2,1,0.0,0.0,0.0,0.0,0.0,0.0,0.0,0,43.95,85.1,1,1,0,0,1,0,0,0,0,1,0,0.0,43.95,0,0,0,0,1,0.0,14.65,1.8932146829810899,0
0,1,1,9,1,1.0,0.0,1.0,0.0,0.0,0.0,0.0,1,55.3,501.2,1,1,0,0,1,0,0,0,0,0,1,2.0,18.433333333333334,0,0,0,0,0,0.0,5.529999999999999,8.902309058614565,0
0,1,0,69,1,1.0,1.0,0.0,0.0,0.0,1.0,1.0,0,99.15,6875.35,1,0,1,0,0,0,1,1,0,0,0,4.0,19.830000000000002,1,1,1,0,0,0.0,1.4164285714285716,68.65052421367947,3
1,1,0,72,0,0.0,1.0,1.0,1.0,1.0,1.0,1.0,1,63.1,4685.55,0,1,0,0,0,0,1,1,0,0,0,6.0,9.014285714285714,1,1,1,0,0,0.0,0.8643835616438357,73.09750390015601,3
0,1,1,68,1,1.0,1.0,1.0,1.0,0.0,1.0,1.0,1,110.2,7467.5,0,0,1,0,0,0,1,0,0,1,0,6.0,15.742857142857144,1,1,0,0,0,0.0,1.5971014492753624,67.15377697841727,3
0,0,0,68,1,0.0,0.0,1.0,1.0,0.0,0.0,0.0,0,79.6,5461.45,0,0,1,0,0,1,0,0,1,0,0,2.0,26.53333333333333,0,1,1,0,0,1.0,1.153623188405797,67.75992555831266,3
0,1,0,72,1,1.0,1.0,1.0,1.0,0.0,1.0,1.0,1,85.25,6083.1,0,1,0,0,0,0,1,0,0,1,0,6.0,12.178571428571429,1,1,0,0,0,0.0,1.167808219178082,70.52869565217392,3
0,0,0,8,0,0.0,0.0,0.0,0.0,0.0,0.0,0.0,1,25.25,186.3,0,1,0,0,1,0,0,0,1,0,0,0.0,25.25,0,0,1,0,0,0.0,2.8055555555555554,7.097142857142858,0
0,1,0,43,0,0.0,1.0,0.0,0.0,1.0,0.0,0.0,0,34.0,1505.35,1,1,0,0,1,0,0,1,0,0,0,2.0,11.333333333333334,0,0,1,0,0,0.0,0.7727272727272727,43.01,2
0,0,0,1,1,0.0,0.0,0.0,0.0,0.0,0.0,0.0,0,20.15,20.15,1,0,0,1,1,0,0,0,0,0,1,0.0,20.15,0,0,0,0,0,0.0,10.075,0.9527186761229315,0
0,0,0,12,1,0.0,0.0,0.0,0.0,0.0,0.0,0.0,0,19.45,227.45,1,0,0,1,1,0,0,1,0,0,0,0.0,19.45,0,0,1,0,0,0.0,1.4961538461538462,11.122249388753056,0
1,0,0,20,1,1.0,0.0,0.0,0.0,0.0,0.0,1.0,1,61.6,1174.35,1,1,0,0,1,0,0,0,0,0,1,2.0,20.533333333333335,1,0,0,0,0,0.0,2.9333333333333336,18.75958466453674,1
0,1,1,8,1,0.0,0.0,0.0,0.0,0.0,0.0,0.0,1,19.85,146.6,1,0,0,1,0,0,1,0,0,0,1,0.0,19.85,0,1,0,0,0,0.0,2.2055555555555557,7.031175059952037,0
0,1,1,62,1,1.0,0.0,0.0,1.0,0.0,1.0,0.0,1,89.1,5411.65,0,0,1,0,0,0,1,0,1,0,0,3.0,22.275,1,1,1,0,0,1.0,1.4142857142857141,60.062708102108765,3
0,0,0,67,1,1.0,0.0,0.0,0.0,0.0,0.0,0.0,1,25.6,1790.35,1,0,0,1,0,0,1,1,0,0,0,1.0,12.8,0,1,1,0,0,0.0,0.3764705882352941,67.3063909774436,3
0,0,0,22,1,1.0,0.0,0.0,0.0,1.0,1.0,0.0,1,90.0,1993.8,1,0,1,0,1,0,0,0,0,1,0,3.0,22.5,1,0,0,1,1,0.0,3.9130434782608696,21.90989010989011,1
1,1,0,2,1,0.0,0.0,0.0,0.0,0.0,0.0,0.0,0,70.1,141.65,0,0,1,0,1,0,0,0,0,1,0,0.0,70.1,0,0,0,1,1,1.0,23.366666666666664,1.9922644163150494,0
0,0,0,54,1,1.0,1.0,0.0,1.0,0.0,1.0,1.0,1,103.95,5639.05,1,0,1,0,0,1,0,1,0,0,0,5.0,17.325,1,1,1,0,0,0.0,1.8900000000000001,53.73082420200095,2
0,0,0,1,1,0.0,0.0,0.0,0.0,0.0,0.0,0.0,1,44.1,44.1,1,1,0,0,1,0,0,0,0,1,0,0.0,44.1,0,0,0,0,1,0.0,22.05,0.9778270509977827,0
0,0,0,1,1,0.0,0.0,0.0,0.0,0.0,1.0,1.0,1,62.8,62.8,0,1,0,0,1,0,0,0,0,0,1,2.0,20.933333333333334,1,0,0,0,0,0.0,31.4,0.9843260188087775,0
0,1,0,18,1,0.0,1.0,0.0,0.0,0.0,0.0,0.0,0,74.8,1438.05,1,0,1,0,1,0,0,0,0,1,0,1.0,37.4,0,0,0,1,1,0.0,3.9368421052631577,18.971635883905012,1
0,1,0,33,1,0.0,0.0,1.0,0.0,1.0,0.0,0.0,1,53.75,1857.3,1,1,0,0,0,1,0,0,1,0,0,2.0,17.916666666666668,0,1,1,0,0,0.0,1.5808823529411764,33.92328767123288,1
1,0,0,1,1,0.0,0.0,0.0,0.0,0.0,0.0,0.0,1,70.15,70.15,1,0,1,0,1,0,0,0,0,1,0,0.0,70.15,0,0,0,1,1,1.0,35.075,0.9859451862262825,0
0,1,0,66,1,1.0,1.0,1.0,1.0,1.0,0.0,0.0,0,96.6,6424.25,0,0,1,0,0,0,1,0,0,0,1,5.0,16.099999999999998,0,1,0,0,0,0.0,1.4417910447761193,65.82223360655738,3
0,0,0,1,1,0.0,0.0,0.0,0.0,0.0,0.0,0.0,0,19.1,19.1,1,0,0,1,1,0,0,0,0,0,1,0.0,19.1,0,0,0,0,0,0.0,9.55,0.9502487562189055,0
0,1,1,72,1,1.0,0.0,0.0,0.0,0.0,0.0,0.0,0,24.9,1859.2,1,0,0,1,0,0,1,0,0,0,1,1.0,12.45,0,1,0,0,0,0.0,0.3410958904109589,71.78378378378379,3
0,0,0,1,1,0.0,0.0,0.0,0.0,0.0,0.0,0.0,1,20.45,20.45,0,0,0,1,1,0,0,0,0,0,1,0.0,20.45,0,0,0,0,0,0.0,10.225,0.9533799533799534,0
0,1,1,48,0,0.0,1.0,0.0,1.0,0.0,0.0,1.0,0,45.0,2196.3,1,1,0,0,0,1,0,0,1,0,0,3.0,11.25,1,1,1,0,0,0.0,0.9183673469387755,47.74565217391305,2
0,1,1,45,1,0.0,0.0,0.0,0.0,0.0,0.0,0.0,0,20.35,929.2,0,0,0,1,0,0,1,0,0,0,1,0.0,20.35,0,1,0,0,0,0.0,0.44239130434782614,43.522248243559716,2
1,1,0,69,0,0.0,1.0,1.0,0.0,0.0,1.0,1.0,0,56.55,3952.65,0,1,0,0,0,0,1,0,1,0,0,4.0,11.309999999999999,1,1,1,0,0,0.0,0.8078571428571428,68.68201563857515,3
0,1,0,70,1,1.0,1.0,1.0,0.0,1.0,0.0,0.0,1,88.0,5986.45,0,0,1,0,0,0,1,0,1,0,0,4.0,17.6,0,1,1,0,0,0.0,1.2394366197183098,67.26348314606741,3
0,1,0,40,1,1.0,0.0,1.0,0.0,1.0,1.0,0.0,0,70.75,2921.75,0,1,0,0,0,1,0,0,1,0,0,4.0,14.15,1,1,1,0,0,0.0,1.725609756097561,40.721254355400696,2
0,1,1,41,1,1.0,0.0,1.0,1.0,0.0,1.0,0.0,0,68.5,2839.95,0,1,0,0,0,1,0,1,0,0,0,4.0,13.7,1,1,1,0,0,0.0,1.630952380952381,40.86258992805755,2
0,0,0,72,1,1.0,1.0,1.0,0.0,1.0,1.0,1.0,0,86.05,6309.65,0,1,0,0,0,0,1,0,1,0,0,6.0,12.292857142857143,1,1,1,0,0,0.0,1.1787671232876713,72.48305571510626,3
0,1,0,25,1,0.0,0.0,0.0,0.0,1.0,1.0,1.0,1,95.15,2395.7,1,0,1,0,1,0,0,0,0,1,0,3.0,23.7875,1,0,0,1,1,0.0,3.659615384615385,24.91627665106604,1
0,1,1,2,0,0.0,0.0,0.0,0.0,0.0,0.0,0.0,1,24.4,36.55,1,1,0,0,1,0,0,0,0,0,1,0.0,24.4,0,0,0,0,0,0.0,8.133333333333333,1.4389763779527558,0
0,0,0,1,1,0.0,0.0,0.0,0.0,0.0,0.0,1.0,1,79.7,79.7,1,0,1,0,1,0,0,0,0,1,0,1.0,39.85,1,0,0,1,1,1.0,39.85,0.9876084262701363,0
0,1,1,71,1,1.0,1.0,0.0,1.0,0.0,1.0,1.0,0,105.55,7405.5,0,0,1,0,0,0,1,0,0,1,0,5.0,17.591666666666665,1,1,0,0,0,0.0,1.4659722222222222,69.50258094791178,3
0,0,0,1,1,0.0,0.0,0.0,0.0,0.0,0.0,0.0,1,44.05,44.05,0,1,0,0,1,0,0,1,0,0,0,0.0,44.05,0,0,1,0,0,0.0,22.025,0.9778024417314095,0
0,0,1,53,1,1.0,0.0,1.0,1.0,1.0,1.0,1.0,1,84.6,4449.75,1,1,0,0,0,1,0,0,0,1,0,6.0,12.085714285714285,1,1,0,0,0,0.0,1.5666666666666667,51.98306074766356,2
0,1,0,72,1,1.0,0.0,0.0,0.0,0.0,0.0,0.0,1,23.55,1723.95,0,0,0,1,0,0,1,1,0,0,0,1.0,11.775,0,1,1,0,0,0.0,0.32260273972602743,70.22199592668025,3
1,1,1,11,1,1.0,0.0,0.0,0.0,0.0,0.0,0.0,1,75.2,775.3,0,0,1,0,1,0,0,0,1,0,0,1.0,37.6,0,0,1,1,0,1.0,6.266666666666667,10.174540682414698,0
1,0,0,8,1,0.0,0.0,0.0,0.0,0.0,0.0,0.0,1,69.7,560.85,0,0,1,0,1,0,0,0,0,1,0,0.0,69.7,0,0,0,1,1,1.0,7.7444444444444445,7.932814710042432,0
0,1,1,7,1,0.0,0.0,0.0,0.0,0.0,0.0,0.0,1,69.0,506.9,1,0,1,0,1,0,0,0,0,1,0,0.0,69.0,0,0,0,1,1,1.0,8.625,7.241428571428571,0
1,1,0,72,1,1.0,0.0,1.0,1.0,1.0,1.0,1.0,0,109.7,7898.45,0,0,1,0,0,0,1,0,1,0,0,6.0,15.671428571428573,1,1,1,0,0,0.0,1.5027397260273974,71.35004516711834,3
0,1,1,71,1,0.0,0.0,0.0,0.0,0.0,0.0,0.0,0,20.1,1389.6,1,0,0,1,0,0,1,1,0,0,0,0.0,20.1,0,1,1,0,0,0.0,0.2791666666666667,65.85781990521326,3
0,0,0,26,1,0.0,0.0,0.0,0.0,0.0,0.0,0.0,1,69.05,1815.65,1,0,1,0,1,0,0,0,1,0,0,0.0,69.05,0,0,1,1,0,1.0,2.5574074074074074,25.919343326195577,1
0,0,0,41,1,1.0,1.0,1.0,1.0,1.0,1.0,1.0,1,114.5,4527.45,1,0,1,0,1,0,0,1,0,0,0,7.0,14.3125,1,0,1,1,0,0.0,2.7261904761904763,39.198701298701295,2
0,0,0,16,1,0.0,1.0,0.0,0.0,0.0,1.0,1.0,1,94.25,1483.25,0,0,1,0,1,0,0,0,0,1,0,3.0,23.5625,1,0,0,1,1,0.0,5.544117647058823,15.572178477690288,1
0,0,0,34,1,0.0,1.0,0.0,1.0,0.0,0.0,0.0,0,56.95,1889.5,0,1,0,0,0,1,0,0,0,0,1,2.0,18.983333333333334,0,1,0,0,0,0.0,1.6271428571428572,32.60569456427955,1
0,0,0,62,1,1.0,0.0,0.0,0.0,0.0,0.0,0.0,0,23.4,1429.65,0,0,0,1,0,0,1,1,0,0,0,1.0,11.7,0,1,1,0,0,0.0,0.3714285714285714,58.5922131147541,3
0,0,0,43,1,1.0,0.0,0.0,0.0,1.0,1.0,1.0,1,100.0,4211.55,0,0,1,0,0,1,0,0,0,1,0,4.0,20.0,1,1,0,0,0,0.0,2.272727272727273,41.69851485148515,2
1,0,0,51,1,1.0,0.0,1.0,0.0,0.0,0.0,0.0,1,79.6,3974.7,0,0,1,0,0,1,0,1,0,0,0,2.0,26.53333333333333,0,1,1,0,0,1.0,1.5307692307692307,49.31389578163772,2
0,0,0,49,1,1.0,0.0,1.0,0.0,0.0,1.0,1.0,0,98.7,4920.55,0,0,1,0,1,0,0,0,0,1,0,4.0,19.740000000000002,1,0,0,1,1,1.0,1.974,49.35356068204614,2
0,1,1,1,1,0.0,0.0,0.0,0.0,0.0,0.0,0.0,1,68.5,68.5,0,0,1,0,1,0,0,0,0,1,0,0.0,68.5,0,0,0,1,1,1.0,34.25,0.9856115107913669,0
0,1,1,55,1,0.0,0.0,0.0,0.0,0.0,0.0,0.0,0,21.0,1210.3,1,0,0,1,0,0,1,0,0,0,1,0.0,21.0,0,1,0,0,0,0.0,0.375,55.01363636363636,2
0,0,0,30,1,1.0,1.0,0.0,0.0,0.0,1.0,1.0,1,100.4,2936.25,0,0,1,0,1,0,0,1,0,0,0,4.0,20.080000000000002,1,0,1,1,0,0.0,3.238709677419355,28.957100591715975,1
0,1,0,71,1,1.0,0.0,0.0,0.0,0.0,0.0,0.0,0,24.75,1836.9,1,0,0,1,0,0,1,1,0,0,0,1.0,12.375,0,1,1,0,0,0.0,0.34375,71.33592233009709,3
0,0,0,13,1,0.0,1.0,0.0,0.0,1.0,0.0,0.0,0,55.15,742.9,1,1,0,0,0,1,0,0,0,0,1,2.0,18.383333333333333,0,1,0,0,0,0.0,3.939285714285714,13.230632235084595,1
1,0,0,48,1,1.0,0.0,1.0,0.0,0.0,1.0,1.0,1,99.0,4744.35,0,0,1,0,0,1,0,0,0,1,0,4.0,19.8,1,1,0,0,0,1.0,2.020408163265306,47.4435,2
0,1,0,72,1,1.0,1.0,1.0,1.0,1.0,1.0,1.0,0,92.0,6474.4,1,1,0,0,0,0,1,1,0,0,0,7.0,11.5,1,1,1,0,0,0.0,1.2602739726027397,69.61720430107526,3
1,1,0,1,1,0.0,0.0,0.0,0.0,0.0,0.0,0.0,1,69.55,69.55,1,0,1,0,1,0,0,0,0,1,0,0.0,69.55,0,0,0,1,1,1.0,34.775,0.9858256555634302,0
0,0,0,51,1,1.0,0.0,0.0,0.0,0.0,0.0,1.0,0,83.4,4149.45,0,0,1,0,1,0,0,1,0,0,0,2.0,27.8,1,0,1,1,0,1.0,1.603846153846154,49.164099526066344,2
0,1,1,50,1,1.0,0.0,0.0,1.0,0.0,0.0,0.0,0,54.9,2614.1,0,1,0,0,0,1,0,1,0,0,0,2.0,18.3,0,1,1,0,0,0.0,1.076470588235294,46.76386404293381,2
0,0,0,3,1,1.0,0.0,0.0,0.0,0.0,0.0,0.0,0,74.5,217.45,0,0,1,0,1,0,0,0,0,1,0,1.0,37.25,0,0,0,1,1,1.0,18.625,2.880132450331126,0
1,1,0,41,1,1.0,0.0,0.0,1.0,0.0,1.0,1.0,1,99.8,4259.3,0,0,1,0,1,0,0,0,0,1,0,4.0,19.96,1,0,0,1,1,1.0,2.376190476190476,42.25496031746032,2
0,0,0,2,0,0.0,0.0,0.0,1.0,0.0,1.0,1.0,1,49.25,90.35,0,1,0,0,1,0,0,0,0,1,0,3.0,12.3125,1,0,0,0,1,0.0,16.416666666666668,1.798009950248756,0
0,1,1,49,1,1.0,0.0,1.0,1.0,0.0,1.0,0.0,1,93.65,4520.15,0,0,1,0,0,1,0,0,0,1,0,4.0,18.73,1,1,0,0,0,1.0,1.8730000000000002,47.75647120972001,2
0,1,0,65,1,1.0,1.0,1.0,1.0,0.0,0.0,0.0,0,67.05,4309.55,0,1,0,0,0,1,0,0,1,0,0,4.0,13.41,0,1,1,0,0,0.0,1.0159090909090909,63.329169728141075,3
0,0,0,39,1,0.0,1.0,0.0,1.0,0.0,1.0,1.0,1,100.45,3801.7,0,0,1,0,0,0,1,0,0,1,0,4.0,20.09,1,1,0,0,0,0.0,2.51125,37.473632331197635,2
0,0,0,1,1,0.0,0.0,0.0,0.0,0.0,1.0,0.0,1,53.55,53.55,1,1,0,0,1,0,0,0,0,0,1,1.0,26.775,1,0,0,0,0,0.0,26.775,0.9816681943171403,0
0,0,0,25,1,0.0,0.0,1.0,1.0,0.0,1.0,1.0,1,99.5,2369.05,1,0,1,0,1,0,0,0,0,1,0,4.0,19.9,1,0,0,1,1,1.0,3.826923076923077,23.5726368159204,1
0,0,0,23,1,0.0,1.0,0.0,0.0,0.0,0.0,0.0,1,75.0,1778.5,1,0,1,0,1,0,0,1,0,0,0,1.0,37.5,0,0,1,1,0,0.0,3.125,23.401315789473685,1
0,0,0,11,0,0.0,0.0,1.0,1.0,1.0,0.0,0.0,1,40.4,422.6,1,1,0,0,0,1,0,0,1,0,0,3.0,10.1,0,1,1,0,0,0.0,3.3666666666666667,10.207729468599034,0
0,0,0,9,1,0.0,0.0,0.0,0.0,0.0,0.0,0.0,0,19.5,150.35,1,0,0,1,1,0,0,1,0,0,0,0.0,19.5,0,0,1,0,0,0.0,1.95,7.3341463414634145,0
0,1,0,70,1,1.0,1.0,1.0,1.0,0.0,1.0,0.0,1,99.35,6944.5,0,0,1,0,0,0,1,0,1,0,0,5.0,16.558333333333334,1,1,1,0,0,0.0,1.3992957746478873,69.20279023418037,3
0,1,1,46,1,0.0,1.0,0.0,1.0,1.0,0.0,0.0,0,56.9,2560.1,0,1,0,0,0,1,0,0,0,0,1,3.0,14.225,0,1,0,0,0,0.0,1.2106382978723405,44.21588946459413,2
0,0,1,26,0,0.0,0.0,0.0,1.0,0.0,0.0,0.0,1,29.8,786.5,1,1,0,0,1,0,0,0,0,0,1,1.0,14.9,0,0,0,0,0,0.0,1.1037037037037036,25.535714285714285,1
0,1,1,37,1,0.0,1.0,0.0,1.0,1.0,0.0,0.0,1,58.75,2203.1,0,1,0,0,0,1,0,0,0,0,1,3.0,14.6875,0,1,0,0,0,0.0,1.5460526315789473,36.87196652719665,2
0,0,0,52,1,0.0,0.0,1.0,0.0,0.0,0.0,1.0,1,85.35,4338.6,0,0,1,0,1,0,0,0,0,1,0,2.0,28.45,1,0,0,1,1,1.0,1.6103773584905658,50.244354371742915,2
0,0,0,8,1,0.0,1.0,1.0,0.0,1.0,0.0,0.0,0,58.2,469.25,1,1,0,0,0,1,0,1,0,0,0,3.0,14.55,0,1,1,0,0,0.0,6.466666666666667,7.92652027027027,0
0,0,0,23,1,1.0,0.0,1.0,0.0,0.0,1.0,1.0,1,98.7,2249.1,1,0,1,0,1,0,0,0,1,0,0,4.0,19.740000000000002,1,0,1,1,0,1.0,4.1125,22.55867602808425,1
1,0,0,27,1,1.0,0.0,1.0,0.0,1.0,1.0,1.0,1,104.65,2964.0,0,0,1,0,0,1,0,1,0,0,0,5.0,17.441666666666666,1,1,1,0,0,0.0,3.7375000000000003,28.05489824893516,1
0,0,0,36,1,0.0,0.0,0.0,0.0,0.0,0.0,0.0,0,19.55,620.75,1,0,0,1,0,1,0,0,0,0,1,0.0,19.55,0,1,0,0,0,0.0,0.5283783783783784,30.206812652068127,1
0,0,1,3,1,0.0,1.0,0.0,1.0,0.0,0.0,0.0,0,55.9,157.55,0,1,0,0,1,0,0,0,0,0,1,2.0,18.633333333333333,0,0,0,0,0,0.0,13.975,2.768892794376099,0
0,1,0,72,1,1.0,1.0,1.0,1.0,0.0,1.0,1.0,1,82.65,5919.35,1,1,0,0,0,0,1,0,1,0,0,6.0,11.807142857142859,1,1,1,0,0,0.0,1.132191780821918,70.76329946204423,3
0,1,1,27,1,1.0,0.0,0.0,0.0,1.0,1.0,1.0,0,71.6,1957.1,0,1,0,0,1,0,0,1,0,0,0,4.0,14.319999999999999,1,0,1,0,0,0.0,2.557142857142857,26.957300275482094,1
1,1,0,33,0,0.0,0.0,1.0,1.0,1.0,1.0,0.0,1,50.0,1750.85,0,1,0,0,1,0,0,0,0,1,0,4.0,10.0,1,0,0,0,1,0.0,1.4705882352941178,34.33039215686274,1
0,0,0,2,1,0.0,0.0,0.0,0.0,0.0,1.0,0.0,1,79.75,164.5,1,0,1,0,1,0,0,0,0,1,0,1.0,39.875,1,0,0,1,1,1.0,26.583333333333332,2.0371517027863777,0
0,1,1,38,1,0.0,1.0,1.0,0.0,0.0,0.0,0.0,0,54.5,2076.05,1,1,0,0,1,0,0,0,0,1,0,2.0,18.166666666666668,0,0,0,0,1,0.0,1.3974358974358974,37.40630630630631,2
1,0,0,32,1,1.0,0.0,0.0,0.0,0.0,1.0,1.0,1,96.15,3019.25,0,0,1,0,1,0,0,0,1,0,0,3.0,24.0375,1,0,1,1,0,1.0,2.913636363636364,31.078229541945444,1
0,1,1,33,1,0.0,0.0,0.0,1.0,1.0,1.0,1.0,1,73.9,2405.05,0,1,0,0,0,1,0,0,0,0,1,4.0,14.780000000000001,1,1,0,0,0,0.0,2.173529411764706,32.11014686248331,1
0,0,0,22,0,0.0,0.0,0.0,1.0,1.0,1.0,1.0,0,56.75,1304.85,0,1,0,0,0,0,1,1,0,0,0,4.0,11.35,1,1,1,0,0,0.0,2.467391304347826,22.594805194805193,1
1,0,0,1,1,0.0,0.0,0.0,0.0,0.0,0.0,0.0,1,71.25,71.25,1,0,1,0,1,0,0,0,0,1,0,0.0,71.25,0,0,0,1,1,1.0,35.625,0.986159169550173,0
1,0,0,2,1,1.0,0.0,0.0,0.0,0.0,0.0,1.0,1,84.05,186.05,1,0,1,0,1,0,0,0,0,1,0,2.0,28.016666666666666,1,0,0,1,1,1.0,28.016666666666666,2.187536743092299,0
0,0,0,1,1,0.0,0.0,0.0,0.0,1.0,0.0,0.0,1,49.9,49.9,1,1,0,0,1,0,0,0,0,1,0,1.0,24.95,0,0,0,0,1,0.0,24.95,0.9803536345776032,0
0,0,0,37,1,1.0,1.0,1.0,1.0,0.0,0.0,0.0,0,91.2,3382.3,1,0,1,0,1,0,0,1,0,0,0,4.0,18.240000000000002,0,0,1,1,0,0.0,2.4,36.684381778741866,2
0,1,1,56,0,0.0,0.0,1.0,1.0,0.0,0.0,0.0,1,36.1,1971.5,0,1,0,0,0,1,0,0,1,0,0,2.0,12.033333333333333,0,1,1,0,0,0.0,0.6333333333333333,53.14016172506739,2
0,0,0,3,1,0.0,0.0,0.0,0.0,0.0,0.0,0.0,0,19.85,64.55,0,0,0,1,1,0,0,0,0,0,1,0.0,19.85,0,0,0,0,0,0.0,4.9625,3.095923261390887,0
0,0,0,2,1,0.0,0.0,1.0,0.0,0.0,0.0,0.0,0,49.25,97.0,0,1,0,0,1,0,0,0,0,0,1,1.0,24.625,0,0,0,0,0,0.0,16.416666666666668,1.9303482587064678,0
0,0,0,6,1,0.0,0.0,0.0,0.0,0.0,0.0,0.0,0,70.55,433.95,1,0,1,0,1,0,0,0,1,0,0,0.0,70.55,0,0,1,1,0,1.0,10.078571428571427,6.064989517819707,0
0,0,0,22,1,0.0,0.0,0.0,0.0,0.0,0.0,0.0,0,19.6,422.5,0,0,0,1,0,1,0,0,0,0,1,0.0,19.6,0,1,0,0,0,0.0,0.8521739130434783,20.509708737864077,1
0,1,1,70,1,1.0,0.0,0.0,0.0,0.0,0.0,0.0,0,25.35,1715.15,0,0,0,1,0,0,1,0,0,0,1,1.0,12.675,0,1,0,0,0,0.0,0.3570422535211268,65.0910815939279,3
0,0,0,1,1,0.0,0.0,0.0,0.0,0.0,0.0,0.0,0,19.65,19.65,0,0,0,1,1,0,0,0,0,0,1,0.0,19.65,0,0,0,0,0,0.0,9.825,0.9515738498789347,0
0,1,1,70,1,1.0,1.0,1.0,0.0,0.0,1.0,0.0,1,97.55,6669.05,0,0,1,0,1,0,0,0,1,0,0,4.0,19.509999999999998,1,0,1,1,0,0.0,1.373943661971831,67.67174023338407,3
1,1,0,12,1,0.0,0.0,0.0,0.0,0.0,0.0,1.0,1,80.45,950.2,0,0,1,0,1,0,0,0,0,1,0,1.0,40.225,1,0,0,1,1,1.0,6.188461538461539,11.666052793124617,0
0,0,0,11,0,0.0,0.0,1.0,0.0,1.0,0.0,0.0,1,35.65,425.1,0,1,0,0,1,0,0,0,0,1,0,2.0,11.883333333333333,0,0,0,0,1,0.0,2.970833333333333,11.598908594815827,0
0,0,0,1,1,0.0,0.0,0.0,0.0,0.0,0.0,0.0,1,44.45,44.45,1,1,0,0,1,0,0,0,0,0,1,0.0,44.45,0,0,0,0,0,0.0,22.225,0.977997799779978,0
0,0,0,1,1,0.0,0.0,0.0,0.0,0.0,0.0,0.0,0,20.95,20.95,1,0,0,1,1,0,0,0,0,0,1,0.0,20.95,0,0,0,0,0,0.0,10.475,0.9544419134396356,0
0,0,0,70,0,0.0,0.0,0.0,0.0,1.0,0.0,1.0,1,40.05,2799.75,0,1,0,0,0,0,1,0,0,0,1,2.0,13.35,1,1,0,0,0,0.0,0.5640845070422534,68.20341047503045,3
0,1,1,55,1,1.0,0.0,0.0,0.0,0.0,0.0,1.0,0,85.5,4713.4,0,0,1,0,1,0,0,1,0,0,0,2.0,28.5,1,0,1,1,0,1.0,1.5267857142857142,54.49017341040462,2
0,0,0,13,1,1.0,1.0,0.0,0.0,0.0,1.0,1.0,1,100.35,1358.85,1,0,1,0,1,0,0,0,0,1,0,4.0,20.07,1,0,0,1,1,0.0,7.167857142857143,13.407498766650221,1
0,0,0,17,1,0.0,0.0,0.0,0.0,0.0,0.0,0.0,1,19.65,351.55,0,0,0,1,0,1,0,1,0,0,0,0.0,19.65,0,1,1,0,0,0.0,1.0916666666666666,17.024213075060533,1
0,1,1,58,0,0.0,1.0,0.0,1.0,1.0,1.0,1.0,0,59.75,3624.35,1,1,0,0,0,0,1,0,0,0,1,5.0,9.958333333333334,1,1,0,0,0,0.0,1.0127118644067796,59.660082304526746,2
0,0,0,47,1,1.0,1.0,1.0,0.0,1.0,0.0,1.0,0,74.05,3496.3,1,1,0,0,0,0,1,0,0,0,1,5.0,12.341666666666667,1,1,0,0,0,0.0,1.5427083333333333,46.58627581612259,2
0,0,1,34,1,0.0,1.0,1.0,1.0,0.0,1.0,1.0,1,105.35,3688.6,1,0,1,0,1,0,0,1,0,0,0,5.0,17.558333333333334,1,0,1,1,0,0.0,3.01,34.68359191349318,1
0,0,0,38,1,1.0,1.0,1.0,1.0,0.0,0.0,0.0,1,66.15,2522.4,1,1,0,0,1,0,0,1,0,0,0,4.0,13.23,0,0,1,0,0,0.0,1.6961538461538463,37.563663440059564,2
1,0,0,7,1,1.0,0.0,0.0,0.0,0.0,1.0,0.0,1,84.8,546.95,0,0,1,0,1,0,0,0,0,1,0,2.0,28.266666666666666,1,0,0,1,1,1.0,10.6,6.374708624708625,0
0,1,0,71,1,1.0,1.0,1.0,1.0,1.0,1.0,1.0,0,90.1,6310.9,1,1,0,0,0,0,1,0,0,1,0,7.0,11.2625,1,1,0,0,0,0.0,1.2513888888888889,69.27442371020857,3
0,1,1,72,1,1.0,1.0,1.0,1.0,1.0,1.0,1.0,1,114.05,8289.2,0,0,1,0,0,0,1,0,1,0,0,7.0,14.25625,1,1,1,0,0,0.0,1.5623287671232877,72.04867448935246,3
0,1,0,59,1,0.0,1.0,0.0,1.0,0.0,0.0,0.0,1,81.25,4639.45,1,0,1,0,0,1,0,0,1,0,0,2.0,27.083333333333332,0,1,1,0,0,0.0,1.3541666666666667,56.40668693009118,2
0,1,1,22,1,0.0,0.0,1.0,0.0,0.0,0.0,1.0,0,83.3,1845.9,1,0,1,0,1,0,0,0,0,1,0,2.0,27.766666666666666,1,0,0,1,1,1.0,3.6217391304347823,21.896797153024913,1
0,1,1,72,1,1.0,1.0,1.0,1.0,1.0,0.0,1.0,0,80.85,5824.75,1,1,0,0,0,0,1,1,0,0,0,6.0,11.549999999999999,1,1,1,0,0,0.0,1.1075342465753424,71.16371411117899,3
0,0,1,3,1,0.0,0.0,0.0,0.0,0.0,0.0,0.0,0,20.85,60.65,0,0,0,1,1,0,0,0,0,0,1,0.0,20.85,0,0,0,0,0,0.0,5.2125,2.775743707093821,0
0,0,0,43,0,0.0,1.0,0.0,1.0,0.0,0.0,0.0,1,35.2,1463.7,0,1,0,0,0,1,0,0,1,0,0,2.0,11.733333333333334,0,1,1,0,0,0.0,0.8,40.43370165745856,2
0,0,0,10,1,0.0,0.0,0.0,0.0,0.0,0.0,0.0,0,70.15,735.5,0,0,1,0,1,0,0,0,0,0,1,0.0,70.15,0,0,0,1,0,1.0,6.377272727272728,10.337315530569219,0
0,0,0,62,1,1.0,1.0,1.0,1.0,1.0,0.0,0.0,0,69.4,4237.5,0,1,0,0,0,0,1,1,0,0,0,5.0,11.566666666666668,0,1,1,0,0,0.0,1.1015873015873017,60.19176136363636,3
0,0,1,1,1,0.0,0.0,1.0,0.0,0.0,0.0,0.0,1,75.35,75.35,0,0,1,0,1,0,0,0,0,1,0,1.0,37.675,0,0,0,1,1,1.0,37.675,0.9869024230517355,0
0,1,0,37,1,0.0,0.0,0.0,0.0,0.0,0.0,0.0,1,19.85,717.5,1,0,0,1,0,1,0,1,0,0,0,0.0,19.85,0,1,1,0,0,0.0,0.5223684210526316,34.412470023980816,2
0,0,0,1,1,0.0,0.0,0.0,1.0,1.0,0.0,0.0,0,55.05,55.05,0,1,0,0,1,0,0,0,0,0,1,2.0,18.349999999999998,0,0,0,0,0,0.0,27.525,0.9821587867975022,0
1,0,0,20,1,0.0,0.0,0.0,0.0,0.0,1.0,1.0,0,89.95,1648.45,0,0,1,0,1,0,0,0,0,1,0,2.0,29.983333333333334,1,0,0,1,1,1.0,4.283333333333333,18.124793842770753,1
0,1,0,70,1,1.0,1.0,0.0,0.0,1.0,1.0,1.0,1,76.95,5289.8,0,1,0,0,0,0,1,0,1,0,0,5.0,12.825000000000001,1,1,1,0,0,0.0,1.0838028169014085,67.86144964720975,3
0,1,1,6,0,0.0,0.0,1.0,1.0,1.0,0.0,0.0,0,40.55,217.5,1,1,0,0,0,0,1,0,0,0,1,3.0,10.1375,0,1,0,0,0,0.0,5.792857142857143,5.234657039711192,0
0,1,1,12,1,1.0,0.0,0.0,0.0,0.0,0.0,0.0,0,26.4,314.95,0,0,0,1,0,1,0,0,0,0,1,1.0,13.2,0,1,0,0,0,0.0,2.0307692307692307,11.494525547445255,0
0,0,1,47,1,0.0,1.0,1.0,0.0,0.0,0.0,0.0,1,55.3,2654.05,0,1,0,0,1,0,0,0,0,1,0,2.0,18.433333333333334,0,0,0,0,1,0.0,1.1520833333333333,47.141207815275315,2
0,1,1,67,1,1.0,0.0,1.0,0.0,0.0,0.0,1.0,1,89.55,6373.1,0,0,1,0,1,0,0,1,0,0,0,3.0,22.3875,1,0,1,1,0,1.0,1.3169117647058823,70.38210933186086,3
0,1,0,61,1,1.0,0.0,0.0,0.0,0.0,0.0,0.0,0,25.3,1554.9,1,0,0,1,0,0,1,1,0,0,0,1.0,12.65,0,1,1,0,0,0.0,0.4080645161290323,59.121673003802286,3
1,1,0,33,1,1.0,0.0,1.0,0.0,0.0,1.0,1.0,1,100.6,3270.25,0,0,1,0,1,0,0,1,0,0,0,4.0,20.119999999999997,1,0,1,1,0,1.0,2.9588235294117644,32.1875,1
1,1,0,68,1,1.0,0.0,1.0,0.0,0.0,1.0,1.0,1,100.2,6851.65,1,0,1,0,1,0,0,0,0,1,0,4.0,20.04,1,0,0,1,1,1.0,1.4521739130434783,67.7040513833992,3
0,0,0,70,0,0.0,1.0,0.0,1.0,1.0,0.0,1.0,0,48.4,3442.8,0,1,0,0,0,0,1,1,0,0,0,4.0,9.68,1,1,1,0,0,0.0,0.6816901408450704,69.6923076923077,3
0,1,1,12,1,0.0,0.0,0.0,0.0,0.0,0.0,0.0,0,19.4,198.1,1,0,0,1,1,0,0,1,0,0,0,0.0,19.4,0,0,1,0,0,0.0,1.4923076923076921,9.71078431372549,0
1,1,0,29,1,1.0,0.0,0.0,1.0,0.0,1.0,1.0,1,98.5,3004.15,0,0,1,0,1,0,0,0,0,1,0,4.0,19.7,1,0,0,1,1,1.0,3.283333333333333,30.19246231155779,1
0,1,0,53,1,1.0,1.0,0.0,1.0,0.0,0.0,1.0,0,93.9,5029.2,0,0,1,0,1,0,0,0,0,1,0,4.0,18.78,1,0,0,1,1,0.0,1.738888888888889,52.99473129610115,2
0,1,1,25,1,1.0,0.0,0.0,1.0,0.0,0.0,1.0,1,89.1,2368.4,1,0,1,0,1,0,0,0,0,1,0,3.0,22.275,1,0,0,1,1,1.0,3.4269230769230767,26.28634850166482,1
0,1,0,68,1,1.0,1.0,1.0,1.0,1.0,1.0,1.0,1,91.7,6424.7,1,1,0,0,0,0,1,0,0,1,0,7.0,11.4625,1,1,0,0,0,0.0,1.3289855072463768,69.30636461704422,3
0,0,0,17,1,0.0,0.0,0.0,0.0,0.0,0.0,0.0,1,70.0,1144.5,1,0,1,0,1,0,0,0,0,1,0,0.0,70.0,0,0,0,1,1,1.0,3.888888888888889,16.119718309859156,1
0,1,0,71,1,0.0,0.0,1.0,1.0,1.0,1.0,1.0,1,79.1,5564.85,0,1,0,0,0,0,1,0,1,0,0,5.0,13.183333333333332,1,1,1,0,0,0.0,1.098611111111111,69.4737827715356,3
0,0,0,20,1,1.0,0.0,1.0,0.0,1.0,0.0,1.0,1,68.9,1370.35,1,1,0,0,1,0,0,0,1,0,0,4.0,13.780000000000001,1,0,1,0,0,0.0,3.2809523809523813,19.60443490701001,1
0,0,0,51,1,1.0,1.0,0.0,0.0,1.0,0.0,0.0,0,59.9,3043.6,0,1,0,0,0,1,0,0,1,0,0,3.0,14.975,0,1,1,0,0,0.0,1.1519230769230768,49.97701149425287,2
1,1,0,61,1,1.0,0.0,0.0,0.0,0.0,0.0,0.0,0,25.0,1501.75,0,0,0,1,0,0,1,1,0,0,0,1.0,12.5,0,1,1,0,0,0.0,0.4032258064516129,57.75961538461539,3
0,1,0,29,1,1.0,1.0,1.0,0.0,0.0,0.0,0.0,1,84.45,2467.1,0,0,1,0,1,0,0,0,0,1,0,3.0,21.1125,0,0,0,1,1,0.0,2.815,28.871854885898184,1
0,1,1,32,1,0.0,1.0,1.0,1.0,0.0,0.0,1.0,0,94.8,3131.55,0,0,1,0,0,1,0,0,0,0,1,4.0,18.96,1,1,0,0,0,0.0,2.8727272727272726,32.688413361169104,1
0,0,0,28,0,0.0,0.0,0.0,1.0,0.0,0.0,0.0,1,29.75,790.7,1,1,0,0,1,0,0,0,0,0,1,1.0,14.875,0,0,0,0,0,0.0,1.0258620689655173,25.713821138211383,1
0,1,1,4,1,0.0,0.0,0.0,0.0,0.0,0.0,0.0,1,19.95,82.9,1,0,0,1,1,0,0,0,0,1,0,0.0,19.95,0,0,0,0,1,0.0,3.9899999999999998,3.957040572792363,0
1,0,0,8,1,0.0,0.0,0.0,0.0,0.0,0.0,0.0,1,69.7,572.85,0,0,1,0,1,0,0,0,0,1,0,0.0,69.7,0,0,0,1,1,1.0,7.7444444444444445,8.102545968882602,0
0,0,0,27,1,1.0,0.0,0.0,1.0,0.0,0.0,0.0,1,81.3,2272.8,0,0,1,0,1,0,0,0,0,1,0,2.0,27.099999999999998,0,0,0,1,1,1.0,2.9035714285714285,27.616038882138522,1
0,0,0,9,1,0.0,0.0,0.0,1.0,0.0,1.0,1.0,1,94.05,811.65,0,0,1,0,1,0,0,0,0,1,0,3.0,23.5125,1,0,0,1,1,1.0,9.405,8.539189900052603,0
0,1,0,56,1,1.0,1.0,0.0,0.0,0.0,1.0,1.0,1,98.0,5270.6,1,0,1,0,0,1,0,0,0,1,0,4.0,19.6,1,1,0,0,0,0.0,1.719298245614035,53.23838383838384,2
0,1,0,48,0,0.0,0.0,1.0,1.0,0.0,0.0,0.0,0,34.7,1604.5,1,1,0,0,0,1,0,0,0,0,1,2.0,11.566666666666668,0,1,0,0,0,0.0,0.7081632653061225,44.94397759103641,2
0,1,1,64,0,0.0,1.0,0.0,1.0,1.0,1.0,1.0,1,60.05,3845.45,0,1,0,0,0,0,1,1,0,0,0,5.0,10.008333333333333,1,1,1,0,0,0.0,0.9238461538461538,62.98853398853399,3
0,0,1,34,1,1.0,1.0,1.0,0.0,0.0,1.0,1.0,1,103.8,3470.8,0,0,1,0,0,1,0,0,0,1,0,5.0,17.3,1,1,0,0,0,0.0,2.9657142857142857,33.11832061068703,1
0,1,1,66,1,0.0,0.0,0.0,0.0,0.0,0.0,0.0,0,20.0,1374.2,0,0,0,1,0,0,1,0,1,0,0,0.0,20.0,0,1,1,0,0,0.0,0.29850746268656714,65.43809523809524,3
0,0,0,2,1,0.0,0.0,0.0,0.0,1.0,0.0,0.0,1,50.2,109.25,0,1,0,0,1,0,0,0,1,0,0,1.0,25.1,0,0,1,0,0,0.0,16.733333333333334,2.1337890625,0
0,0,0,52,0,0.0,1.0,1.0,1.0,0.0,1.0,1.0,1,58.75,3038.55,1,1,0,0,0,0,1,1,0,0,0,5.0,9.791666666666666,1,1,1,0,0,0.0,1.1084905660377358,50.85439330543933,2
0,0,0,1,1,0.0,0.0,0.0,0.0,0.0,0.0,0.0,0,69.55,69.55,1,0,1,0,1,0,0,0,0,0,1,0.0,69.55,0,0,0,1,0,1.0,34.775,0.9858256555634302,0
0,0,1,3,1,0.0,0.0,0.0,0.0,0.0,0.0,0.0,0,20.2,50.6,0,0,0,1,1,0,0,1,0,0,0,0.0,20.2,0,0,1,0,0,0.0,5.05,2.3867924528301887,0
0,0,0,29,1,0.0,0.0,0.0,0.0,0.0,0.0,0.0,0,19.4,554.25,1,0,0,1,0,0,1,0,0,0,1,0.0,19.4,0,1,0,0,0,0.0,0.6466666666666666,27.169117647058826,1
0,0,0,14,1,0.0,0.0,1.0,0.0,1.0,0.0,0.0,1,80.05,1112.3,1,0,1,0,1,0,0,0,1,0,0,2.0,26.683333333333334,0,0,1,1,0,0.0,5.336666666666667,13.723627390499692,1
0,1,0,20,1,0.0,1.0,0.0,0.0,1.0,0.0,1.0,1,64.15,1274.45,0,1,0,0,0,1,0,0,0,0,1,3.0,16.0375,1,1,0,0,0,0.0,3.054761904761905,19.561780506523405,1
0,1,0,5,1,0.0,0.0,0.0,1.0,0.0,1.0,1.0,1,94.45,498.1,0,0,1,0,1,0,0,0,0,1,0,3.0,23.6125,1,0,0,1,1,1.0,15.741666666666667,5.218438973284442,0
0,1,0,38,1,0.0,1.0,1.0,0.0,0.0,0.0,0.0,1,79.45,3013.05,0,0,1,0,1,0,0,0,0,1,0,2.0,26.483333333333334,0,0,0,1,1,0.0,2.037179487179487,37.45245494095712,2
0,1,0,71,1,0.0,0.0,0.0,0.0,0.0,0.0,0.0,0,19.6,1416.5,1,0,0,1,0,0,1,0,0,0,1,0.0,19.6,0,1,0,0,0,0.0,0.27222222222222225,68.76213592233009,3
0,0,0,5,1,0.0,0.0,0.0,1.0,0.0,1.0,1.0,0,96.5,492.55,0,0,1,0,1,0,0,1,0,0,0,3.0,24.125,1,0,1,1,0,1.0,16.083333333333332,5.051794871794872,0
0,1,0,72,1,0.0,1.0,1.0,1.0,1.0,1.0,1.0,0,84.45,6033.1,0,1,0,0,0,0,1,0,0,0,1,6.0,12.064285714285715,1,1,0,0,0,0.0,1.156849315068493,70.60386190754828,3
1,0,0,2,1,1.0,0.0,1.0,0.0,0.0,0.0,1.0,0,89.5,161.5,1,0,1,0,1,0,0,0,0,1,0,3.0,22.375,1,0,0,1,1,1.0,29.833333333333332,1.7845303867403315,0
1,1,1,68,1,1.0,0.0,1.0,1.0,0.0,0.0,0.0,1,84.65,5683.6,0,0,1,0,1,0,0,0,0,1,0,3.0,21.1625,0,0,0,1,1,1.0,1.2268115942028985,66.35843549328663,3
0,0,1,28,1,0.0,0.0,0.0,0.0,0.0,0.0,0.0,0,20.25,535.35,1,0,0,1,1,0,0,0,0,0,1,0.0,20.25,0,0,0,0,0,0.0,0.6982758620689655,25.19294117647059,1
0,1,0,4,1,0.0,0.0,0.0,0.0,0.0,0.0,0.0,0,20.15,91.4,1,0,0,1,1,0,0,0,0,1,0,0.0,20.15,0,0,0,0,1,0.0,4.029999999999999,4.321513002364067,0
0,1,0,47,1,1.0,0.0,0.0,1.0,0.0,1.0,1.0,1,100.5,4707.1,1,0,1,0,1,0,0,0,0,1,0,4.0,20.1,1,0,0,1,1,1.0,2.09375,46.375369458128084,2
0,0,0,2,1,0.0,0.0,0.0,0.0,0.0,0.0,0.0,0,20.3,41.2,1,0,0,1,1,0,0,0,0,0,1,0.0,20.3,0,0,0,0,0,0.0,6.766666666666667,1.9342723004694837,0
0,0,0,45,1,0.0,1.0,0.0,0.0,0.0,0.0,0.0,1,50.9,2298.55,0,1,0,0,1,0,0,1,0,0,0,1.0,25.45,0,0,1,0,0,0.0,1.1065217391304347,44.28805394990366,2
0,1,0,72,1,1.0,0.0,1.0,1.0,1.0,1.0,1.0,0,85.95,6151.9,0,1,0,0,0,0,1,1,0,0,0,6.0,12.278571428571428,1,1,1,0,0,0.0,1.1773972602739726,70.75215641173088,3
0,0,0,3,1,0.0,0.0,0.0,0.0,1.0,0.0,1.0,0,85.8,272.2,1,0,1,0,1,0,0,0,0,1,0,2.0,28.599999999999998,1,0,0,1,1,0.0,21.45,3.1359447004608296,0
0,0,0,23,1,1.0,0.0,0.0,0.0,0.0,0.0,0.0,0,24.8,615.35,1,0,0,1,0,1,0,0,1,0,0,1.0,12.4,0,1,1,0,0,0.0,1.0333333333333334,23.85077519379845,1
1,1,0,13,1,0.0,0.0,0.0,0.0,0.0,0.0,0.0,1,70.15,916.75,1,0,1,0,1,0,0,0,0,1,0,0.0,70.15,0,0,0,1,1,1.0,5.010714285714286,12.884750527055516,1
0,1,1,72,1,1.0,1.0,1.0,1.0,1.0,1.0,1.0,0,89.8,6510.45,1,1,0,0,0,0,1,0,1,0,0,7.0,11.225,1,1,1,0,0,0.0,1.2301369863013698,71.70099118942731,3
0,0,0,57,1,0.0,0.0,0.0,0.0,0.0,0.0,0.0,0,20.65,1125.6,0,0,0,1,0,0,1,1,0,0,0,0.0,20.65,0,1,1,0,0,0.0,0.35603448275862065,51.99076212471132,2
1,0,0,29,1,1.0,0.0,0.0,0.0,1.0,1.0,1.0,0,98.65,2862.75,1,0,1,0,1,0,0,0,0,1,0,4.0,19.73,1,0,0,1,1,0.0,3.2883333333333336,28.728048168590064,1
1,1,0,69,1,1.0,0.0,1.0,1.0,0.0,0.0,1.0,1,95.35,6382.0,0,0,1,0,1,0,0,1,0,0,0,4.0,19.07,1,0,1,1,0,1.0,1.362142857142857,66.23767514270888,3
0,1,1,42,1,1.0,1.0,1.0,0.0,0.0,1.0,0.0,1,69.4,3058.3,0,1,0,0,1,0,0,1,0,0,0,4.0,13.88,1,0,1,0,0,0.0,1.6139534883720932,43.44176136363636,2
0,0,0,3,1,0.0,0.0,0.0,0.0,0.0,0.0,0.0,1,70.15,194.2,1,0,1,0,1,0,0,0,0,1,0,0.0,70.15,0,0,0,1,1,1.0,17.5375,2.7294448348559377,0
0,0,0,8,1,1.0,0.0,0.0,0.0,0.0,0.0,0.0,1,74.6,548.9,1,0,1,0,1,0,0,0,1,0,0,1.0,37.3,0,0,1,1,0,1.0,8.288888888888888,7.260582010582011,0
1,1,0,57,0,0.0,0.0,0.0,0.0,0.0,1.0,1.0,1,44.85,2572.95,0,1,0,0,1,0,0,0,0,1,0,2.0,14.950000000000001,1,0,0,0,1,0.0,0.7732758620689656,56.116684841875674,2
1,1,1,22,1,1.0,0.0,0.0,0.0,0.0,1.0,0.0,0,85.35,1961.6,1,0,1,0,1,0,0,1,0,0,0,2.0,28.45,1,0,1,1,0,1.0,3.710869565217391,22.71685002895194,1
0,1,0,72,1,1.0,1.0,1.0,0.0,0.0,0.0,0.0,1,84.05,6052.25,1,0,1,0,0,0,1,1,0,0,0,3.0,21.0125,0,1,1,0,0,0.0,1.1513698630136986,71.16108171663727,3
1,1,0,2,1,0.0,0.0,0.0,1.0,0.0,0.0,0.0,1,74.2,140.1,0,0,1,0,1,0,0,0,0,1,0,1.0,37.1,0,0,0,1,1,1.0,24.733333333333334,1.863031914893617,0
0,0,0,4,1,1.0,0.0,1.0,0.0,0.0,0.0,0.0,0,78.45,330.05,0,0,1,0,1,0,0,0,0,1,0,2.0,26.150000000000002,0,0,0,1,1,1.0,15.690000000000001,4.154185022026431,0
0,0,0,47,1,1.0,0.0,1.0,1.0,0.0,1.0,1.0,1,103.1,4889.3,0,0,1,0,0,1,0,0,0,1,0,5.0,17.183333333333334,1,1,0,0,0,1.0,2.1479166666666667,46.9673390970221,2
0,0,0,72,1,1.0,0.0,1.0,1.0,0.0,1.0,1.0,1,103.65,7634.8,0,0,1,0,0,0,1,0,0,1,0,5.0,17.275000000000002,1,1,0,0,0,1.0,1.41986301369863,72.95556617295748,3
0,0,0,2,1,0.0,0.0,0.0,0.0,0.0,0.0,0.0,0,45.35,89.5,0,1,0,0,1,0,0,0,0,1,0,0.0,45.35,0,0,0,0,1,0.0,15.116666666666667,1.9309600862998921,0
1,0,0,43,1,0.0,0.0,0.0,0.0,0.0,1.0,1.0,1,89.55,3856.75,0,0,1,0,1,0,0,0,0,0,1,2.0,29.849999999999998,1,0,0,1,0,1.0,2.0352272727272727,42.59249033683048,2
1,0,0,1,1,1.0,0.0,0.0,0.0,0.0,0.0,0.0,1,75.75,75.75,0,0,1,0,1,0,0,0,0,1,0,1.0,37.875,0,0,0,1,1,1.0,37.875,0.9869706840390879,0
1,0,0,37,1,1.0,0.0,0.0,1.0,0.0,1.0,1.0,1,101.1,3744.05,0,0,1,0,1,0,0,0,0,1,0,4.0,20.22,1,0,0,1,1,1.0,2.6605263157894736,36.67042115572968,2
0,1,0,8,1,1.0,0.0,0.0,0.0,0.0,0.0,1.0,1,85.65,659.45,0,0,1,0,1,0,0,1,0,0,0,2.0,28.55,1,0,1,1,0,1.0,9.516666666666667,7.610502019619157,0
0,1,1,33,1,1.0,0.0,0.0,0.0,0.0,0.0,0.0,0,24.25,838.5,1,0,0,1,1,0,0,1,0,0,0,1.0,12.125,0,0,1,0,0,0.0,0.7132352941176471,33.20792079207921,1
0,1,1,8,1,1.0,0.0,1.0,0.0,0.0,0.0,0.0,0,55.75,446.8,1,1,0,0,1,0,0,0,0,1,0,2.0,18.583333333333332,0,0,0,0,1,0.0,6.194444444444445,7.873127753303965,0
0,1,1,7,1,0.0,0.0,0.0,0.0,0.0,0.0,0.0,0,20.65,150.0,0,0,0,1,0,1,0,0,0,0,1,0.0,20.65,0,1,0,0,0,0.0,2.58125,6.928406466512703,0
1,1,0,1,1,0.0,0.0,0.0,0.0,0.0,0.0,0.0,0,70.85,70.85,0,0,1,0,1,0,0,0,0,0,1,0.0,70.85,0,0,0,1,0,1.0,35.425,0.9860821155184412,0
1,0,0,35,1,1.0,0.0,0.0,1.0,0.0,1.0,1.0,1,99.05,3395.8,0,0,1,0,1,0,0,0,0,1,0,4.0,19.81,1,0,0,1,1,1.0,2.7513888888888887,33.941029485257374,1
1,0,0,49,1,0.0,0.0,1.0,1.0,0.0,0.0,1.0,1,89.85,4287.2,1,0,1,0,0,1,0,1,0,0,0,3.0,22.4625,1,1,1,0,0,1.0,1.797,47.18987341772152,2
0,1,1,12,1,0.0,0.0,0.0,0.0,0.0,0.0,0.0,0,21.05,262.05,0,0,0,1,0,0,1,1,0,0,0,0.0,21.05,0,1,1,0,0,0.0,1.6192307692307693,11.884353741496598,0
0,1,0,72,1,1.0,1.0,1.0,1.0,0.0,1.0,1.0,1,110.65,8065.65,1,0,1,0,0,0,1,0,1,0,0,6.0,15.807142857142859,1,1,1,0,0,0.0,1.5157534246575344,72.24048365427674,3
0,1,0,42,1,1.0,0.0,0.0,1.0,1.0,1.0,1.0,1,106.15,4512.7,0,0,1,0,1,0,0,1,0,0,0,5.0,17.691666666666666,1,0,1,1,0,0.0,2.468604651162791,42.11572561829211,2
0,1,0,17,1,1.0,1.0,0.0,0.0,0.0,0.0,0.0,0,78.9,1348.95,1,0,1,0,1,0,0,0,0,1,0,2.0,26.3,0,0,0,1,1,0.0,4.383333333333334,16.882978723404253,1
0,0,0,4,1,0.0,1.0,0.0,1.0,0.0,0.0,0.0,0,56.75,245.15,0,1,0,0,1,0,0,0,0,1,0,2.0,18.916666666666668,0,0,0,0,1,0.0,11.35,4.245021645021645,0
0,1,0,72,1,1.0,0.0,0.0,0.0,0.0,0.0,0.0,0,24.8,1874.3,0,0,0,1,0,0,1,0,1,0,0,1.0,12.4,0,1,1,0,0,0.0,0.33972602739726027,72.64728682170542,3
0,0,0,37,1,0.0,0.0,1.0,0.0,0.0,1.0,1.0,1,96.1,3646.8,0,0,1,0,1,0,0,0,1,0,0,3.0,24.025,1,0,1,1,0,1.0,2.5289473684210524,37.557157569515965,2
0,0,0,69,1,0.0,1.0,0.0,1.0,1.0,1.0,1.0,1,82.45,5555.3,1,1,0,0,0,0,1,0,1,0,0,5.0,13.741666666666667,1,1,1,0,0,0.0,1.177857142857143,66.57040143798682,3
0,0,0,2,0,0.0,0.0,0.0,0.0,1.0,0.0,0.0,0,29.85,75.6,0,1,0,0,1,0,0,1,0,0,0,1.0,14.925,0,0,1,0,0,0.0,9.950000000000001,2.450567260940032,0
0,0,0,60,1,1.0,1.0,0.0,1.0,1.0,0.0,0.0,0,64.75,4039.5,1,1,0,0,0,1,0,0,0,1,0,4.0,12.95,0,1,0,0,0,0.0,1.0614754098360655,61.43726235741445,2
0,1,0,44,1,0.0,1.0,1.0,0.0,1.0,0.0,0.0,1,59.85,2603.95,0,1,0,0,0,1,0,1,0,0,0,3.0,14.9625,0,1,1,0,0,0.0,1.33,42.792933442892355,2
0,0,0,31,1,0.0,1.0,0.0,1.0,1.0,0.0,0.0,0,87.6,2724.25,1,0,1,0,1,0,0,0,0,1,0,3.0,21.9,0,0,0,1,1,0.0,2.7375,30.747742663656886,1
0,1,0,49,1,1.0,1.0,1.0,0.0,0.0,1.0,0.0,1,93.85,4733.1,0,0,1,0,1,0,0,1,0,0,0,4.0,18.77,1,0,1,1,0,0.0,1.8769999999999998,49.90089615181867,2
0,0,1,47,1,0.0,0.0,0.0,0.0,0.0,0.0,0.0,0,20.55,1013.05,0,0,0,1,0,1,0,0,1,0,0,0.0,20.55,0,1,1,0,0,0.0,0.42812500000000003,47.009280742459396,2
0,0,0,10,1,0.0,0.0,0.0,0.0,0.0,0.0,0.0,1,19.9,199.45,1,0,0,1,1,0,0,0,0,0,1,0.0,19.9,0,0,0,0,0,0.0,1.8090909090909089,9.543062200956937,0
1,1,0,72,1,1.0,1.0,1.0,1.0,1.0,0.0,0.0,1,93.05,6735.05,0,0,1,0,0,0,1,1,0,0,0,5.0,15.508333333333333,0,1,1,0,0,0.0,1.2746575342465754,71.6113769271664,3
0,1,0,70,1,0.0,0.0,0.0,0.0,0.0,0.0,0.0,0,19.8,1397.65,1,0,0,1,0,0,1,1,0,0,0,0.0,19.8,0,1,1,0,0,0.0,0.27887323943661974,67.19471153846155,3
0,1,1,54,1,1.0,0.0,0.0,1.0,0.0,0.0,1.0,0,63.35,3409.1,0,1,0,0,0,0,1,0,1,0,0,3.0,15.8375,1,1,1,0,0,0.0,1.1518181818181819,52.97746697746698,2
0,0,0,10,1,0.0,1.0,0.0,0.0,1.0,1.0,0.0,0,62.25,612.95,0,1,0,0,1,0,0,1,0,0,0,3.0,15.5625,1,0,1,0,0,0.0,5.659090909090909,9.690909090909091,0
0,0,0,11,1,0.0,0.0,0.0,0.0,0.0,0.0,0.0,0,20.05,237.7,1,0,0,1,0,1,0,0,1,0,0,0.0,20.05,0,1,1,0,0,0.0,1.6708333333333334,11.292161520190023,0
0,1,1,41,1,0.0,1.0,0.0,0.0,1.0,1.0,1.0,1,74.7,3187.65,1,1,0,0,0,1,0,0,1,0,0,4.0,14.940000000000001,1,1,1,0,0,0.0,1.7785714285714287,42.10898282694848,2
1,1,0,69,0,0.0,0.0,0.0,1.0,0.0,0.0,0.0,1,29.8,2134.3,0,1,0,0,0,1,0,0,1,0,0,1.0,14.9,0,1,1,0,0,0.0,0.4257142857142857,69.29545454545455,3
0,1,1,20,1,1.0,0.0,0.0,0.0,0.0,0.0,0.0,1,25.55,507.4,1,0,0,1,1,0,0,1,0,0,0,1.0,12.775,0,0,1,0,0,0.0,1.2166666666666668,19.11111111111111,1
1,0,0,1,1,0.0,0.0,0.0,0.0,0.0,0.0,0.0,0,45.25,45.25,0,1,0,0,1,0,0,1,0,0,0,0.0,45.25,0,0,1,0,0,0.0,22.625,0.9783783783783784,0
0,1,0,31,1,1.0,1.0,1.0,0.0,1.0,0.0,0.0,1,90.55,2929.75,0,0,1,0,1,0,0,0,1,0,0,4.0,18.11,0,0,1,1,0,0.0,2.8296875,32.00163844893501,1
1,1,0,6,1,0.0,0.0,1.0,0.0,0.0,0.0,1.0,1,84.2,519.15,0,0,1,0,1,0,0,0,0,1,0,2.0,28.066666666666666,1,0,0,1,1,1.0,12.028571428571428,6.093309859154929,0
1,1,0,25,1,1.0,1.0,0.0,0.0,1.0,1.0,0.0,1,69.5,1752.65,1,1,0,0,1,0,0,0,1,0,0,4.0,13.9,1,0,1,0,0,0.0,2.673076923076923,24.860283687943262,1
0,0,0,56,1,0.0,0.0,0.0,0.0,0.0,0.0,0.0,0,19.7,1051.9,1,0,0,1,0,0,1,1,0,0,0,0.0,19.7,0,1,1,0,0,0.0,0.34561403508771926,50.816425120772955,2
0,0,0,12,1,1.0,0.0,0.0,0.0,0.0,0.0,0.0,0,24.95,280.4,0,0,0,1,0,1,0,0,1,0,0,1.0,12.475,0,1,1,0,0,0.0,1.919230769230769,10.805394990366088,0
0,1,1,24,0,0.0,1.0,1.0,1.0,0.0,1.0,1.0,0,57.6,1367.75,1,1,0,0,0,1,0,0,0,1,0,5.0,9.6,1,1,0,0,0,0.0,2.3040000000000003,23.340443686006825,1
0,1,0,65,1,1.0,0.0,1.0,1.0,1.0,1.0,1.0,1,108.05,7118.9,1,0,1,0,0,1,0,0,1,0,0,6.0,15.435714285714285,1,1,1,0,0,0.0,1.637121212121212,65.28106373223292,3
0,1,0,47,1,0.0,0.0,1.0,0.0,0.0,1.0,0.0,1,58.6,2723.4,1,1,0,0,1,0,0,1,0,0,0,2.0,19.533333333333335,1,0,1,0,0,0.0,1.2208333333333334,45.69463087248322,2
0,1,1,70,1,1.0,1.0,1.0,1.0,1.0,1.0,1.0,1,113.05,7869.05,1,0,1,0,0,0,1,0,1,0,0,7.0,14.13125,1,1,1,0,0,0.0,1.5922535211267606,68.99649276633056,3
0,1,0,69,1,1.0,0.0,0.0,1.0,0.0,1.0,1.0,0,99.5,6841.45,0,0,1,0,0,1,0,1,0,0,0,4.0,19.9,1,1,1,0,0,1.0,1.4214285714285715,68.07412935323383,3
0,1,1,17,1,1.0,1.0,0.0,1.0,0.0,1.0,0.0,0,94.4,1607.2,1,0,1,0,1,0,0,0,0,1,0,4.0,18.880000000000003,1,0,0,1,1,0.0,5.2444444444444445,16.846960167714883,1
1,0,0,12,0,0.0,0.0,0.0,1.0,1.0,0.0,1.0,1,43.65,526.95,0,1,0,0,1,0,0,0,0,1,0,3.0,10.9125,1,0,0,0,1,0.0,3.3576923076923078,11.80179171332587,0
0,1,1,13,1,0.0,1.0,0.0,0.0,0.0,0.0,1.0,0,84.05,1095.3,0,0,1,0,1,0,0,0,0,1,0,2.0,28.016666666666666,1,0,0,1,1,0.0,6.003571428571428,12.878306878306878,1
1,1,1,4,1,0.0,0.0,0.0,0.0,0.0,0.0,0.0,0,46.0,181.6,1,1,0,0,1,0,0,0,0,1,0,0.0,46.0,0,0,0,0,1,0.0,9.2,3.8638297872340424,0
0,1,0,1,1,0.0,0.0,0.0,1.0,0.0,0.0,0.0,0,76.2,76.2,0,0,1,0,1,0,0,0,0,1,0,1.0,38.1,0,0,0,1,1,1.0,38.1,0.9870466321243523,0
1,0,0,1,0,0.0,0.0,0.0,0.0,0.0,0.0,0.0,1,25.8,25.8,1,1,0,0,1,0,0,0,0,0,1,0.0,25.8,0,0,0,0,0,0.0,12.9,0.9626865671641791,0
0,0,0,70,1,1.0,1.0,1.0,1.0,1.0,1.0,1.0,1,111.95,7795.95,1,0,1,0,0,0,1,0,1,0,0,7.0,13.99375,1,1,1,0,0,0.0,1.5767605633802817,69.02124833997344,3
0,0,0,1,1,0.0,0.0,0.0,0.0,0.0,0.0,0.0,1,19.65,19.65,0,0,0,1,1,0,0,1,0,0,0,0.0,19.65,0,0,1,0,0,0.0,9.825,0.9515738498789347,0
0,0,0,1,1,0.0,0.0,0.0,0.0,0.0,0.0,0.0,1,20.2,20.2,0,0,0,1,1,0,0,0,0,0,1,0.0,20.2,0,0,0,0,0,0.0,10.1,0.9528301886792453,0
0,1,1,42,1,1.0,1.0,1.0,0.0,0.0,1.0,0.0,1,94.45,3923.8,1,0,1,0,0,1,0,0,1,0,0,4.0,18.89,1,1,1,0,0,0.0,2.1965116279069767,41.10843373493976,2
0,1,1,10,1,0.0,0.0,0.0,0.0,0.0,0.0,0.0,1,19.8,196.75,1,0,0,1,1,0,0,1,0,0,0,0.0,19.8,0,0,1,0,0,0.0,1.8,9.459134615384615,0
1,1,1,55,1,1.0,1.0,0.0,1.0,1.0,1.0,0.0,0,76.25,4154.55,1,1,0,0,0,1,0,0,0,1,0,5.0,12.708333333333334,1,1,0,0,0,0.0,1.3616071428571428,53.78058252427185,2
1,1,0,26,1,1.0,0.0,1.0,1.0,0.0,0.0,1.0,1,93.85,2381.55,1,0,1,0,1,0,0,0,0,1,0,4.0,18.77,1,0,0,1,1,1.0,3.475925925925926,25.10859251449658,1
0,0,0,36,1,0.0,1.0,1.0,1.0,1.0,1.0,1.0,0,85.85,3003.55,1,1,0,0,0,1,0,1,0,0,0,6.0,12.264285714285714,1,1,1,0,0,0.0,2.32027027027027,34.58318940702361,1
0,1,0,22,1,0.0,0.0,0.0,0.0,0.0,0.0,0.0,1,69.25,1554.0,1,0,1,0,1,0,0,0,0,1,0,0.0,69.25,0,0,0,1,1,1.0,3.010869565217391,22.12099644128114,1
0,0,0,12,1,0.0,0.0,1.0,0.0,0.0,0.0,1.0,1,84.6,1017.35,1,0,1,0,1,0,0,0,0,1,0,2.0,28.2,1,0,0,1,1,1.0,6.507692307692308,11.884929906542057,0
0,1,1,72,1,1.0,1.0,1.0,1.0,1.0,0.0,1.0,1,79.5,5661.7,1,1,0,0,0,0,1,1,0,0,0,6.0,11.357142857142858,1,1,1,0,0,0.0,1.0890410958904109,70.33167701863354,3
0,0,0,1,0,0.0,0.0,0.0,0.0,0.0,0.0,1.0,1,35.45,35.45,0,1,0,0,1,0,0,0,0,1,0,1.0,17.725,1,0,0,0,1,0.0,17.725,0.9725651577503429,0
0,0,0,21,1,0.0,0.0,0.0,0.0,0.0,0.0,0.0,0,20.0,417.7,0,0,0,1,1,0,0,0,0,0,1,0.0,20.0,0,0,0,0,0,0.0,0.9090909090909091,19.89047619047619,1
1,0,0,14,1,1.0,0.0,0.0,1.0,0.0,0.0,0.0,1,80.35,1058.1,1,0,1,0,1,0,0,1,0,0,0,2.0,26.78333333333333,0,0,1,1,0,1.0,5.3566666666666665,13.006760909649662,1
0,0,0,8,1,1.0,1.0,0.0,0.0,1.0,1.0,1.0,1,103.35,847.3,1,0,1,0,1,0,0,1,0,0,0,5.0,17.224999999999998,1,0,1,1,0,0.0,11.483333333333333,8.119789171058937,0
0,0,0,17,1,1.0,0.0,0.0,1.0,1.0,0.0,0.0,0,86.75,1410.25,0,0,1,0,0,1,0,0,0,1,0,3.0,21.6875,0,1,0,0,0,0.0,4.819444444444445,16.071225071225072,1
0,0,0,10,1,1.0,0.0,1.0,1.0,0.0,0.0,1.0,1,95.25,1021.55,0,0,1,0,1,0,0,0,0,1,0,4.0,19.05,1,0,0,1,1,1.0,8.659090909090908,10.613506493506494,0
0,1,0,48,1,1.0,0.0,0.0,1.0,1.0,0.0,1.0,1,69.55,3435.6,1,1,0,0,0,1,0,0,0,0,1,4.0,13.91,1,1,0,0,0,0.0,1.4193877551020408,48.69737774627924,2
0,0,0,29,1,0.0,0.0,0.0,1.0,0.0,0.0,0.0,0,48.95,1323.7,0,1,0,0,1,0,0,1,0,0,0,1.0,24.475,0,0,1,0,0,0.0,1.6316666666666668,26.5005005005005,1
0,0,0,2,0,0.0,0.0,0.0,0.0,0.0,0.0,1.0,1,34.7,62.25,1,1,0,0,1,0,0,0,0,1,0,1.0,17.35,1,0,0,0,1,0.0,11.566666666666668,1.7436974789915964,0
0,0,0,42,1,0.0,0.0,0.0,0.0,0.0,0.0,0.0,1,19.55,839.4,0,0,0,1,0,1,0,0,0,0,1,0.0,19.55,0,1,0,0,0,0.0,0.45465116279069767,40.84671532846715,2
0,1,0,60,1,1.0,0.0,0.0,0.0,0.0,0.0,0.0,0,24.15,1505.9,0,0,0,1,0,1,0,1,0,0,0,1.0,12.075,0,1,1,0,0,0.0,0.39590163934426226,59.87673956262426,2
1,0,0,5,1,0.0,0.0,0.0,0.0,0.0,0.0,0.0,1,70.25,331.9,0,0,1,0,1,0,0,0,0,0,1,0.0,70.25,0,0,0,1,0,1.0,11.708333333333334,4.658245614035088,0
1,0,0,28,1,1.0,0.0,1.0,1.0,1.0,0.0,0.0,0,64.45,1867.6,1,1,0,0,1,0,0,1,0,0,0,4.0,12.89,0,0,1,0,0,0.0,2.222413793103448,28.534759358288767,1
1,1,1,8,1,0.0,0.0,0.0,0.0,0.0,1.0,0.0,1,80.45,583.45,0,0,1,0,1,0,0,0,1,0,0,1.0,40.225,1,0,1,1,0,1.0,8.93888888888889,7.16329036218539,0
0,1,0,24,1,0.0,1.0,0.0,0.0,1.0,1.0,1.0,0,74.4,1712.9,0,1,0,0,0,1,0,1,0,0,0,4.0,14.88,1,1,1,0,0,0.0,2.9760000000000004,22.717506631299734,1
0,0,0,13,1,0.0,0.0,0.0,0.0,0.0,0.0,0.0,1,19.95,253.8,0,0,0,1,0,1,0,0,0,1,0,0.0,19.95,0,1,0,0,0,0.0,1.425,12.1145584725537,1
1,0,0,31,1,1.0,0.0,0.0,0.0,0.0,0.0,0.0,1,73.9,2217.15,1,0,1,0,1,0,0,0,0,1,0,1.0,36.95,0,0,0,1,1,1.0,2.309375,29.60146862483311,1
0,0,0,10,1,0.0,0.0,0.0,0.0,0.0,0.0,0.0,0,20.35,176.3,0,0,0,1,0,1,0,0,0,0,1,0.0,20.35,0,1,0,0,0,0.0,1.85,8.257611241217798,0
0,0,1,3,1,0.0,1.0,0.0,0.0,1.0,0.0,0.0,1,55.1,154.65,1,1,0,0,1,0,0,0,0,0,1,2.0,18.366666666666667,0,0,0,0,0,0.0,13.775,2.7566844919786098,0
0,0,0,60,0,0.0,0.0,1.0,0.0,0.0,1.0,1.0,1,50.8,3027.4,1,1,0,0,1,0,0,0,0,1,0,3.0,12.7,1,0,0,0,1,0.0,0.8327868852459016,58.44401544401545,2
0,0,0,30,0,0.0,0.0,0.0,0.0,1.0,0.0,1.0,1,40.35,1187.05,1,1,0,0,0,1,0,0,1,0,0,2.0,13.450000000000001,1,1,1,0,0,0.0,1.3016129032258066,28.70737605804111,1
0,1,1,66,1,0.0,0.0,0.0,0.0,1.0,0.0,0.0,1,49.4,3251.85,1,1,0,0,0,1,0,0,1,0,0,1.0,24.7,0,1,1,0,0,0.0,0.7373134328358208,64.52083333333333,3
0,1,1,65,1,0.0,1.0,1.0,1.0,0.0,0.0,0.0,0,61.35,3874.1,1,1,0,0,0,1,0,1,0,0,0,3.0,15.3375,0,1,1,0,0,0.0,0.9295454545454546,62.13472333600641,3
0,0,0,4,0,0.0,1.0,0.0,0.0,0.0,0.0,0.0,1,29.15,110.05,1,1,0,0,1,0,0,0,0,0,1,1.0,14.575,0,0,0,0,0,0.0,5.83,3.6500829187396353,0
0,1,0,72,1,1.0,1.0,1.0,1.0,1.0,0.0,0.0,1,67.8,4804.65,0,1,0,0,0,0,1,1,0,0,0,5.0,11.299999999999999,0,1,1,0,0,0.0,0.9287671232876712,69.83502906976744,3
0,1,0,72,1,1.0,1.0,1.0,1.0,1.0,0.0,0.0,1,97.0,7104.2,1,0,1,0,0,0,1,1,0,0,0,5.0,16.166666666666668,0,1,1,0,0,0.0,1.3287671232876712,72.49183673469388,3
0,0,1,2,1,0.0,0.0,0.0,0.0,0.0,0.0,0.0,0,20.4,42.9,0,0,0,1,1,0,0,0,0,0,1,0.0,20.4,0,0,0,0,0,0.0,6.8,2.004672897196262,0
0,0,0,15,1,1.0,0.0,0.0,0.0,0.0,1.0,1.0,1,93.35,1444.65,0,0,1,0,1,0,0,0,0,1,0,3.0,23.3375,1,0,0,1,1,1.0,5.834375,15.31160572337043,1
0,0,0,21,1,0.0,0.0,1.0,1.0,1.0,1.0,1.0,1,104.55,2239.4,1,0,1,0,0,1,0,0,0,0,1,5.0,17.425,1,1,0,0,0,0.0,4.752272727272727,21.21648507816201,1
1,1,0,29,1,1.0,0.0,0.0,0.0,0.0,1.0,1.0,1,94.45,2653.65,0,0,1,0,1,0,0,0,0,1,0,3.0,23.6125,1,0,0,1,1,1.0,3.1483333333333334,27.801466736511262,1
0,0,0,41,1,1.0,0.0,1.0,1.0,0.0,1.0,1.0,1,104.7,4346.4,0,0,1,0,1,0,0,0,0,1,0,5.0,17.45,1,0,0,1,1,1.0,2.492857142857143,41.120151371807,2
0,0,1,10,0,0.0,1.0,1.0,0.0,1.0,0.0,0.0,0,40.25,411.45,1,1,0,0,0,1,0,0,0,0,1,3.0,10.0625,0,1,0,0,0,0.0,3.659090909090909,9.974545454545455,0
0,1,0,2,1,0.0,0.0,0.0,0.0,0.0,0.0,0.0,1,44.6,80.55,1,1,0,0,1,0,0,0,1,0,0,0.0,44.6,0,0,1,0,0,0.0,14.866666666666667,1.7664473684210524,0
0,0,0,69,1,1.0,0.0,0.0,1.0,1.0,1.0,1.0,1,106.5,7348.8,0,0,1,0,0,0,1,1,0,0,0,5.0,17.75,1,1,1,0,0,0.0,1.5214285714285714,68.36093023255815,3
1,0,0,3,1,1.0,0.0,1.0,1.0,0.0,1.0,1.0,1,105.0,294.45,0,0,1,0,1,0,0,0,0,1,0,5.0,17.5,1,0,0,1,1,1.0,26.25,2.7778301886792454,0
0,0,0,68,1,1.0,0.0,0.0,0.0,0.0,0.0,0.0,1,24.15,1498.85,0,0,0,1,0,0,1,1,0,0,0,1.0,12.075,0,1,1,0,0,0.0,0.35,59.59642147117296,3
0,0,0,4,1,0.0,0.0,0.0,0.0,0.0,0.0,0.0,0,19.4,93.4,0,0,0,1,1,0,0,0,0,0,1,0.0,19.4,0,0,0,0,0,0.0,3.88,4.57843137254902,0
0,1,1,50,1,1.0,1.0,0.0,0.0,1.0,1.0,0.0,1,70.5,3486.65,0,1,0,0,0,0,1,0,1,0,0,4.0,14.1,1,1,1,0,0,0.0,1.3823529411764706,48.76433566433567,2
1,0,0,33,1,1.0,0.0,1.0,1.0,1.0,1.0,1.0,1,110.45,3655.45,1,0,1,0,1,0,0,0,0,1,0,6.0,15.778571428571428,1,0,0,1,1,0.0,3.248529411764706,32.799013010318525,1
0,0,0,26,1,0.0,0.0,1.0,0.0,0.0,1.0,0.0,1,85.75,2146.5,0,0,1,0,1,0,0,0,0,1,0,2.0,28.583333333333332,1,0,0,1,1,1.0,3.175925925925926,24.743515850144092,1
0,0,1,39,1,1.0,0.0,0.0,0.0,0.0,0.0,0.0,0,25.0,1004.35,0,0,0,1,0,0,1,0,0,0,1,1.0,12.5,0,1,0,0,0,0.0,0.625,38.628846153846155,2
0,0,0,4,1,0.0,1.0,0.0,0.0,0.0,0.0,0.0,1,50.55,235.65,1,1,0,0,1,0,0,1,0,0,0,1.0,25.275,0,0,1,0,0,0.0,10.11,4.571290009699322,0
0,1,1,24,1,1.0,0.0,1.0,1.0,0.0,0.0,0.0,0,83.15,2033.05,1,0,1,0,0,1,0,1,0,0,0,3.0,20.7875,0,1,1,0,0,1.0,3.326,24.159833630421865,1
0,1,1,72,1,1.0,1.0,1.0,1.0,1.0,1.0,1.0,0,114.55,8306.05,0,0,1,0,0,0,1,1,0,0,0,7.0,14.31875,1,1,1,0,0,0.0,1.5691780821917807,71.88273474686282,3
0,0,0,29,1,0.0,0.0,0.0,0.0,0.0,0.0,0.0,0,20.35,617.35,1,0,0,1,0,1,0,0,0,0,1,0.0,20.35,0,1,0,0,0,0.0,0.6783333333333333,28.915690866510538,1
0,0,0,1,1,0.0,0.0,0.0,1.0,0.0,0.0,0.0,0,75.55,75.55,1,0,1,0,1,0,0,0,0,1,0,1.0,37.775,0,0,0,1,1,1.0,37.775,0.9869366427171783,0
0,1,0,68,1,1.0,0.0,0.0,0.0,0.0,0.0,0.0,0,25.25,1728.2,0,0,0,1,0,0,1,1,0,0,0,1.0,12.625,0,1,1,0,0,0.0,0.36594202898550726,65.83619047619048,3
0,0,1,4,1,1.0,0.0,1.0,1.0,0.0,0.0,0.0,0,84.05,333.55,1,0,1,0,1,0,0,1,0,0,0,3.0,21.0125,0,0,1,1,0,1.0,16.81,3.9218106995884776,0
0,1,1,51,0,0.0,1.0,0.0,0.0,1.0,0.0,0.0,0,34.2,1782.0,1,1,0,0,0,0,1,1,0,0,0,2.0,11.4,0,1,1,0,0,0.0,0.6576923076923078,50.62499999999999,2
0,0,1,23,1,0.0,0.0,1.0,0.0,1.0,0.0,0.0,0,54.15,1312.45,0,1,0,0,1,0,0,0,0,1,0,2.0,18.05,0,0,0,0,1,0.0,2.25625,23.797824116047146,1
1,1,0,65,1,0.0,0.0,0.0,0.0,0.0,0.0,0.0,1,70.95,4555.2,0,0,1,0,0,1,0,1,0,0,0,0.0,70.95,0,1,1,0,0,1.0,1.075,63.31063238359972,3
1,0,0,15,1,0.0,0.0,1.0,0.0,0.0,0.0,0.0,1,75.3,1147.45,1,0,1,0,1,0,0,0,1,0,0,1.0,37.65,0,0,1,1,0,1.0,4.70625,15.038663171690695,1
0,1,1,36,1,1.0,1.0,1.0,1.0,1.0,1.0,1.0,1,92.9,3379.25,1,1,0,0,0,0,1,0,1,0,0,7.0,11.6125,1,1,1,0,0,0.0,2.510810810810811,35.987752928647495,1
0,1,1,10,1,0.0,0.0,1.0,1.0,0.0,0.0,1.0,1,65.9,660.05,1,1,0,0,0,1,0,0,0,0,1,3.0,16.475,1,1,0,0,0,0.0,5.990909090909091,9.866218236173392,0
1,0,0,1,1,1.0,0.0,0.0,0.0,0.0,0.0,0.0,1,74.7,74.7,0,0,1,0,1,0,0,0,0,1,0,1.0,37.35,0,0,0,1,1,1.0,37.35,0.9867899603698811,0
